--2024-08-13 16:55:58--  https://github.com/coder/code-server/releases/download/v4.91.1/code-server-4.91.1-linux-amd64.tar.gz
Connecting to 10.99.0.130:3128... connected.
Proxy request sent, awaiting response... 302 Found
Location: https://objects.githubusercontent.com/github-production-release-asset-2e65be/172953845/c1c2ec9c-01d1-495b-bae4-9163fd96a3a8?X-Amz-Algorithm=AWS4-HMAC-SHA256&X-Amz-Credential=releaseassetproduction%2F20240813%2Fus-east-1%2Fs3%2Faws4_request&X-Amz-Date=20240813T205558Z&X-Amz-Expires=300&X-Amz-Signature=fcee51be285b085a91c4318e9c853f0b196ff3e19bf9018e9e0a69c92d7696e2&X-Amz-SignedHeaders=host&actor_id=0&key_id=0&repo_id=172953845&response-content-disposition=attachment%3B%20filename%3Dcode-server-4.91.1-linux-amd64.tar.gz&response-content-type=application%2Foctet-stream [following]
--2024-08-13 16:55:58--  https://objects.githubusercontent.com/github-production-release-asset-2e65be/172953845/c1c2ec9c-01d1-495b-bae4-9163fd96a3a8?X-Amz-Algorithm=AWS4-HMAC-SHA256&X-Amz-Credential=releaseassetproduction%2F20240813%2Fus-east-1%2Fs3%2Faws4_request&X-Amz-Date=20240813T205558Z&X-Amz-Expires=300&X-Amz-Signature=fcee51be285b085a91c4318e9c853f0b196ff3e19bf9018e9e0a69c92d7696e2&X-Amz-SignedHeaders=host&actor_id=0&key_id=0&repo_id=172953845&response-content-disposition=attachment%3B%20filename%3Dcode-server-4.91.1-linux-amd64.tar.gz&response-content-type=application%2Foctet-stream
Connecting to 10.99.0.130:3128... connected.
Proxy request sent, awaiting response... 200 OK
Length: 94760654 (90M) [application/octet-stream]
Saving to: ‘code-server-4.91.1-linux-amd64.tar.gz’

     0K .......... .......... .......... .......... ..........  0% 69.2M 1s
    50K .......... .......... .......... .......... ..........  0% 10.9M 5s
   100K .......... .......... .......... .......... ..........  0% 28.9M 4s
   150K .......... .......... .......... .......... ..........  0% 13.3M 5s
   200K .......... .......... .......... .......... ..........  0%  158M 4s
   250K .......... .......... .......... .......... ..........  0% 60.8M 4s
   300K .......... .......... .......... .......... ..........  0% 68.3M 3s
   350K .......... .......... .......... .......... ..........  0% 70.9M 3s
   400K .......... .......... .......... .......... ..........  0% 21.2M 3s
   450K .......... .......... .......... .......... ..........  0%  152M 3s
   500K .......... .......... .......... .......... ..........  0%  129M 3s
   550K .......... .......... .......... .......... ..........  0%  125M 3s
   600K .......... .......... .......... .......... ..........  0%  144M 2s
   650K .......... .......... .......... .......... ..........  0%  128M 2s
   700K .......... .......... .......... .......... ..........  0%  142M 2s
   750K .......... .......... .......... .......... ..........  0%  134M 2s
   800K .......... .......... .......... .......... ..........  0%  116M 2s
   850K .......... .......... .......... .......... ..........  0%  177M 2s
   900K .......... .......... .......... .......... ..........  1% 22.6M 2s
   950K .......... .......... .......... .......... ..........  1%  159M 2s
  1000K .......... .......... .......... .......... ..........  1%  222M 2s
  1050K .......... .......... .......... .......... ..........  1%  222M 2s
  1100K .......... .......... .......... .......... ..........  1%  197M 2s
  1150K .......... .......... .......... .......... ..........  1%  225M 2s
  1200K .......... .......... .......... .......... ..........  1%  221M 2s
  1250K .......... .......... .......... .......... ..........  1%  226M 2s
  1300K .......... .......... .......... .......... ..........  1%  182M 2s
  1350K .......... .......... .......... .......... ..........  1%  239M 1s
  1400K .......... .......... .......... .......... ..........  1%  230M 1s
  1450K .......... .......... .......... .......... ..........  1%  226M 1s
  1500K .......... .......... .......... .......... ..........  1%  200M 1s
  1550K .......... .......... .......... .......... ..........  1%  230M 1s
  1600K .......... .......... .......... .......... ..........  1%  239M 1s
  1650K .......... .......... .......... .......... ..........  1%  241M 1s
  1700K .......... .......... .......... .......... ..........  1%  198M 1s
  1750K .......... .......... .......... .......... ..........  1% 49.6M 1s
  1800K .......... .......... .......... .......... ..........  1%  165M 1s
  1850K .......... .......... .......... .......... ..........  2%  225M 1s
  1900K .......... .......... .......... .......... ..........  2%  198M 1s
  1950K .......... .......... .......... .......... ..........  2%  218M 1s
  2000K .......... .......... .......... .......... ..........  2%  204M 1s
  2050K .......... .......... .......... .......... ..........  2%  222M 1s
  2100K .......... .......... .......... .......... ..........  2%  191M 1s
  2150K .......... .......... .......... .......... ..........  2%  223M 1s
  2200K .......... .......... .......... .......... ..........  2%  204M 1s
  2250K .......... .......... .......... .......... ..........  2%  225M 1s
  2300K .......... .......... .......... .......... ..........  2%  200M 1s
  2350K .......... .......... .......... .......... ..........  2%  224M 1s
  2400K .......... .......... .......... .......... ..........  2%  213M 1s
  2450K .......... .......... .......... .......... ..........  2%  215M 1s
  2500K .......... .......... .......... .......... ..........  2%  194M 1s
  2550K .......... .......... .......... .......... ..........  2%  236M 1s
  2600K .......... .......... .......... .......... ..........  2%  238M 1s
  2650K .......... .......... .......... .......... ..........  2%  228M 1s
  2700K .......... .......... .......... .......... ..........  2%  213M 1s
  2750K .......... .......... .......... .......... ..........  3%  242M 1s
  2800K .......... .......... .......... .......... ..........  3%  193M 1s
  2850K .......... .......... .......... .......... ..........  3%  381M 1s
  2900K .......... .......... .......... .......... ..........  3%  292M 1s
  2950K .......... .......... .......... .......... ..........  3%  364M 1s
  3000K .......... .......... .......... .......... ..........  3%  385M 1s
  3050K .......... .......... .......... .......... ..........  3%  405M 1s
  3100K .......... .......... .......... .......... ..........  3%  389M 1s
  3150K .......... .......... .......... .......... ..........  3%  378M 1s
  3200K .......... .......... .......... .......... ..........  3%  389M 1s
  3250K .......... .......... .......... .......... ..........  3%  413M 1s
  3300K .......... .......... .......... .......... ..........  3%  283M 1s
  3350K .......... .......... .......... .......... ..........  3%  378M 1s
  3400K .......... .......... .......... .......... ..........  3%  389M 1s
  3450K .......... .......... .......... .......... ..........  3%  388M 1s
  3500K .......... .......... .......... .......... ..........  3%  356M 1s
  3550K .......... .......... .......... .......... ..........  3%  394M 1s
  3600K .......... .......... .......... .......... ..........  3%  376M 1s
  3650K .......... .......... .......... .......... ..........  3%  369M 1s
  3700K .......... .......... .......... .......... ..........  4%  272M 1s
  3750K .......... .......... .......... .......... ..........  4%  405M 1s
  3800K .......... .......... .......... .......... ..........  4%  391M 1s
  3850K .......... .......... .......... .......... ..........  4%  412M 1s
  3900K .......... .......... .......... .......... ..........  4%  378M 1s
  3950K .......... .......... .......... .......... ..........  4%  396M 1s
  4000K .......... .......... .......... .......... ..........  4%  428M 1s
  4050K .......... .......... .......... .......... ..........  4%  374M 1s
  4100K .......... .......... .......... .......... ..........  4%  325M 1s
  4150K .......... .......... .......... .......... ..........  4%  435M 1s
  4200K .......... .......... .......... .......... ..........  4%  388M 1s
  4250K .......... .......... .......... .......... ..........  4%  431M 1s
  4300K .......... .......... .......... .......... ..........  4%  348M 1s
  4350K .......... .......... .......... .......... ..........  4%  431M 1s
  4400K .......... .......... .......... .......... ..........  4%  412M 1s
  4450K .......... .......... .......... .......... ..........  4%  353M 1s
  4500K .......... .......... .......... .......... ..........  4%  326M 1s
  4550K .......... .......... .......... .......... ..........  4%  415M 1s
  4600K .......... .......... .......... .......... ..........  5%  397M 1s
  4650K .......... .......... .......... .......... ..........  5%  399M 1s
  4700K .......... .......... .......... .......... ..........  5%  355M 1s
  4750K .......... .......... .......... .......... ..........  5%  385M 1s
  4800K .......... .......... .......... .......... ..........  5%  387M 1s
  4850K .......... .......... .......... .......... ..........  5%  371M 1s
  4900K .......... .......... .......... .......... ..........  5%  343M 1s
  4950K .......... .......... .......... .......... ..........  5%  374M 1s
  5000K .......... .......... .......... .......... ..........  5%  386M 1s
  5050K .......... .......... .......... .......... ..........  5%  411M 1s
  5100K .......... .......... .......... .......... ..........  5%  377M 1s
  5150K .......... .......... .......... .......... ..........  5%  414M 1s
  5200K .......... .......... .......... .......... ..........  5%  357M 1s
  5250K .......... .......... .......... .......... ..........  5%  416M 1s
  5300K .......... .......... .......... .......... ..........  5%  341M 1s
  5350K .......... .......... .......... .......... ..........  5%  378M 1s
  5400K .......... .......... .......... .......... ..........  5%  413M 1s
  5450K .......... .......... .......... .......... ..........  5%  401M 1s
  5500K .......... .......... .......... .......... ..........  5%  380M 1s
  5550K .......... .......... .......... .......... ..........  6%  408M 1s
  5600K .......... .......... .......... .......... ..........  6%  379M 1s
  5650K .......... .......... .......... .......... ..........  6%  399M 1s
  5700K .......... .......... .......... .......... ..........  6%  326M 1s
  5750K .......... .......... .......... .......... ..........  6%  412M 1s
  5800K .......... .......... .......... .......... ..........  6%  416M 1s
  5850K .......... .......... .......... .......... ..........  6%  414M 1s
  5900K .......... .......... .......... .......... ..........  6%  363M 1s
  5950K .......... .......... .......... .......... ..........  6%  365M 1s
  6000K .......... .......... .......... .......... ..........  6%  371M 1s
  6050K .......... .......... .......... .......... ..........  6%  324M 1s
  6100K .......... .......... .......... .......... ..........  6%  373M 1s
  6150K .......... .......... .......... .......... ..........  6%  401M 1s
  6200K .......... .......... .......... .......... ..........  6%  371M 1s
  6250K .......... .......... .......... .......... ..........  6%  354M 1s
  6300K .......... .......... .......... .......... ..........  6%  374M 1s
  6350K .......... .......... .......... .......... ..........  6%  361M 1s
  6400K .......... .......... .......... .......... ..........  6%  400M 1s
  6450K .......... .......... .......... .......... ..........  7%  319M 1s
  6500K .......... .......... .......... .......... ..........  7%  401M 1s
  6550K .......... .......... .......... .......... ..........  7%  405M 1s
  6600K .......... .......... .......... .......... ..........  7%  398M 1s
  6650K .......... .......... .......... .......... ..........  7%  347M 1s
  6700K .......... .......... .......... .......... ..........  7%  384M 1s
  6750K .......... .......... .......... .......... ..........  7%  475M 1s
  6800K .......... .......... .......... .......... ..........  7%  528M 1s
  6850K .......... .......... .......... .......... ..........  7%  440M 1s
  6900K .......... .......... .......... .......... ..........  7%  541M 1s
  6950K .......... .......... .......... .......... ..........  7%  591M 0s
  7000K .......... .......... .......... .......... ..........  7%  420M 0s
  7050K .......... .......... .......... .......... ..........  7%  593M 0s
  7100K .......... .......... .......... .......... ..........  7%  504M 0s
  7150K .......... .......... .......... .......... ..........  7%  433M 0s
  7200K .......... .......... .......... .......... ..........  7%  473M 0s
  7250K .......... .......... .......... .......... ..........  7%  486M 0s
  7300K .......... .......... .......... .......... ..........  7%  524M 0s
  7350K .......... .......... .......... .......... ..........  7%  499M 0s
  7400K .......... .......... .......... .......... ..........  8%  401M 0s
  7450K .......... .......... .......... .......... ..........  8%  506M 0s
  7500K .......... .......... .......... .......... ..........  8%  506M 0s
  7550K .......... .......... .......... .......... ..........  8%  487M 0s
  7600K .......... .......... .......... .......... ..........  8%  528M 0s
  7650K .......... .......... .......... .......... ..........  8%  553M 0s
  7700K .......... .......... .......... .......... ..........  8%  602M 0s
  7750K .......... .......... .......... .......... ..........  8%  528M 0s
  7800K .......... .......... .......... .......... ..........  8%  409M 0s
  7850K .......... .......... .......... .......... ..........  8%  565M 0s
  7900K .......... .......... .......... .......... ..........  8%  480M 0s
  7950K .......... .......... .......... .......... ..........  8%  413M 0s
  8000K .......... .......... .......... .......... ..........  8%  507M 0s
  8050K .......... .......... .......... .......... ..........  8%  568M 0s
  8100K .......... .......... .......... .......... ..........  8%  552M 0s
  8150K .......... .......... .......... .......... ..........  8%  395M 0s
  8200K .......... .......... .......... .......... ..........  8%  574M 0s
  8250K .......... .......... .......... .......... ..........  8%  416M 0s
  8300K .......... .......... .......... .......... ..........  9%  584M 0s
  8350K .......... .......... .......... .......... ..........  9%  448M 0s
  8400K .......... .......... .......... .......... ..........  9%  425M 0s
  8450K .......... .......... .......... .......... ..........  9%  575M 0s
  8500K .......... .......... .......... .......... ..........  9%  459M 0s
  8550K .......... .......... .......... .......... ..........  9%  495M 0s
  8600K .......... .......... .......... .......... ..........  9%  554M 0s
  8650K .......... .......... .......... .......... ..........  9%  497M 0s
  8700K .......... .......... .......... .......... ..........  9%  553M 0s
  8750K .......... .......... .......... .......... ..........  9%  412M 0s
  8800K .......... .......... .......... .......... ..........  9%  506M 0s
  8850K .......... .......... .......... .......... ..........  9%  546M 0s
  8900K .......... .......... .......... .......... ..........  9%  555M 0s
  8950K .......... .......... .......... .......... ..........  9%  514M 0s
  9000K .......... .......... .......... .......... ..........  9%  555M 0s
  9050K .......... .......... .......... .......... ..........  9%  561M 0s
  9100K .......... .......... .......... .......... ..........  9%  589M 0s
  9150K .......... .......... .......... .......... ..........  9%  480M 0s
  9200K .......... .......... .......... .......... ..........  9%  546M 0s
  9250K .......... .......... .......... .......... .......... 10%  557M 0s
  9300K .......... .......... .......... .......... .......... 10%  588M 0s
  9350K .......... .......... .......... .......... .......... 10%  523M 0s
  9400K .......... .......... .......... .......... .......... 10%  468M 0s
  9450K .......... .......... .......... .......... .......... 10%  519M 0s
  9500K .......... .......... .......... .......... .......... 10%  558M 0s
  9550K .......... .......... .......... .......... .......... 10%  534M 0s
  9600K .......... .......... .......... .......... .......... 10%  611M 0s
  9650K .......... .......... .......... .......... .......... 10%  602M 0s
  9700K .......... .......... .......... .......... .......... 10%  577M 0s
  9750K .......... .......... .......... .......... .......... 10%  531M 0s
  9800K .......... .......... .......... .......... .......... 10%  588M 0s
  9850K .......... .......... .......... .......... .......... 10%  598M 0s
  9900K .......... .......... .......... .......... .......... 10%  532M 0s
  9950K .......... .......... .......... .......... .......... 10%  472M 0s
 10000K .......... .......... .......... .......... .......... 10%  563M 0s
 10050K .......... .......... .......... .......... .......... 10%  581M 0s
 10100K .......... .......... .......... .......... .......... 10%  599M 0s
 10150K .......... .......... .......... .......... .......... 11%  546M 0s
 10200K .......... .......... .......... .......... .......... 11% 4.30M 0s
 10250K .......... .......... .......... .......... .......... 11%  164M 0s
 10300K .......... .......... .......... .......... .......... 11%  369M 0s
 10350K .......... .......... .......... .......... .......... 11%  367M 0s
 10400K .......... .......... .......... .......... .......... 11%  306M 0s
 10450K .......... .......... .......... .......... .......... 11%  285M 0s
 10500K .......... .......... .......... .......... .......... 11%  289M 0s
 10550K .......... .......... .......... .......... .......... 11%  314M 0s
 10600K .......... .......... .......... .......... .......... 11% 96.6M 0s
 10650K .......... .......... .......... .......... .......... 11%  294M 0s
 10700K .......... .......... .......... .......... .......... 11%  262M 0s
 10750K .......... .......... .......... .......... .......... 11%  280M 0s
 10800K .......... .......... .......... .......... .......... 11%  333M 0s
 10850K .......... .......... .......... .......... .......... 11%  238M 0s
 10900K .......... .......... .......... .......... .......... 11%  230M 0s
 10950K .......... .......... .......... .......... .......... 11%  247M 0s
 11000K .......... .......... .......... .......... .......... 11%  160M 0s
 11050K .......... .......... .......... .......... .......... 11%  220M 0s
 11100K .......... .......... .......... .......... .......... 12%  200M 0s
 11150K .......... .......... .......... .......... .......... 12%  218M 0s
 11200K .......... .......... .......... .......... .......... 12%  214M 0s
 11250K .......... .......... .......... .......... .......... 12%  198M 0s
 11300K .......... .......... .......... .......... .......... 12%  219M 0s
 11350K .......... .......... .......... .......... .......... 12%  252M 0s
 11400K .......... .......... .......... .......... .......... 12%  253M 0s
 11450K .......... .......... .......... .......... .......... 12%  230M 0s
 11500K .......... .......... .......... .......... .......... 12%  193M 0s
 11550K .......... .......... .......... .......... .......... 12%  253M 0s
 11600K .......... .......... .......... .......... .......... 12%  234M 0s
 11650K .......... .......... .......... .......... .......... 12%  206M 0s
 11700K .......... .......... .......... .......... .......... 12%  219M 0s
 11750K .......... .......... .......... .......... .......... 12%  232M 0s
 11800K .......... .......... .......... .......... .......... 12%  238M 0s
 11850K .......... .......... .......... .......... .......... 12%  236M 0s
 11900K .......... .......... .......... .......... .......... 12%  184M 0s
 11950K .......... .......... .......... .......... .......... 12%  240M 0s
 12000K .......... .......... .......... .......... .......... 13%  230M 0s
 12050K .......... .......... .......... .......... .......... 13%  236M 0s
 12100K .......... .......... .......... .......... .......... 13%  199M 0s
 12150K .......... .......... .......... .......... .......... 13%  233M 0s
 12200K .......... .......... .......... .......... .......... 13%  230M 0s
 12250K .......... .......... .......... .......... .......... 13%  220M 0s
 12300K .......... .......... .......... .......... .......... 13%  196M 0s
 12350K .......... .......... .......... .......... .......... 13%  227M 0s
 12400K .......... .......... .......... .......... .......... 13%  240M 0s
 12450K .......... .......... .......... .......... .......... 13%  237M 0s
 12500K .......... .......... .......... .......... .......... 13%  209M 0s
 12550K .......... .......... .......... .......... .......... 13%  245M 0s
 12600K .......... .......... .......... .......... .......... 13%  232M 0s
 12650K .......... .......... .......... .......... .......... 13%  236M 0s
 12700K .......... .......... .......... .......... .......... 13%  203M 0s
 12750K .......... .......... .......... .......... .......... 13%  235M 0s
 12800K .......... .......... .......... .......... .......... 13%  225M 0s
 12850K .......... .......... .......... .......... .......... 13%  237M 0s
 12900K .......... .......... .......... .......... .......... 13%  226M 0s
 12950K .......... .......... .......... .......... .......... 14%  227M 0s
 13000K .......... .......... .......... .......... .......... 14%  241M 0s
 13050K .......... .......... .......... .......... .......... 14%  221M 0s
 13100K .......... .......... .......... .......... .......... 14%  205M 0s
 13150K .......... .......... .......... .......... .......... 14%  245M 0s
 13200K .......... .......... .......... .......... .......... 14%  249M 0s
 13250K .......... .......... .......... .......... .......... 14%  234M 0s
 13300K .......... .......... .......... .......... .......... 14%  318M 0s
 13350K .......... .......... .......... .......... .......... 14%  501M 0s
 13400K .......... .......... .......... .......... .......... 14%  470M 0s
 13450K .......... .......... .......... .......... .......... 14%  506M 0s
 13500K .......... .......... .......... .......... .......... 14%  404M 0s
 13550K .......... .......... .......... .......... .......... 14%  500M 0s
 13600K .......... .......... .......... .......... .......... 14%  519M 0s
 13650K .......... .......... .......... .......... .......... 14%  498M 0s
 13700K .......... .......... .......... .......... .......... 14%  460M 0s
 13750K .......... .......... .......... .......... .......... 14%  417M 0s
 13800K .......... .......... .......... .......... .......... 14%  412M 0s
 13850K .......... .......... .......... .......... .......... 15%  447M 0s
 13900K .......... .......... .......... .......... .......... 15%  459M 0s
 13950K .......... .......... .......... .......... .......... 15%  433M 0s
 14000K .......... .......... .......... .......... .......... 15%  415M 0s
 14050K .......... .......... .......... .......... .......... 15%  452M 0s
 14100K .......... .......... .......... .......... .......... 15%  417M 0s
 14150K .......... .......... .......... .......... .......... 15%  366M 0s
 14200K .......... .......... .......... .......... .......... 15%  410M 0s
 14250K .......... .......... .......... .......... .......... 15%  427M 0s
 14300K .......... .......... .......... .......... .......... 15%  444M 0s
 14350K .......... .......... .......... .......... .......... 15%  421M 0s
 14400K .......... .......... .......... .......... .......... 15%  428M 0s
 14450K .......... .......... .......... .......... .......... 15%  479M 0s
 14500K .......... .......... .......... .......... .......... 15%  454M 0s
 14550K .......... .......... .......... .......... .......... 15%  350M 0s
 14600K .......... .......... .......... .......... .......... 15%  435M 0s
 14650K .......... .......... .......... .......... .......... 15%  476M 0s
 14700K .......... .......... .......... .......... .......... 15%  424M 0s
 14750K .......... .......... .......... .......... .......... 15%  433M 0s
 14800K .......... .......... .......... .......... .......... 16%  435M 0s
 14850K .......... .......... .......... .......... .......... 16%  475M 0s
 14900K .......... .......... .......... .......... .......... 16%  445M 0s
 14950K .......... .......... .......... .......... .......... 16%  357M 0s
 15000K .......... .......... .......... .......... .......... 16%  450M 0s
 15050K .......... .......... .......... .......... .......... 16%  386M 0s
 15100K .......... .......... .......... .......... .......... 16%  478M 0s
 15150K .......... .......... .......... .......... .......... 16%  435M 0s
 15200K .......... .......... .......... .......... .......... 16%  414M 0s
 15250K .......... .......... .......... .......... .......... 16%  454M 0s
 15300K .......... .......... .......... .......... .......... 16%  451M 0s
 15350K .......... .......... .......... .......... .......... 16%  364M 0s
 15400K .......... .......... .......... .......... .......... 16%  486M 0s
 15450K .......... .......... .......... .......... .......... 16%  506M 0s
 15500K .......... .......... .......... .......... .......... 16%  429M 0s
 15550K .......... .......... .......... .......... .......... 16%  425M 0s
 15600K .......... .......... .......... .......... .......... 16%  506M 0s
 15650K .......... .......... .......... .......... .......... 16%  467M 0s
 15700K .......... .......... .......... .......... .......... 17%  473M 0s
 15750K .......... .......... .......... .......... .......... 17%  376M 0s
 15800K .......... .......... .......... .......... .......... 17%  445M 0s
 15850K .......... .......... .......... .......... .......... 17%  478M 0s
 15900K .......... .......... .......... .......... .......... 17%  461M 0s
 15950K .......... .......... .......... .......... .......... 17%  381M 0s
 16000K .......... .......... .......... .......... .......... 17%  504M 0s
 16050K .......... .......... .......... .......... .......... 17%  490M 0s
 16100K .......... .......... .......... .......... .......... 17%  457M 0s
 16150K .......... .......... .......... .......... .......... 17%  376M 0s
 16200K .......... .......... .......... .......... .......... 17%  439M 0s
 16250K .......... .......... .......... .......... .......... 17%  485M 0s
 16300K .......... .......... .......... .......... .......... 17%  442M 0s
 16350K .......... .......... .......... .......... .......... 17%  421M 0s
 16400K .......... .......... .......... .......... .......... 17%  447M 0s
 16450K .......... .......... .......... .......... .......... 17%  433M 0s
 16500K .......... .......... .......... .......... .......... 17%  488M 0s
 16550K .......... .......... .......... .......... .......... 17%  367M 0s
 16600K .......... .......... .......... .......... .......... 17%  499M 0s
 16650K .......... .......... .......... .......... .......... 18%  474M 0s
 16700K .......... .......... .......... .......... .......... 18%  472M 0s
 16750K .......... .......... .......... .......... .......... 18%  454M 0s
 16800K .......... .......... .......... .......... .......... 18%  435M 0s
 16850K .......... .......... .......... .......... .......... 18%  469M 0s
 16900K .......... .......... .......... .......... .......... 18%  407M 0s
 16950K .......... .......... .......... .......... .......... 18%  382M 0s
 17000K .......... .......... .......... .......... .......... 18%  490M 0s
 17050K .......... .......... .......... .......... .......... 18%  439M 0s
 17100K .......... .......... .......... .......... .......... 18%  460M 0s
 17150K .......... .......... .......... .......... .......... 18%  401M 0s
 17200K .......... .......... .......... .......... .......... 18%  462M 0s
 17250K .......... .......... .......... .......... .......... 18%  480M 0s
 17300K .......... .......... .......... .......... .......... 18%  442M 0s
 17350K .......... .......... .......... .......... .......... 18%  335M 0s
 17400K .......... .......... .......... .......... .......... 18%  449M 0s
 17450K .......... .......... .......... .......... .......... 18%  500M 0s
 17500K .......... .......... .......... .......... .......... 18%  462M 0s
 17550K .......... .......... .......... .......... .......... 19%  426M 0s
 17600K .......... .......... .......... .......... .......... 19%  464M 0s
 17650K .......... .......... .......... .......... .......... 19%  492M 0s
 17700K .......... .......... .......... .......... .......... 19%  493M 0s
 17750K .......... .......... .......... .......... .......... 19%  320M 0s
 17800K .......... .......... .......... .......... .......... 19%  490M 0s
 17850K .......... .......... .......... .......... .......... 19%  538M 0s
 17900K .......... .......... .......... .......... .......... 19%  566M 0s
 17950K .......... .......... .......... .......... .......... 19%  456M 0s
 18000K .......... .......... .......... .......... .......... 19%  550M 0s
 18050K .......... .......... .......... .......... .......... 19%  477M 0s
 18100K .......... .......... .......... .......... .......... 19%  505M 0s
 18150K .......... .......... .......... .......... .......... 19%  423M 0s
 18200K .......... .......... .......... .......... .......... 19%  593M 0s
 18250K .......... .......... .......... .......... .......... 19%  501M 0s
 18300K .......... .......... .......... .......... .......... 19%  470M 0s
 18350K .......... .......... .......... .......... .......... 19%  507M 0s
 18400K .......... .......... .......... .......... .......... 19%  501M 0s
 18450K .......... .......... .......... .......... .......... 19%  513M 0s
 18500K .......... .......... .......... .......... .......... 20%  514M 0s
 18550K .......... .......... .......... .......... .......... 20%  392M 0s
 18600K .......... .......... .......... .......... .......... 20%  538M 0s
 18650K .......... .......... .......... .......... .......... 20%  511M 0s
 18700K .......... .......... .......... .......... .......... 20%  535M 0s
 18750K .......... .......... .......... .......... .......... 20%  490M 0s
 18800K .......... .......... .......... .......... .......... 20%  461M 0s
 18850K .......... .......... .......... .......... .......... 20%  555M 0s
 18900K .......... .......... .......... .......... .......... 20%  503M 0s
 18950K .......... .......... .......... .......... .......... 20%  447M 0s
 19000K .......... .......... .......... .......... .......... 20%  529M 0s
 19050K .......... .......... .......... .......... .......... 20%  551M 0s
 19100K .......... .......... .......... .......... .......... 20%  587M 0s
 19150K .......... .......... .......... .......... .......... 20%  524M 0s
 19200K .......... .......... .......... .......... .......... 20%  554M 0s
 19250K .......... .......... .......... .......... .......... 20%  582M 0s
 19300K .......... .......... .......... .......... .......... 20%  442M 0s
 19350K .......... .......... .......... .......... .......... 20%  478M 0s
 19400K .......... .......... .......... .......... .......... 21%  570M 0s
 19450K .......... .......... .......... .......... .......... 21%  580M 0s
 19500K .......... .......... .......... .......... .......... 21%  579M 0s
 19550K .......... .......... .......... .......... .......... 21%  523M 0s
 19600K .......... .......... .......... .......... .......... 21%  583M 0s
 19650K .......... .......... .......... .......... .......... 21%  603M 0s
 19700K .......... .......... .......... .......... .......... 21%  556M 0s
 19750K .......... .......... .......... .......... .......... 21%  488M 0s
 19800K .......... .......... .......... .......... .......... 21%  577M 0s
 19850K .......... .......... .......... .......... .......... 21%  593M 0s
 19900K .......... .......... .......... .......... .......... 21%  530M 0s
 19950K .......... .......... .......... .......... .......... 21%  534M 0s
 20000K .......... .......... .......... .......... .......... 21%  595M 0s
 20050K .......... .......... .......... .......... .......... 21%  571M 0s
 20100K .......... .......... .......... .......... .......... 21%  594M 0s
 20150K .......... .......... .......... .......... .......... 21%  482M 0s
 20200K .......... .......... .......... .......... .......... 21%  589M 0s
 20250K .......... .......... .......... .......... .......... 21%  600M 0s
 20300K .......... .......... .......... .......... .......... 21%  560M 0s
 20350K .......... .......... .......... .......... .......... 22%  546M 0s
 20400K .......... .......... .......... .......... .......... 22%  586M 0s
 20450K .......... .......... .......... .......... .......... 22% 52.2M 0s
 20500K .......... .......... .......... .......... .......... 22%  274M 0s
 20550K .......... .......... .......... .......... .......... 22%  545M 0s
 20600K .......... .......... .......... .......... .......... 22%  417M 0s
 20650K .......... .......... .......... .......... .......... 22%  499M 0s
 20700K .......... .......... .......... .......... .......... 22%  585M 0s
 20750K .......... .......... .......... .......... .......... 22%  582M 0s
 20800K .......... .......... .......... .......... .......... 22%  421M 0s
 20850K .......... .......... .......... .......... .......... 22%  566M 0s
 20900K .......... .......... .......... .......... .......... 22%  294M 0s
 20950K .......... .......... .......... .......... .......... 22%  460M 0s
 21000K .......... .......... .......... .......... .......... 22%  414M 0s
 21050K .......... .......... .......... .......... .......... 22%  564M 0s
 21100K .......... .......... .......... .......... .......... 22%  493M 0s
 21150K .......... .......... .......... .......... .......... 22%  584M 0s
 21200K .......... .......... .......... .......... .......... 22%  484M 0s
 21250K .......... .......... .......... .......... .......... 23%  553M 0s
 21300K .......... .......... .......... .......... .......... 23%  553M 0s
 21350K .......... .......... .......... .......... .......... 23%  568M 0s
 21400K .......... .......... .......... .......... .......... 23%  484M 0s
 21450K .......... .......... .......... .......... .......... 23%  523M 0s
 21500K .......... .......... .......... .......... .......... 23%  469M 0s
 21550K .......... .......... .......... .......... .......... 23%  513M 0s
 21600K .......... .......... .......... .......... .......... 23%  500M 0s
 21650K .......... .......... .......... .......... .......... 23%  599M 0s
 21700K .......... .......... .......... .......... .......... 23%  540M 0s
 21750K .......... .......... .......... .......... .......... 23%  553M 0s
 21800K .......... .......... .......... .......... .......... 23%  455M 0s
 21850K .......... .......... .......... .......... .......... 23%  542M 0s
 21900K .......... .......... .......... .......... .......... 23%  588M 0s
 21950K .......... .......... .......... .......... .......... 23%  566M 0s
 22000K .......... .......... .......... .......... .......... 23%  540M 0s
 22050K .......... .......... .......... .......... .......... 23%  495M 0s
 22100K .......... .......... .......... .......... .......... 23%  582M 0s
 22150K .......... .......... .......... .......... .......... 23%  596M 0s
 22200K .......... .......... .......... .......... .......... 24%  482M 0s
 22250K .......... .......... .......... .......... .......... 24%  589M 0s
 22300K .......... .......... .......... .......... .......... 24%  629M 0s
 22350K .......... .......... .......... .......... .......... 24% 30.6M 0s
 22400K .......... .......... .......... .......... .......... 24%  137M 0s
 22450K .......... .......... .......... .......... .......... 24%  178M 0s
 22500K .......... .......... .......... .......... .......... 24%  181M 0s
 22550K .......... .......... .......... .......... .......... 24%  273M 0s
 22600K .......... .......... .......... .......... .......... 24%  447M 0s
 22650K .......... .......... .......... .......... .......... 24%  488M 0s
 22700K .......... .......... .......... .......... .......... 24%  577M 0s
 22750K .......... .......... .......... .......... .......... 24%  476M 0s
 22800K .......... .......... .......... .......... .......... 24%  576M 0s
 22850K .......... .......... .......... .......... .......... 24%  570M 0s
 22900K .......... .......... .......... .......... .......... 24%  193M 0s
 22950K .......... .......... .......... .......... .......... 24%  413M 0s
 23000K .......... .......... .......... .......... .......... 24%  295M 0s
 23050K .......... .......... .......... .......... .......... 24%  290M 0s
 23100K .......... .......... .......... .......... .......... 25%  427M 0s
 23150K .......... .......... .......... .......... .......... 25%  418M 0s
 23200K .......... .......... .......... .......... .......... 25%  525M 0s
 23250K .......... .......... .......... .......... .......... 25%  445M 0s
 23300K .......... .......... .......... .......... .......... 25%  531M 0s
 23350K .......... .......... .......... .......... .......... 25%  520M 0s
 23400K .......... .......... .......... .......... .......... 25%  140M 0s
 23450K .......... .......... .......... .......... .......... 25%  321M 0s
 23500K .......... .......... .......... .......... .......... 25%  553M 0s
 23550K .......... .......... .......... .......... .......... 25%  416M 0s
 23600K .......... .......... .......... .......... .......... 25%  385M 0s
 23650K .......... .......... .......... .......... .......... 25%  162M 0s
 23700K .......... .......... .......... .......... .......... 25%  514M 0s
 23750K .......... .......... .......... .......... .......... 25%  531M 0s
 23800K .......... .......... .......... .......... .......... 25%  468M 0s
 23850K .......... .......... .......... .......... .......... 25%  537M 0s
 23900K .......... .......... .......... .......... .......... 25%  116M 0s
 23950K .......... .......... .......... .......... .......... 25%  239M 0s
 24000K .......... .......... .......... .......... .......... 25%  576M 0s
 24050K .......... .......... .......... .......... .......... 26%  266M 0s
 24100K .......... .......... .......... .......... .......... 26%  410M 0s
 24150K .......... .......... .......... .......... .......... 26%  535M 0s
 24200K .......... .......... .......... .......... .......... 26%  516M 0s
 24250K .......... .......... .......... .......... .......... 26%  595M 0s
 24300K .......... .......... .......... .......... .......... 26% 59.4M 0s
 24350K .......... .......... .......... .......... .......... 26%  181M 0s
 24400K .......... .......... .......... .......... .......... 26%  511M 0s
 24450K .......... .......... .......... .......... .......... 26%  571M 0s
 24500K .......... .......... .......... .......... .......... 26%  519M 0s
 24550K .......... .......... .......... .......... .......... 26%  565M 0s
 24600K .......... .......... .......... .......... .......... 26%  507M 0s
 24650K .......... .......... .......... .......... .......... 26%  432M 0s
 24700K .......... .......... .......... .......... .......... 26%  543M 0s
 24750K .......... .......... .......... .......... .......... 26%  595M 0s
 24800K .......... .......... .......... .......... .......... 26% 88.0M 0s
 24850K .......... .......... .......... .......... .......... 26%  501M 0s
 24900K .......... .......... .......... .......... .......... 26%  549M 0s
 24950K .......... .......... .......... .......... .......... 27%  501M 0s
 25000K .......... .......... .......... .......... .......... 27%  487M 0s
 25050K .......... .......... .......... .......... .......... 27%  420M 0s
 25100K .......... .......... .......... .......... .......... 27%  404M 0s
 25150K .......... .......... .......... .......... .......... 27%  399M 0s
 25200K .......... .......... .......... .......... .......... 27%  193M 0s
 25250K .......... .......... .......... .......... .......... 27%  550M 0s
 25300K .......... .......... .......... .......... .......... 27%  357M 0s
 25350K .......... .......... .......... .......... .......... 27%  157M 0s
 25400K .......... .......... .......... .......... .......... 27%  172M 0s
 25450K .......... .......... .......... .......... .......... 27%  588M 0s
 25500K .......... .......... .......... .......... .......... 27%  604M 0s
 25550K .......... .......... .......... .......... .......... 27%  254M 0s
 25600K .......... .......... .......... .......... .......... 27%  297M 0s
 25650K .......... .......... .......... .......... .......... 27%  543M 0s
 25700K .......... .......... .......... .......... .......... 27%  580M 0s
 25750K .......... .......... .......... .......... .......... 27%  510M 0s
 25800K .......... .......... .......... .......... .......... 27%  586M 0s
 25850K .......... .......... .......... .......... .......... 27%  152M 0s
 25900K .......... .......... .......... .......... .......... 28%  172M 0s
 25950K .......... .......... .......... .......... .......... 28%  200M 0s
 26000K .......... .......... .......... .......... .......... 28%  553M 0s
 26050K .......... .......... .......... .......... .......... 28%  557M 0s
 26100K .......... .......... .......... .......... .......... 28%  490M 0s
 26150K .......... .......... .......... .......... .......... 28%  452M 0s
 26200K .......... .......... .......... .......... .......... 28%  439M 0s
 26250K .......... .......... .......... .......... .......... 28%  603M 0s
 26300K .......... .......... .......... .......... .......... 28%  609M 0s
 26350K .......... .......... .......... .......... .......... 28% 83.8M 0s
 26400K .......... .......... .......... .......... .......... 28%  182M 0s
 26450K .......... .......... .......... .......... .......... 28%  188M 0s
 26500K .......... .......... .......... .......... .......... 28%  184M 0s
 26550K .......... .......... .......... .......... .......... 28%  181M 0s
 26600K .......... .......... .......... .......... .......... 28%  574M 0s
 26650K .......... .......... .......... .......... .......... 28%  609M 0s
 26700K .......... .......... .......... .......... .......... 28%  562M 0s
 26750K .......... .......... .......... .......... .......... 28%  624M 0s
 26800K .......... .......... .......... .......... .......... 29%  507M 0s
 26850K .......... .......... .......... .......... .......... 29%  137M 0s
 26900K .......... .......... .......... .......... .......... 29%  167M 0s
 26950K .......... .......... .......... .......... .......... 29%  168M 0s
 27000K .......... .......... .......... .......... .......... 29%  191M 0s
 27050K .......... .......... .......... .......... .......... 29%  183M 0s
 27100K .......... .......... .......... .......... .......... 29%  239M 0s
 27150K .......... .......... .......... .......... .......... 29%  469M 0s
 27200K .......... .......... .......... .......... .......... 29%  556M 0s
 27250K .......... .......... .......... .......... .......... 29%  576M 0s
 27300K .......... .......... .......... .......... .......... 29%  594M 0s
 27350K .......... .......... .......... .......... .......... 29%  504M 0s
 27400K .......... .......... .......... .......... .......... 29%  535M 0s
 27450K .......... .......... .......... .......... .......... 29%  507M 0s
 27500K .......... .......... .......... .......... .......... 29%  535M 0s
 27550K .......... .......... .......... .......... .......... 29%  458M 0s
 27600K .......... .......... .......... .......... .......... 29%  520M 0s
 27650K .......... .......... .......... .......... .......... 29%  586M 0s
 27700K .......... .......... .......... .......... .......... 29%  584M 0s
 27750K .......... .......... .......... .......... .......... 30%  523M 0s
 27800K .......... .......... .......... .......... .......... 30%  610M 0s
 27850K .......... .......... .......... .......... .......... 30%  582M 0s
 27900K .......... .......... .......... .......... .......... 30%  581M 0s
 27950K .......... .......... .......... .......... .......... 30%  487M 0s
 28000K .......... .......... .......... .......... .......... 30%  600M 0s
 28050K .......... .......... .......... .......... .......... 30%  513M 0s
 28100K .......... .......... .......... .......... .......... 30%  530M 0s
 28150K .......... .......... .......... .......... .......... 30%  513M 0s
 28200K .......... .......... .......... .......... .......... 30%  600M 0s
 28250K .......... .......... .......... .......... .......... 30%  557M 0s
 28300K .......... .......... .......... .......... .......... 30%  612M 0s
 28350K .......... .......... .......... .......... .......... 30%  457M 0s
 28400K .......... .......... .......... .......... .......... 30%  601M 0s
 28450K .......... .......... .......... .......... .......... 30%  610M 0s
 28500K .......... .......... .......... .......... .......... 30%  557M 0s
 28550K .......... .......... .......... .......... .......... 30%  531M 0s
 28600K .......... .......... .......... .......... .......... 30%  582M 0s
 28650K .......... .......... .......... .......... .......... 31%  574M 0s
 28700K .......... .......... .......... .......... .......... 31%  524M 0s
 28750K .......... .......... .......... .......... .......... 31%  372M 0s
 28800K .......... .......... .......... .......... .......... 31%  250M 0s
 28850K .......... .......... .......... .......... .......... 31%  543M 0s
 28900K .......... .......... .......... .......... .......... 31%  370M 0s
 28950K .......... .......... .......... .......... .......... 31%  559M 0s
 29000K .......... .......... .......... .......... .......... 31%  582M 0s
 29050K .......... .......... .......... .......... .......... 31%  469M 0s
 29100K .......... .......... .......... .......... .......... 31%  336M 0s
 29150K .......... .......... .......... .......... .......... 31%  423M 0s
 29200K .......... .......... .......... .......... .......... 31%  550M 0s
 29250K .......... .......... .......... .......... .......... 31%  588M 0s
 29300K .......... .......... .......... .......... .......... 31%  386M 0s
 29350K .......... .......... .......... .......... .......... 31%  510M 0s
 29400K .......... .......... .......... .......... .......... 31%  421M 0s
 29450K .......... .......... .......... .......... .......... 31%  607M 0s
 29500K .......... .......... .......... .......... .......... 31%  549M 0s
 29550K .......... .......... .......... .......... .......... 31%  475M 0s
 29600K .......... .......... .......... .......... .......... 32%  506M 0s
 29650K .......... .......... .......... .......... .......... 32%  581M 0s
 29700K .......... .......... .......... .......... .......... 32%  526M 0s
 29750K .......... .......... .......... .......... .......... 32%  512M 0s
 29800K .......... .......... .......... .......... .......... 32%  614M 0s
 29850K .......... .......... .......... .......... .......... 32%  546M 0s
 29900K .......... .......... .......... .......... .......... 32%  544M 0s
 29950K .......... .......... .......... .......... .......... 32%  146M 0s
 30000K .......... .......... .......... .......... .......... 32%  570M 0s
 30050K .......... .......... .......... .......... .......... 32%  419M 0s
 30100K .......... .......... .......... .......... .......... 32%  568M 0s
 30150K .......... .......... .......... .......... .......... 32%  519M 0s
 30200K .......... .......... .......... .......... .......... 32% 39.8M 0s
 30250K .......... .......... .......... .......... .......... 32%  176M 0s
 30300K .......... .......... .......... .......... .......... 32%  356M 0s
 30350K .......... .......... .......... .......... .......... 32%  467M 0s
 30400K .......... .......... .......... .......... .......... 32%  585M 0s
 30450K .......... .......... .......... .......... .......... 32%  595M 0s
 30500K .......... .......... .......... .......... .......... 33%  489M 0s
 30550K .......... .......... .......... .......... .......... 33%  339M 0s
 30600K .......... .......... .......... .......... .......... 33%  483M 0s
 30650K .......... .......... .......... .......... .......... 33%  567M 0s
 30700K .......... .......... .......... .......... .......... 33% 3.00M 0s
 30750K .......... .......... .......... .......... .......... 33%  130M 0s
 30800K .......... .......... .......... .......... .......... 33% 25.1M 0s
 30850K .......... .......... .......... .......... .......... 33%  436M 0s
 30900K .......... .......... .......... .......... .......... 33% 30.7M 0s
 30950K .......... .......... .......... .......... .......... 33% 32.3M 0s
 31000K .......... .......... .......... .......... .......... 33% 64.4M 0s
 31050K .......... .......... .......... .......... .......... 33% 27.5M 0s
 31100K .......... .......... .......... .......... .......... 33% 30.8M 0s
 31150K .......... .......... .......... .......... .......... 33%  191M 0s
 31200K .......... .......... .......... .......... .......... 33% 43.7M 0s
 31250K .......... .......... .......... .......... .......... 33% 45.1M 0s
 31300K .......... .......... .......... .......... .......... 33% 56.2M 0s
 31350K .......... .......... .......... .......... .......... 33% 66.9M 0s
 31400K .......... .......... .......... .......... .......... 33%  185M 0s
 31450K .......... .......... .......... .......... .......... 34% 69.6M 0s
 31500K .......... .......... .......... .......... .......... 34% 75.9M 0s
 31550K .......... .......... .......... .......... .......... 34%  151M 0s
 31600K .......... .......... .......... .......... .......... 34%  120M 0s
 31650K .......... .......... .......... .......... .......... 34%  132M 0s
 31700K .......... .......... .......... .......... .......... 34%  259M 0s
 31750K .......... .......... .......... .......... .......... 34%  109M 0s
 31800K .......... .......... .......... .......... .......... 34%  354M 0s
 31850K .......... .......... .......... .......... .......... 34%  166M 0s
 31900K .......... .......... .......... .......... .......... 34%  245M 0s
 31950K .......... .......... .......... .......... .......... 34%  273M 0s
 32000K .......... .......... .......... .......... .......... 34%  123M 0s
 32050K .......... .......... .......... .......... .......... 34%  152M 0s
 32100K .......... .......... .......... .......... .......... 34%  191M 0s
 32150K .......... .......... .......... .......... .......... 34%  191M 0s
 32200K .......... .......... .......... .......... .......... 34%  167M 0s
 32250K .......... .......... .......... .......... .......... 34%  220M 0s
 32300K .......... .......... .......... .......... .......... 34%  182M 0s
 32350K .......... .......... .......... .......... .......... 35%  184M 0s
 32400K .......... .......... .......... .......... .......... 35%  169M 0s
 32450K .......... .......... .......... .......... .......... 35%  206M 0s
 32500K .......... .......... .......... .......... .......... 35%  189M 0s
 32550K .......... .......... .......... .......... .......... 35%  203M 0s
 32600K .......... .......... .......... .......... .......... 35%  175M 0s
 32650K .......... .......... .......... .......... .......... 35%  217M 0s
 32700K .......... .......... .......... .......... .......... 35%  184M 0s
 32750K .......... .......... .......... .......... .......... 35%  172M 0s
 32800K .......... .......... .......... .......... .......... 35%  205M 0s
 32850K .......... .......... .......... .......... .......... 35%  203M 0s
 32900K .......... .......... .......... .......... .......... 35%  193M 0s
 32950K .......... .......... .......... .......... .......... 35%  159M 0s
 33000K .......... .......... .......... .......... .......... 35%  199M 0s
 33050K .......... .......... .......... .......... .......... 35%  201M 0s
 33100K .......... .......... .......... .......... .......... 35%  191M 0s
 33150K .......... .......... .......... .......... .......... 35%  157M 0s
 33200K .......... .......... .......... .......... .......... 35%  201M 0s
 33250K .......... .......... .......... .......... .......... 35%  202M 0s
 33300K .......... .......... .......... .......... .......... 36%  195M 0s
 33350K .......... .......... .......... .......... .......... 36%  163M 0s
 33400K .......... .......... .......... .......... .......... 36%  185M 0s
 33450K .......... .......... .......... .......... .......... 36%  199M 0s
 33500K .......... .......... .......... .......... .......... 36%  193M 0s
 33550K .......... .......... .......... .......... .......... 36%  154M 0s
 33600K .......... .......... .......... .......... .......... 36%  204M 0s
 33650K .......... .......... .......... .......... .......... 36%  196M 0s
 33700K .......... .......... .......... .......... .......... 36%  189M 0s
 33750K .......... .......... .......... .......... .......... 36%  177M 0s
 33800K .......... .......... .......... .......... .......... 36%  198M 0s
 33850K .......... .......... .......... .......... .......... 36%  200M 0s
 33900K .......... .......... .......... .......... .......... 36%  193M 0s
 33950K .......... .......... .......... .......... .......... 36%  159M 0s
 34000K .......... .......... .......... .......... .......... 36%  201M 0s
 34050K .......... .......... .......... .......... .......... 36%  201M 0s
 34100K .......... .......... .......... .......... .......... 36%  192M 0s
 34150K .......... .......... .......... .......... .......... 36%  182M 0s
 34200K .......... .......... .......... .......... .......... 37%  438M 0s
 34250K .......... .......... .......... .......... .......... 37%  430M 0s
 34300K .......... .......... .......... .......... .......... 37%  439M 0s
 34350K .......... .......... .......... .......... .......... 37%  350M 0s
 34400K .......... .......... .......... .......... .......... 37%  400M 0s
 34450K .......... .......... .......... .......... .......... 37%  415M 0s
 34500K .......... .......... .......... .......... .......... 37%  421M 0s
 34550K .......... .......... .......... .......... .......... 37%  370M 0s
 34600K .......... .......... .......... .......... .......... 37%  436M 0s
 34650K .......... .......... .......... .......... .......... 37%  416M 0s
 34700K .......... .......... .......... .......... .......... 37%  425M 0s
 34750K .......... .......... .......... .......... .......... 37%  363M 0s
 34800K .......... .......... .......... .......... .......... 37%  448M 0s
 34850K .......... .......... .......... .......... .......... 37%  400M 0s
 34900K .......... .......... .......... .......... .......... 37%  421M 0s
 34950K .......... .......... .......... .......... .......... 37%  408M 0s
 35000K .......... .......... .......... .......... .......... 37%  396M 0s
 35050K .......... .......... .......... .......... .......... 37%  456M 0s
 35100K .......... .......... .......... .......... .......... 37%  355M 0s
 35150K .......... .......... .......... .......... .......... 38%  447M 0s
 35200K .......... .......... .......... .......... .......... 38%  445M 0s
 35250K .......... .......... .......... .......... .......... 38%  420M 0s
 35300K .......... .......... .......... .......... .......... 38%  374M 0s
 35350K .......... .......... .......... .......... .......... 38%  458M 0s
 35400K .......... .......... .......... .......... .......... 38%  418M 0s
 35450K .......... .......... .......... .......... .......... 38%  432M 0s
 35500K .......... .......... .......... .......... .......... 38%  367M 0s
 35550K .......... .......... .......... .......... .......... 38%  437M 0s
 35600K .......... .......... .......... .......... .......... 38%  452M 0s
 35650K .......... .......... .......... .......... .......... 38%  439M 0s
 35700K .......... .......... .......... .......... .......... 38%  374M 0s
 35750K .......... .......... .......... .......... .......... 38%  448M 0s
 35800K .......... .......... .......... .......... .......... 38%  445M 0s
 35850K .......... .......... .......... .......... .......... 38%  428M 0s
 35900K .......... .......... .......... .......... .......... 38%  352M 0s
 35950K .......... .......... .......... .......... .......... 38%  455M 0s
 36000K .......... .......... .......... .......... .......... 38%  441M 0s
 36050K .......... .......... .......... .......... .......... 39%  447M 0s
 36100K .......... .......... .......... .......... .......... 39%  402M 0s
 36150K .......... .......... .......... .......... .......... 39%  404M 0s
 36200K .......... .......... .......... .......... .......... 39%  462M 0s
 36250K .......... .......... .......... .......... .......... 39%  467M 0s
 36300K .......... .......... .......... .......... .......... 39%  370M 0s
 36350K .......... .......... .......... .......... .......... 39%  461M 0s
 36400K .......... .......... .......... .......... .......... 39%  431M 0s
 36450K .......... .......... .......... .......... .......... 39%  422M 0s
 36500K .......... .......... .......... .......... .......... 39%  442M 0s
 36550K .......... .......... .......... .......... .......... 39%  344M 0s
 36600K .......... .......... .......... .......... .......... 39%  447M 0s
 36650K .......... .......... .......... .......... .......... 39%  433M 0s
 36700K .......... .......... .......... .......... .......... 39%  375M 0s
 36750K .......... .......... .......... .......... .......... 39%  454M 0s
 36800K .......... .......... .......... .......... .......... 39%  441M 0s
 36850K .......... .......... .......... .......... .......... 39%  448M 0s
 36900K .......... .......... .......... .......... .......... 39%  413M 0s
 36950K .......... .......... .......... .......... .......... 39%  458M 0s
 37000K .......... .......... .......... .......... .......... 40%  410M 0s
 37050K .......... .......... .......... .......... .......... 40%  437M 0s
 37100K .......... .......... .......... .......... .......... 40%  373M 0s
 37150K .......... .......... .......... .......... .......... 40%  512M 0s
 37200K .......... .......... .......... .......... .......... 40%  379M 0s
 37250K .......... .......... .......... .......... .......... 40%  463M 0s
 37300K .......... .......... .......... .......... .......... 40%  453M 0s
 37350K .......... .......... .......... .......... .......... 40%  446M 0s
 37400K .......... .......... .......... .......... .......... 40%  436M 0s
 37450K .......... .......... .......... .......... .......... 40%  419M 0s
 37500K .......... .......... .......... .......... .......... 40%  294M 0s
 37550K .......... .......... .......... .......... .......... 40%  444M 0s
 37600K .......... .......... .......... .......... .......... 40%  446M 0s
 37650K .......... .......... .......... .......... .......... 40%  441M 0s
 37700K .......... .......... .......... .......... .......... 40%  447M 0s
 37750K .......... .......... .......... .......... .......... 40%  380M 0s
 37800K .......... .......... .......... .......... .......... 40%  370M 0s
 37850K .......... .......... .......... .......... .......... 40%  416M 0s
 37900K .......... .......... .......... .......... .......... 41%  358M 0s
 37950K .......... .......... .......... .......... .......... 41%  449M 0s
 38000K .......... .......... .......... .......... .......... 41%  457M 0s
 38050K .......... .......... .......... .......... .......... 41%  453M 0s
 38100K .......... .......... .......... .......... .......... 41%  415M 0s
 38150K .......... .......... .......... .......... .......... 41%  450M 0s
 38200K .......... .......... .......... .......... .......... 41%  457M 0s
 38250K .......... .......... .......... .......... .......... 41%  471M 0s
 38300K .......... .......... .......... .......... .......... 41%  358M 0s
 38350K .......... .......... .......... .......... .......... 41%  462M 0s
 38400K .......... .......... .......... .......... .......... 41%  424M 0s
 38450K .......... .......... .......... .......... .......... 41%  609M 0s
 38500K .......... .......... .......... .......... .......... 41%  586M 0s
 38550K .......... .......... .......... .......... .......... 41%  568M 0s
 38600K .......... .......... .......... .......... .......... 41%  617M 0s
 38650K .......... .......... .......... .......... .......... 41%  579M 0s
 38700K .......... .......... .......... .......... .......... 41%  462M 0s
 38750K .......... .......... .......... .......... .......... 41%  623M 0s
 38800K .......... .......... .......... .......... .......... 41%  588M 0s
 38850K .......... .......... .......... .......... .......... 42%  571M 0s
 38900K .......... .......... .......... .......... .......... 42%  570M 0s
 38950K .......... .......... .......... .......... .......... 42%  555M 0s
 39000K .......... .......... .......... .......... .......... 42%  567M 0s
 39050K .......... .......... .......... .......... .......... 42%  619M 0s
 39100K .......... .......... .......... .......... .......... 42%  489M 0s
 39150K .......... .......... .......... .......... .......... 42%  564M 0s
 39200K .......... .......... .......... .......... .......... 42%  593M 0s
 39250K .......... .......... .......... .......... .......... 42%  633M 0s
 39300K .......... .......... .......... .......... .......... 42%  573M 0s
 39350K .......... .......... .......... .......... .......... 42%  585M 0s
 39400K .......... .......... .......... .......... .......... 42%  575M 0s
 39450K .......... .......... .......... .......... .......... 42%  581M 0s
 39500K .......... .......... .......... .......... .......... 42%  526M 0s
 39550K .......... .......... .......... .......... .......... 42%  621M 0s
 39600K .......... .......... .......... .......... .......... 42%  631M 0s
 39650K .......... .......... .......... .......... .......... 42%  644M 0s
 39700K .......... .......... .......... .......... .......... 42%  497M 0s
 39750K .......... .......... .......... .......... .......... 43%  538M 0s
 39800K .......... .......... .......... .......... .......... 43%  630M 0s
 39850K .......... .......... .......... .......... .......... 43%  588M 0s
 39900K .......... .......... .......... .......... .......... 43%  542M 0s
 39950K .......... .......... .......... .......... .......... 43%  502M 0s
 40000K .......... .......... .......... .......... .......... 43%  522M 0s
 40050K .......... .......... .......... .......... .......... 43%  518M 0s
 40100K .......... .......... .......... .......... .......... 43%  531M 0s
 40150K .......... .......... .......... .......... .......... 43%  557M 0s
 40200K .......... .......... .......... .......... .......... 43%  607M 0s
 40250K .......... .......... .......... .......... .......... 43%  627M 0s
 40300K .......... .......... .......... .......... .......... 43%  531M 0s
 40350K .......... .......... .......... .......... .......... 43%  525M 0s
 40400K .......... .......... .......... .......... .......... 43%  198M 0s
 40450K .......... .......... .......... .......... .......... 43%  249M 0s
 40500K .......... .......... .......... .......... .......... 43%  328M 0s
 40550K .......... .......... .......... .......... .......... 43%  589M 0s
 40600K .......... .......... .......... .......... .......... 43%  568M 0s
 40650K .......... .......... .......... .......... .......... 43%  572M 0s
 40700K .......... .......... .......... .......... .......... 44%  192M 0s
 40750K .......... .......... .......... .......... .......... 44%  596M 0s
 40800K .......... .......... .......... .......... .......... 44%  631M 0s
 40850K .......... .......... .......... .......... .......... 44%  613M 0s
 40900K .......... .......... .......... .......... .......... 44%  538M 0s
 40950K .......... .......... .......... .......... .......... 44% 2.76M 0s
 41000K .......... .......... .......... .......... .......... 44%  130M 0s
 41050K .......... .......... .......... .......... .......... 44%  171M 0s
 41100K .......... .......... .......... .......... .......... 44%  179M 0s
 41150K .......... .......... .......... .......... .......... 44%  166M 0s
 41200K .......... .......... .......... .......... .......... 44%  166M 0s
 41250K .......... .......... .......... .......... .......... 44%  143M 0s
 41300K .......... .......... .......... .......... .......... 44%  171M 0s
 41350K .......... .......... .......... .......... .......... 44%  169M 0s
 41400K .......... .......... .......... .......... .......... 44%  178M 0s
 41450K .......... .......... .......... .......... .......... 44%  160M 0s
 41500K .......... .......... .......... .......... .......... 44%  177M 0s
 41550K .......... .......... .......... .......... .......... 44%  187M 0s
 41600K .......... .......... .......... .......... .......... 45%  166M 0s
 41650K .......... .......... .......... .......... .......... 45%  182M 0s
 41700K .......... .......... .......... .......... .......... 45%  168M 0s
 41750K .......... .......... .......... .......... .......... 45%  185M 0s
 41800K .......... .......... .......... .......... .......... 45%  149M 0s
 41850K .......... .......... .......... .......... .......... 45%  186M 0s
 41900K .......... .......... .......... .......... .......... 45%  185M 0s
 41950K .......... .......... .......... .......... .......... 45%  179M 0s
 42000K .......... .......... .......... .......... .......... 45%  162M 0s
 42050K .......... .......... .......... .......... .......... 45%  174M 0s
 42100K .......... .......... .......... .......... .......... 45%  192M 0s
 42150K .......... .......... .......... .......... .......... 45%  173M 0s
 42200K .......... .......... .......... .......... .......... 45%  152M 0s
 42250K .......... .......... .......... .......... .......... 45%  181M 0s
 42300K .......... .......... .......... .......... .......... 45%  190M 0s
 42350K .......... .......... .......... .......... .......... 45%  295M 0s
 42400K .......... .......... .......... .......... .......... 45%  340M 0s
 42450K .......... .......... .......... .......... .......... 45%  243M 0s
 42500K .......... .......... .......... .......... .......... 45%  313M 0s
 42550K .......... .......... .......... .......... .......... 46%  284M 0s
 42600K .......... .......... .......... .......... .......... 46%  333M 0s
 42650K .......... .......... .......... .......... .......... 46%  307M 0s
 42700K .......... .......... .......... .......... .......... 46%  261M 0s
 42750K .......... .......... .......... .......... .......... 46%  296M 0s
 42800K .......... .......... .......... .......... .......... 46%  341M 0s
 42850K .......... .......... .......... .......... .......... 46%  284M 0s
 42900K .......... .......... .......... .......... .......... 46%  281M 0s
 42950K .......... .......... .......... .......... .......... 46%  303M 0s
 43000K .......... .......... .......... .......... .......... 46%  254M 0s
 43050K .......... .......... .......... .......... .......... 46%  287M 0s
 43100K .......... .......... .......... .......... .......... 46%  288M 0s
 43150K .......... .......... .......... .......... .......... 46%  311M 0s
 43200K .......... .......... .......... .......... .......... 46%  294M 0s
 43250K .......... .......... .......... .......... .......... 46%  330M 0s
 43300K .......... .......... .......... .......... .......... 46%  237M 0s
 43350K .......... .......... .......... .......... .......... 46%  306M 0s
 43400K .......... .......... .......... .......... .......... 46%  324M 0s
 43450K .......... .......... .......... .......... .......... 47%  284M 0s
 43500K .......... .......... .......... .......... .......... 47%  283M 0s
 43550K .......... .......... .......... .......... .......... 47%  310M 0s
 43600K .......... .......... .......... .......... .......... 47%  304M 0s
 43650K .......... .......... .......... .......... .......... 47%  296M 0s
 43700K .......... .......... .......... .......... .......... 47%  278M 0s
 43750K .......... .......... .......... .......... .......... 47%  313M 0s
 43800K .......... .......... .......... .......... .......... 47%  318M 0s
 43850K .......... .......... .......... .......... .......... 47%  276M 0s
 43900K .......... .......... .......... .......... .......... 47%  280M 0s
 43950K .......... .......... .......... .......... .......... 47%  313M 0s
 44000K .......... .......... .......... .......... .......... 47%  318M 0s
 44050K .......... .......... .......... .......... .......... 47%  276M 0s
 44100K .......... .......... .......... .......... .......... 47%  317M 0s
 44150K .......... .......... .......... .......... .......... 47%  275M 0s
 44200K .......... .......... .......... .......... .......... 47%  312M 0s
 44250K .......... .......... .......... .......... .......... 47%  296M 0s
 44300K .......... .......... .......... .......... .......... 47%  257M 0s
 44350K .......... .......... .......... .......... .......... 47%  313M 0s
 44400K .......... .......... .......... .......... .......... 48%  281M 0s
 44450K .......... .......... .......... .......... .......... 48%  306M 0s
 44500K .......... .......... .......... .......... .......... 48%  298M 0s
 44550K .......... .......... .......... .......... .......... 48%  301M 0s
 44600K .......... .......... .......... .......... .......... 48%  305M 0s
 44650K .......... .......... .......... .......... .......... 48%  291M 0s
 44700K .......... .......... .......... .......... .......... 48%  264M 0s
 44750K .......... .......... .......... .......... .......... 48%  309M 0s
 44800K .......... .......... .......... .......... .......... 48%  324M 0s
 44850K .......... .......... .......... .......... .......... 48%  265M 0s
 44900K .......... .......... .......... .......... .......... 48%  269M 0s
 44950K .......... .......... .......... .......... .......... 48%  303M 0s
 45000K .......... .......... .......... .......... .......... 48%  322M 0s
 45050K .......... .......... .......... .......... .......... 48%  293M 0s
 45100K .......... .......... .......... .......... .......... 48%  278M 0s
 45150K .......... .......... .......... .......... .......... 48%  260M 0s
 45200K .......... .......... .......... .......... .......... 48%  291M 0s
 45250K .......... .......... .......... .......... .......... 48%  318M 0s
 45300K .......... .......... .......... .......... .......... 49%  303M 0s
 45350K .......... .......... .......... .......... .......... 49%  577M 0s
 45400K .......... .......... .......... .......... .......... 49%  613M 0s
 45450K .......... .......... .......... .......... .......... 49%  565M 0s
 45500K .......... .......... .......... .......... .......... 49%  473M 0s
 45550K .......... .......... .......... .......... .......... 49%  516M 0s
 45600K .......... .......... .......... .......... .......... 49%  619M 0s
 45650K .......... .......... .......... .......... .......... 49%  591M 0s
 45700K .......... .......... .......... .......... .......... 49%  560M 0s
 45750K .......... .......... .......... .......... .......... 49%  639M 0s
 45800K .......... .......... .......... .......... .......... 49%  552M 0s
 45850K .......... .......... .......... .......... .......... 49%  619M 0s
 45900K .......... .......... .......... .......... .......... 49%  563M 0s
 45950K .......... .......... .......... .......... .......... 49%  601M 0s
 46000K .......... .......... .......... .......... .......... 49%  591M 0s
 46050K .......... .......... .......... .......... .......... 49%  632M 0s
 46100K .......... .......... .......... .......... .......... 49%  532M 0s
 46150K .......... .......... .......... .......... .......... 49%  418M 0s
 46200K .......... .......... .......... .......... .......... 49%  564M 0s
 46250K .......... .......... .......... .......... .......... 50%  570M 0s
 46300K .......... .......... .......... .......... .......... 50%  530M 0s
 46350K .......... .......... .......... .......... .......... 50%  567M 0s
 46400K .......... .......... .......... .......... .......... 50%  514M 0s
 46450K .......... .......... .......... .......... .......... 50%  433M 0s
 46500K .......... .......... .......... .......... .......... 50%  528M 0s
 46550K .......... .......... .......... .......... .......... 50%  595M 0s
 46600K .......... .......... .......... .......... .......... 50%  586M 0s
 46650K .......... .......... .......... .......... .......... 50%  576M 0s
 46700K .......... .......... .......... .......... .......... 50%  439M 0s
 46750K .......... .......... .......... .......... .......... 50%  590M 0s
 46800K .......... .......... .......... .......... .......... 50%  651M 0s
 46850K .......... .......... .......... .......... .......... 50%  563M 0s
 46900K .......... .......... .......... .......... .......... 50%  598M 0s
 46950K .......... .......... .......... .......... .......... 50%  461M 0s
 47000K .......... .......... .......... .......... .......... 50%  548M 0s
 47050K .......... .......... .......... .......... .......... 50%  608M 0s
 47100K .......... .......... .......... .......... .......... 50%  534M 0s
 47150K .......... .......... .......... .......... .......... 51%  532M 0s
 47200K .......... .......... .......... .......... .......... 51%  611M 0s
 47250K .......... .......... .......... .......... .......... 51%  498M 0s
 47300K .......... .......... .......... .......... .......... 51%  509M 0s
 47350K .......... .......... .......... .......... .......... 51%  597M 0s
 47400K .......... .......... .......... .......... .......... 51%  538M 0s
 47450K .......... .......... .......... .......... .......... 51%  552M 0s
 47500K .......... .......... .......... .......... .......... 51%  537M 0s
 47550K .......... .......... .......... .......... .......... 51%  623M 0s
 47600K .......... .......... .......... .......... .......... 51%  546M 0s
 47650K .......... .......... .......... .......... .......... 51%  489M 0s
 47700K .......... .......... .......... .......... .......... 51%  568M 0s
 47750K .......... .......... .......... .......... .......... 51%  536M 0s
 47800K .......... .......... .......... .......... .......... 51%  579M 0s
 47850K .......... .......... .......... .......... .......... 51%  509M 0s
 47900K .......... .......... .......... .......... .......... 51%  619M 0s
 47950K .......... .......... .......... .......... .......... 51%  496M 0s
 48000K .......... .......... .......... .......... .......... 51%  589M 0s
 48050K .......... .......... .......... .......... .......... 51%  619M 0s
 48100K .......... .......... .......... .......... .......... 52%  575M 0s
 48150K .......... .......... .......... .......... .......... 52%  106M 0s
 48200K .......... .......... .......... .......... .......... 52%  142M 0s
 48250K .......... .......... .......... .......... .......... 52%  373M 0s
 48300K .......... .......... .......... .......... .......... 52%  609M 0s
 48350K .......... .......... .......... .......... .......... 52%  506M 0s
 48400K .......... .......... .......... .......... .......... 52%  281M 0s
 48450K .......... .......... .......... .......... .......... 52%  526M 0s
 48500K .......... .......... .......... .......... .......... 52%  529M 0s
 48550K .......... .......... .......... .......... .......... 52%  513M 0s
 48600K .......... .......... .......... .......... .......... 52%  594M 0s
 48650K .......... .......... .......... .......... .......... 52%  206M 0s
 48700K .......... .......... .......... .......... .......... 52%  567M 0s
 48750K .......... .......... .......... .......... .......... 52%  156M 0s
 48800K .......... .......... .......... .......... .......... 52%  562M 0s
 48850K .......... .......... .......... .......... .......... 52%  587M 0s
 48900K .......... .......... .......... .......... .......... 52%  474M 0s
 48950K .......... .......... .......... .......... .......... 52%  554M 0s
 49000K .......... .......... .......... .......... .......... 53% 78.9M 0s
 49050K .......... .......... .......... .......... .......... 53%  393M 0s
 49100K .......... .......... .......... .......... .......... 53%  452M 0s
 49150K .......... .......... .......... .......... .......... 53%  447M 0s
 49200K .......... .......... .......... .......... .......... 53%  612M 0s
 49250K .......... .......... .......... .......... .......... 53%  177M 0s
 49300K .......... .......... .......... .......... .......... 53%  496M 0s
 49350K .......... .......... .......... .......... .......... 53%  513M 0s
 49400K .......... .......... .......... .......... .......... 53%  434M 0s
 49450K .......... .......... .......... .......... .......... 53%  535M 0s
 49500K .......... .......... .......... .......... .......... 53%  296M 0s
 49550K .......... .......... .......... .......... .......... 53%  514M 0s
 49600K .......... .......... .......... .......... .......... 53%  409M 0s
 49650K .......... .......... .......... .......... .......... 53%  143M 0s
 49700K .......... .......... .......... .......... .......... 53%  287M 0s
 49750K .......... .......... .......... .......... .......... 53%  175M 0s
 49800K .......... .......... .......... .......... .......... 53%  355M 0s
 49850K .......... .......... .......... .......... .......... 53%  365M 0s
 49900K .......... .......... .......... .......... .......... 53%  340M 0s
 49950K .......... .......... .......... .......... .......... 54%  362M 0s
 50000K .......... .......... .......... .......... .......... 54%  175M 0s
 50050K .......... .......... .......... .......... .......... 54%  347M 0s
 50100K .......... .......... .......... .......... .......... 54%  365M 0s
 50150K .......... .......... .......... .......... .......... 54%  291M 0s
 50200K .......... .......... .......... .......... .......... 54%  365M 0s
 50250K .......... .......... .......... .......... .......... 54%  364M 0s
 50300K .......... .......... .......... .......... .......... 54%  327M 0s
 50350K .......... .......... .......... .......... .......... 54%  367M 0s
 50400K .......... .......... .......... .......... .......... 54%  322M 0s
 50450K .......... .......... .......... .......... .......... 54%  339M 0s
 50500K .......... .......... .......... .......... .......... 54%  387M 0s
 50550K .......... .......... .......... .......... .......... 54%  344M 0s
 50600K .......... .......... .......... .......... .......... 54%  355M 0s
 50650K .......... .......... .......... .......... .......... 54%  324M 0s
 50700K .......... .......... .......... .......... .......... 54%  382M 0s
 50750K .......... .......... .......... .......... .......... 54%  377M 0s
 50800K .......... .......... .......... .......... .......... 54% 89.4M 0s
 50850K .......... .......... .......... .......... .......... 55%  179M 0s
 50900K .......... .......... .......... .......... .......... 55%  165M 0s
 50950K .......... .......... .......... .......... .......... 55%  213M 0s
 51000K .......... .......... .......... .......... .......... 55%  364M 0s
 51050K .......... .......... .......... .......... .......... 55%  362M 0s
 51100K .......... .......... .......... .......... .......... 55%  353M 0s
 51150K .......... .......... .......... .......... .......... 55%  402M 0s
 51200K .......... .......... .......... .......... .......... 55% 3.13M 0s
 51250K .......... .......... .......... .......... .......... 55%  164M 0s
 51300K .......... .......... .......... .......... .......... 55%  165M 0s
 51350K .......... .......... .......... .......... .......... 55%  171M 0s
 51400K .......... .......... .......... .......... .......... 55%  165M 0s
 51450K .......... .......... .......... .......... .......... 55%  183M 0s
 51500K .......... .......... .......... .......... .......... 55%  163M 0s
 51550K .......... .......... .......... .......... .......... 55%  183M 0s
 51600K .......... .......... .......... .......... .......... 55%  150M 0s
 51650K .......... .......... .......... .......... .......... 55%  175M 0s
 51700K .......... .......... .......... .......... .......... 55%  183M 0s
 51750K .......... .......... .......... .......... .......... 55%  181M 0s
 51800K .......... .......... .......... .......... .......... 56%  165M 0s
 51850K .......... .......... .......... .......... .......... 56%  171M 0s
 51900K .......... .......... .......... .......... .......... 56%  177M 0s
 51950K .......... .......... .......... .......... .......... 56%  171M 0s
 52000K .......... .......... .......... .......... .......... 56%  134M 0s
 52050K .......... .......... .......... .......... .......... 56%  177M 0s
 52100K .......... .......... .......... .......... .......... 56%  183M 0s
 52150K .......... .......... .......... .......... .......... 56%  174M 0s
 52200K .......... .......... .......... .......... .......... 56%  153M 0s
 52250K .......... .......... .......... .......... .......... 56%  175M 0s
 52300K .......... .......... .......... .......... .......... 56%  190M 0s
 52350K .......... .......... .......... .......... .......... 56%  180M 0s
 52400K .......... .......... .......... .......... .......... 56%  155M 0s
 52450K .......... .......... .......... .......... .......... 56%  185M 0s
 52500K .......... .......... .......... .......... .......... 56%  172M 0s
 52550K .......... .......... .......... .......... .......... 56%  172M 0s
 52600K .......... .......... .......... .......... .......... 56%  150M 0s
 52650K .......... .......... .......... .......... .......... 56%  186M 0s
 52700K .......... .......... .......... .......... .......... 57%  187M 0s
 52750K .......... .......... .......... .......... .......... 57%  150M 0s
 52800K .......... .......... .......... .......... .......... 57%  171M 0s
 52850K .......... .......... .......... .......... .......... 57%  190M 0s
 52900K .......... .......... .......... .......... .......... 57%  177M 0s
 52950K .......... .......... .......... .......... .......... 57%  162M 0s
 53000K .......... .......... .......... .......... .......... 57%  381M 0s
 53050K .......... .......... .......... .......... .......... 57%  297M 0s
 53100K .......... .......... .......... .......... .......... 57%  339M 0s
 53150K .......... .......... .......... .......... .......... 57%  354M 0s
 53200K .......... .......... .......... .......... .......... 57%  338M 0s
 53250K .......... .......... .......... .......... .......... 57%  336M 0s
 53300K .......... .......... .......... .......... .......... 57%  357M 0s
 53350K .......... .......... .......... .......... .......... 57%  337M 0s
 53400K .......... .......... .......... .......... .......... 57%  361M 0s
 53450K .......... .......... .......... .......... .......... 57%  368M 0s
 53500K .......... .......... .......... .......... .......... 57%  348M 0s
 53550K .......... .......... .......... .......... .......... 57%  294M 0s
 53600K .......... .......... .......... .......... .......... 57%  379M 0s
 53650K .......... .......... .......... .......... .......... 58%  361M 0s
 53700K .......... .......... .......... .......... .......... 58%  347M 0s
 53750K .......... .......... .......... .......... .......... 58%  282M 0s
 53800K .......... .......... .......... .......... .......... 58%  341M 0s
 53850K .......... .......... .......... .......... .......... 58%  337M 0s
 53900K .......... .......... .......... .......... .......... 58%  345M 0s
 53950K .......... .......... .......... .......... .......... 58%  321M 0s
 54000K .......... .......... .......... .......... .......... 58%  325M 0s
 54050K .......... .......... .......... .......... .......... 58%  335M 0s
 54100K .......... .......... .......... .......... .......... 58%  358M 0s
 54150K .......... .......... .......... .......... .......... 58%  299M 0s
 54200K .......... .......... .......... .......... .......... 58%  320M 0s
 54250K .......... .......... .......... .......... .......... 58%  338M 0s
 54300K .......... .......... .......... .......... .......... 58%  345M 0s
 54350K .......... .......... .......... .......... .......... 58%  333M 0s
 54400K .......... .......... .......... .......... .......... 58%  327M 0s
 54450K .......... .......... .......... .......... .......... 58%  364M 0s
 54500K .......... .......... .......... .......... .......... 58%  379M 0s
 54550K .......... .......... .......... .......... .......... 59%  272M 0s
 54600K .......... .......... .......... .......... .......... 59%  350M 0s
 54650K .......... .......... .......... .......... .......... 59%  355M 0s
 54700K .......... .......... .......... .......... .......... 59%  336M 0s
 54750K .......... .......... .......... .......... .......... 59%  288M 0s
 54800K .......... .......... .......... .......... .......... 59%  353M 0s
 54850K .......... .......... .......... .......... .......... 59%  319M 0s
 54900K .......... .......... .......... .......... .......... 59%  356M 0s
 54950K .......... .......... .......... .......... .......... 59%  320M 0s
 55000K .......... .......... .......... .......... .......... 59%  360M 0s
 55050K .......... .......... .......... .......... .......... 59%  346M 0s
 55100K .......... .......... .......... .......... .......... 59%  368M 0s
 55150K .......... .......... .......... .......... .......... 59%  354M 0s
 55200K .......... .......... .......... .......... .......... 59%  263M 0s
 55250K .......... .......... .......... .......... .......... 59%  341M 0s
 55300K .......... .......... .......... .......... .......... 59%  373M 0s
 55350K .......... .......... .......... .......... .......... 59%  315M 0s
 55400K .......... .......... .......... .......... .......... 59%  381M 0s
 55450K .......... .......... .......... .......... .......... 59%  312M 0s
 55500K .......... .......... .......... .......... .......... 60%  359M 0s
 55550K .......... .......... .......... .......... .......... 60%  340M 0s
 55600K .......... .......... .......... .......... .......... 60%  322M 0s
 55650K .......... .......... .......... .......... .......... 60%  337M 0s
 55700K .......... .......... .......... .......... .......... 60%  361M 0s
 55750K .......... .......... .......... .......... .......... 60%  372M 0s
 55800K .......... .......... .......... .......... .......... 60%  321M 0s
 55850K .......... .......... .......... .......... .......... 60%  352M 0s
 55900K .......... .......... .......... .......... .......... 60%  353M 0s
 55950K .......... .......... .......... .......... .......... 60%  271M 0s
 56000K .......... .......... .......... .......... .......... 60%  362M 0s
 56050K .......... .......... .......... .......... .......... 60%  346M 0s
 56100K .......... .......... .......... .......... .......... 60%  367M 0s
 56150K .......... .......... .......... .......... .......... 60%  320M 0s
 56200K .......... .......... .......... .......... .......... 60%  380M 0s
 56250K .......... .......... .......... .......... .......... 60%  354M 0s
 56300K .......... .......... .......... .......... .......... 60%  341M 0s
 56350K .......... .......... .......... .......... .......... 60%  309M 0s
 56400K .......... .......... .......... .......... .......... 61%  602M 0s
 56450K .......... .......... .......... .......... .......... 61%  545M 0s
 56500K .......... .......... .......... .......... .......... 61%  504M 0s
 56550K .......... .......... .......... .......... .......... 61%  526M 0s
 56600K .......... .......... .......... .......... .......... 61%  611M 0s
 56650K .......... .......... .......... .......... .......... 61%  427M 0s
 56700K .......... .......... .......... .......... .......... 61%  568M 0s
 56750K .......... .......... .......... .......... .......... 61%  486M 0s
 56800K .......... .......... .......... .......... .......... 61%  485M 0s
 56850K .......... .......... .......... .......... .......... 61%  600M 0s
 56900K .......... .......... .......... .......... .......... 61%  594M 0s
 56950K .......... .......... .......... .......... .......... 61%  472M 0s
 57000K .......... .......... .......... .......... .......... 61%  496M 0s
 57050K .......... .......... .......... .......... .......... 61%  540M 0s
 57100K .......... .......... .......... .......... .......... 61%  585M 0s
 57150K .......... .......... .......... .......... .......... 61%  413M 0s
 57200K .......... .......... .......... .......... .......... 61%  578M 0s
 57250K .......... .......... .......... .......... .......... 61%  517M 0s
 57300K .......... .......... .......... .......... .......... 61%  547M 0s
 57350K .......... .......... .......... .......... .......... 62%  485M 0s
 57400K .......... .......... .......... .......... .......... 62%  517M 0s
 57450K .......... .......... .......... .......... .......... 62%  476M 0s
 57500K .......... .......... .......... .......... .......... 62%  563M 0s
 57550K .......... .......... .......... .......... .......... 62%  452M 0s
 57600K .......... .......... .......... .......... .......... 62%  550M 0s
 57650K .......... .......... .......... .......... .......... 62%  524M 0s
 57700K .......... .......... .......... .......... .......... 62%  488M 0s
 57750K .......... .......... .......... .......... .......... 62%  530M 0s
 57800K .......... .......... .......... .......... .......... 62%  526M 0s
 57850K .......... .......... .......... .......... .......... 62%  507M 0s
 57900K .......... .......... .......... .......... .......... 62%  596M 0s
 57950K .......... .......... .......... .......... .......... 62%  489M 0s
 58000K .......... .......... .......... .......... .......... 62%  617M 0s
 58050K .......... .......... .......... .......... .......... 62%  500M 0s
 58100K .......... .......... .......... .......... .......... 62%  556M 0s
 58150K .......... .......... .......... .......... .......... 62%  524M 0s
 58200K .......... .......... .......... .......... .......... 62%  546M 0s
 58250K .......... .......... .......... .......... .......... 62%  487M 0s
 58300K .......... .......... .......... .......... .......... 63%  593M 0s
 58350K .......... .......... .......... .......... .......... 63%  470M 0s
 58400K .......... .......... .......... .......... .......... 63%  573M 0s
 58450K .......... .......... .......... .......... .......... 63%  540M 0s
 58500K .......... .......... .......... .......... .......... 63%  533M 0s
 58550K .......... .......... .......... .......... .......... 63%  510M 0s
 58600K .......... .......... .......... .......... .......... 63%  619M 0s
 58650K .......... .......... .......... .......... .......... 63%  593M 0s
 58700K .......... .......... .......... .......... .......... 63%  615M 0s
 58750K .......... .......... .......... .......... .......... 63%  512M 0s
 58800K .......... .......... .......... .......... .......... 63%  604M 0s
 58850K .......... .......... .......... .......... .......... 63%  641M 0s
 58900K .......... .......... .......... .......... .......... 63%  567M 0s
 58950K .......... .......... .......... .......... .......... 63%  524M 0s
 59000K .......... .......... .......... .......... .......... 63%  614M 0s
 59050K .......... .......... .......... .......... .......... 63%  600M 0s
 59100K .......... .......... .......... .......... .......... 63%  619M 0s
 59150K .......... .......... .......... .......... .......... 63%  510M 0s
 59200K .......... .......... .......... .......... .......... 64%  645M 0s
 59250K .......... .......... .......... .......... .......... 64%  607M 0s
 59300K .......... .......... .......... .......... .......... 64%  611M 0s
 59350K .......... .......... .......... .......... .......... 64%  552M 0s
 59400K .......... .......... .......... .......... .......... 64%  617M 0s
 59450K .......... .......... .......... .......... .......... 64%  597M 0s
 59500K .......... .......... .......... .......... .......... 64%  582M 0s
 59550K .......... .......... .......... .......... .......... 64%  478M 0s
 59600K .......... .......... .......... .......... .......... 64%  569M 0s
 59650K .......... .......... .......... .......... .......... 64%  582M 0s
 59700K .......... .......... .......... .......... .......... 64%  614M 0s
 59750K .......... .......... .......... .......... .......... 64%  553M 0s
 59800K .......... .......... .......... .......... .......... 64%  586M 0s
 59850K .......... .......... .......... .......... .......... 64%  610M 0s
 59900K .......... .......... .......... .......... .......... 64%  595M 0s
 59950K .......... .......... .......... .......... .......... 64%  480M 0s
 60000K .......... .......... .......... .......... .......... 64%  597M 0s
 60050K .......... .......... .......... .......... .......... 64%  601M 0s
 60100K .......... .......... .......... .......... .......... 64%  542M 0s
 60150K .......... .......... .......... .......... .......... 65%  552M 0s
 60200K .......... .......... .......... .......... .......... 65%  613M 0s
 60250K .......... .......... .......... .......... .......... 65%  495M 0s
 60300K .......... .......... .......... .......... .......... 65%  591M 0s
 60350K .......... .......... .......... .......... .......... 65%  554M 0s
 60400K .......... .......... .......... .......... .......... 65%  598M 0s
 60450K .......... .......... .......... .......... .......... 65%  605M 0s
 60500K .......... .......... .......... .......... .......... 65%  614M 0s
 60550K .......... .......... .......... .......... .......... 65%  496M 0s
 60600K .......... .......... .......... .......... .......... 65%  589M 0s
 60650K .......... .......... .......... .......... .......... 65%  590M 0s
 60700K .......... .......... .......... .......... .......... 65%  589M 0s
 60750K .......... .......... .......... .......... .......... 65%  502M 0s
 60800K .......... .......... .......... .......... .......... 65%  619M 0s
 60850K .......... .......... .......... .......... .......... 65%  653M 0s
 60900K .......... .......... .......... .......... .......... 65%  472M 0s
 60950K .......... .......... .......... .......... .......... 65%  608M 0s
 61000K .......... .......... .......... .......... .......... 65%  645M 0s
 61050K .......... .......... .......... .......... .......... 66%  574M 0s
 61100K .......... .......... .......... .......... .......... 66%  629M 0s
 61150K .......... .......... .......... .......... .......... 66%  514M 0s
 61200K .......... .......... .......... .......... .......... 66%  667M 0s
 61250K .......... .......... .......... .......... .......... 66%  471M 0s
 61300K .......... .......... .......... .......... .......... 66%  589M 0s
 61350K .......... .......... .......... .......... .......... 66%  619M 0s
 61400K .......... .......... .......... .......... .......... 66% 6.75M 0s
 61450K .......... .......... .......... .......... .......... 66%  176M 0s
 61500K .......... .......... .......... .......... .......... 66%  173M 0s
 61550K .......... .......... .......... .......... .......... 66%  165M 0s
 61600K .......... .......... .......... .......... .......... 66%  154M 0s
 61650K .......... .......... .......... .......... .......... 66%  386M 0s
 61700K .......... .......... .......... .......... .......... 66%  350M 0s
 61750K .......... .......... .......... .......... .......... 66%  357M 0s
 61800K .......... .......... .......... .......... .......... 66%  379M 0s
 61850K .......... .......... .......... .......... .......... 66%  386M 0s
 61900K .......... .......... .......... .......... .......... 66%  363M 0s
 61950K .......... .......... .......... .......... .......... 66%  401M 0s
 62000K .......... .......... .......... .......... .......... 67%  395M 0s
 62050K .......... .......... .......... .......... .......... 67%  394M 0s
 62100K .......... .......... .......... .......... .......... 67%  322M 0s
 62150K .......... .......... .......... .......... .......... 67%  390M 0s
 62200K .......... .......... .......... .......... .......... 67%  407M 0s
 62250K .......... .......... .......... .......... .......... 67%  421M 0s
 62300K .......... .......... .......... .......... .......... 67%  389M 0s
 62350K .......... .......... .......... .......... .......... 67%  407M 0s
 62400K .......... .......... .......... .......... .......... 67%  398M 0s
 62450K .......... .......... .......... .......... .......... 67%  397M 0s
 62500K .......... .......... .......... .......... .......... 67%  325M 0s
 62550K .......... .......... .......... .......... .......... 67%  392M 0s
 62600K .......... .......... .......... .......... .......... 67%  401M 0s
 62650K .......... .......... .......... .......... .......... 67%  385M 0s
 62700K .......... .......... .......... .......... .......... 67%  356M 0s
 62750K .......... .......... .......... .......... .......... 67%  335M 0s
 62800K .......... .......... .......... .......... .......... 67%  385M 0s
 62850K .......... .......... .......... .......... .......... 67%  428M 0s
 62900K .......... .......... .......... .......... .......... 68%  417M 0s
 62950K .......... .......... .......... .......... .......... 68%  425M 0s
 63000K .......... .......... .......... .......... .......... 68%  428M 0s
 63050K .......... .......... .......... .......... .......... 68%  400M 0s
 63100K .......... .......... .......... .......... .......... 68%  324M 0s
 63150K .......... .......... .......... .......... .......... 68%  433M 0s
 63200K .......... .......... .......... .......... .......... 68%  424M 0s
 63250K .......... .......... .......... .......... .......... 68%  441M 0s
 63300K .......... .......... .......... .......... .......... 68%  391M 0s
 63350K .......... .......... .......... .......... .......... 68%  412M 0s
 63400K .......... .......... .......... .......... .......... 68%  410M 0s
 63450K .......... .......... .......... .......... .......... 68%  421M 0s
 63500K .......... .......... .......... .......... .......... 68%  321M 0s
 63550K .......... .......... .......... .......... .......... 68%  426M 0s
 63600K .......... .......... .......... .......... .......... 68%  408M 0s
 63650K .......... .......... .......... .......... .......... 68%  434M 0s
 63700K .......... .......... .......... .......... .......... 68%  373M 0s
 63750K .......... .......... .......... .......... .......... 68%  445M 0s
 63800K .......... .......... .......... .......... .......... 68%  402M 0s
 63850K .......... .......... .......... .......... .......... 69%  421M 0s
 63900K .......... .......... .......... .......... .......... 69%  310M 0s
 63950K .......... .......... .......... .......... .......... 69%  395M 0s
 64000K .......... .......... .......... .......... .......... 69%  439M 0s
 64050K .......... .......... .......... .......... .......... 69%  445M 0s
 64100K .......... .......... .......... .......... .......... 69%  393M 0s
 64150K .......... .......... .......... .......... .......... 69%  427M 0s
 64200K .......... .......... .......... .......... .......... 69%  362M 0s
 64250K .......... .......... .......... .......... .......... 69%  389M 0s
 64300K .......... .......... .......... .......... .......... 69%  355M 0s
 64350K .......... .......... .......... .......... .......... 69%  436M 0s
 64400K .......... .......... .......... .......... .......... 69%  427M 0s
 64450K .......... .......... .......... .......... .......... 69%  410M 0s
 64500K .......... .......... .......... .......... .......... 69%  330M 0s
 64550K .......... .......... .......... .......... .......... 69%  393M 0s
 64600K .......... .......... .......... .......... .......... 69%  385M 0s
 64650K .......... .......... .......... .......... .......... 69%  440M 0s
 64700K .......... .......... .......... .......... .......... 69%  397M 0s
 64750K .......... .......... .......... .......... .......... 70%  374M 0s
 64800K .......... .......... .......... .......... .......... 70%  404M 0s
 64850K .......... .......... .......... .......... .......... 70%  420M 0s
 64900K .......... .......... .......... .......... .......... 70%  369M 0s
 64950K .......... .......... .......... .......... .......... 70%  442M 0s
 65000K .......... .......... .......... .......... .......... 70%  417M 0s
 65050K .......... .......... .......... .......... .......... 70%  363M 0s
 65100K .......... .......... .......... .......... .......... 70%  413M 0s
 65150K .......... .......... .......... .......... .......... 70%  389M 0s
 65200K .......... .......... .......... .......... .......... 70%  429M 0s
 65250K .......... .......... .......... .......... .......... 70%  393M 0s
 65300K .......... .......... .......... .......... .......... 70%  346M 0s
 65350K .......... .......... .......... .......... .......... 70%  433M 0s
 65400K .......... .......... .......... .......... .......... 70%  408M 0s
 65450K .......... .......... .......... .......... .......... 70%  438M 0s
 65500K .......... .......... .......... .......... .......... 70%  348M 0s
 65550K .......... .......... .......... .......... .......... 70%  399M 0s
 65600K .......... .......... .......... .......... .......... 70%  394M 0s
 65650K .......... .......... .......... .......... .......... 70%  436M 0s
 65700K .......... .......... .......... .......... .......... 71%  396M 0s
 65750K .......... .......... .......... .......... .......... 71%  114M 0s
 65800K .......... .......... .......... .......... .......... 71%  293M 0s
 65850K .......... .......... .......... .......... .......... 71%  422M 0s
 65900K .......... .......... .......... .......... .......... 71%  366M 0s
 65950K .......... .......... .......... .......... .......... 71%  455M 0s
 66000K .......... .......... .......... .......... .......... 71%  465M 0s
 66050K .......... .......... .......... .......... .......... 71%  112M 0s
 66100K .......... .......... .......... .......... .......... 71%  348M 0s
 66150K .......... .......... .......... .......... .......... 71%  114M 0s
 66200K .......... .......... .......... .......... .......... 71%  415M 0s
 66250K .......... .......... .......... .......... .......... 71%  408M 0s
 66300K .......... .......... .......... .......... .......... 71%  128M 0s
 66350K .......... .......... .......... .......... .......... 71%  599M 0s
 66400K .......... .......... .......... .......... .......... 71% 94.9M 0s
 66450K .......... .......... .......... .......... .......... 71%  176M 0s
 66500K .......... .......... .......... .......... .......... 71%  364M 0s
 66550K .......... .......... .......... .......... .......... 71%  639M 0s
 66600K .......... .......... .......... .......... .......... 72%  602M 0s
 66650K .......... .......... .......... .......... .......... 72%  153M 0s
 66700K .......... .......... .......... .......... .......... 72%  475M 0s
 66750K .......... .......... .......... .......... .......... 72%  614M 0s
 66800K .......... .......... .......... .......... .......... 72%  146M 0s
 66850K .......... .......... .......... .......... .......... 72%  399M 0s
 66900K .......... .......... .......... .......... .......... 72% 45.5M 0s
 66950K .......... .......... .......... .......... .......... 72%  178M 0s
 67000K .......... .......... .......... .......... .......... 72%  173M 0s
 67050K .......... .......... .......... .......... .......... 72%  180M 0s
 67100K .......... .......... .......... .......... .......... 72%  511M 0s
 67150K .......... .......... .......... .......... .......... 72%  596M 0s
 67200K .......... .......... .......... .......... .......... 72%  612M 0s
 67250K .......... .......... .......... .......... .......... 72%  593M 0s
 67300K .......... .......... .......... .......... .......... 72%  522M 0s
 67350K .......... .......... .......... .......... .......... 72%  544M 0s
 67400K .......... .......... .......... .......... .......... 72%  631M 0s
 67450K .......... .......... .......... .......... .......... 72%  661M 0s
 67500K .......... .......... .......... .......... .......... 72%  542M 0s
 67550K .......... .......... .......... .......... .......... 73%  608M 0s
 67600K .......... .......... .......... .......... .......... 73%  594M 0s
 67650K .......... .......... .......... .......... .......... 73%  612M 0s
 67700K .......... .......... .......... .......... .......... 73%  496M 0s
 67750K .......... .......... .......... .......... .......... 73%  600M 0s
 67800K .......... .......... .......... .......... .......... 73%  556M 0s
 67850K .......... .......... .......... .......... .......... 73%  601M 0s
 67900K .......... .......... .......... .......... .......... 73%  620M 0s
 67950K .......... .......... .......... .......... .......... 73%  246M 0s
 68000K .......... .......... .......... .......... .......... 73%  437M 0s
 68050K .......... .......... .......... .......... .......... 73%  651M 0s
 68100K .......... .......... .......... .......... .......... 73%  421M 0s
 68150K .......... .......... .......... .......... .......... 73%  625M 0s
 68200K .......... .......... .......... .......... .......... 73% 71.4M 0s
 68250K .......... .......... .......... .......... .......... 73%  206M 0s
 68300K .......... .......... .......... .......... .......... 73%  511M 0s
 68350K .......... .......... .......... .......... .......... 73%  555M 0s
 68400K .......... .......... .......... .......... .......... 73%  593M 0s
 68450K .......... .......... .......... .......... .......... 74%  647M 0s
 68500K .......... .......... .......... .......... .......... 74%  583M 0s
 68550K .......... .......... .......... .......... .......... 74%  648M 0s
 68600K .......... .......... .......... .......... .......... 74% 61.3M 0s
 68650K .......... .......... .......... .......... .......... 74%  157M 0s
 68700K .......... .......... .......... .......... .......... 74%  190M 0s
 68750K .......... .......... .......... .......... .......... 74%  248M 0s
 68800K .......... .......... .......... .......... .......... 74%  492M 0s
 68850K .......... .......... .......... .......... .......... 74%  675M 0s
 68900K .......... .......... .......... .......... .......... 74%  522M 0s
 68950K .......... .......... .......... .......... .......... 74%  219M 0s
 69000K .......... .......... .......... .......... .......... 74%  513M 0s
 69050K .......... .......... .......... .......... .......... 74%  613M 0s
 69100K .......... .......... .......... .......... .......... 74% 61.5M 0s
 69150K .......... .......... .......... .......... .......... 74%  247M 0s
 69200K .......... .......... .......... .......... .......... 74%  321M 0s
 69250K .......... .......... .......... .......... .......... 74%  326M 0s
 69300K .......... .......... .......... .......... .......... 74%  300M 0s
 69350K .......... .......... .......... .......... .......... 74%  101M 0s
 69400K .......... .......... .......... .......... .......... 75%  178M 0s
 69450K .......... .......... .......... .......... .......... 75%  195M 0s
 69500K .......... .......... .......... .......... .......... 75%  326M 0s
 69550K .......... .......... .......... .......... .......... 75%  291M 0s
 69600K .......... .......... .......... .......... .......... 75%  277M 0s
 69650K .......... .......... .......... .......... .......... 75%  312M 0s
 69700K .......... .......... .......... .......... .......... 75%  286M 0s
 69750K .......... .......... .......... .......... .......... 75%  322M 0s
 69800K .......... .......... .......... .......... .......... 75%  329M 0s
 69850K .......... .......... .......... .......... .......... 75%  301M 0s
 69900K .......... .......... .......... .......... .......... 75%  258M 0s
 69950K .......... .......... .......... .......... .......... 75%  319M 0s
 70000K .......... .......... .......... .......... .......... 75%  302M 0s
 70050K .......... .......... .......... .......... .......... 75%  325M 0s
 70100K .......... .......... .......... .......... .......... 75%  276M 0s
 70150K .......... .......... .......... .......... .......... 75%  319M 0s
 70200K .......... .......... .......... .......... .......... 75%  315M 0s
 70250K .......... .......... .......... .......... .......... 75%  318M 0s
 70300K .......... .......... .......... .......... .......... 76%  272M 0s
 70350K .......... .......... .......... .......... .......... 76%  338M 0s
 70400K .......... .......... .......... .......... .......... 76%  229M 0s
 70450K .......... .......... .......... .......... .......... 76%  311M 0s
 70500K .......... .......... .......... .......... .......... 76%  250M 0s
 70550K .......... .......... .......... .......... .......... 76%  318M 0s
 70600K .......... .......... .......... .......... .......... 76%  317M 0s
 70650K .......... .......... .......... .......... .......... 76%  304M 0s
 70700K .......... .......... .......... .......... .......... 76%  276M 0s
 70750K .......... .......... .......... .......... .......... 76%  335M 0s
 70800K .......... .......... .......... .......... .......... 76%  299M 0s
 70850K .......... .......... .......... .......... .......... 76%  327M 0s
 70900K .......... .......... .......... .......... .......... 76%  101M 0s
 70950K .......... .......... .......... .......... .......... 76%  177M 0s
 71000K .......... .......... .......... .......... .......... 76%  165M 0s
 71050K .......... .......... .......... .......... .......... 76%  248M 0s
 71100K .......... .......... .......... .......... .......... 76%  299M 0s
 71150K .......... .......... .......... .......... .......... 76%  311M 0s
 71200K .......... .......... .......... .......... .......... 76%  331M 0s
 71250K .......... .......... .......... .......... .......... 77%  303M 0s
 71300K .......... .......... .......... .......... .......... 77%  265M 0s
 71350K .......... .......... .......... .......... .......... 77%  307M 0s
 71400K .......... .......... .......... .......... .......... 77%  317M 0s
 71450K .......... .......... .......... .......... .......... 77%  323M 0s
 71500K .......... .......... .......... .......... .......... 77%  270M 0s
 71550K .......... .......... .......... .......... .......... 77%  300M 0s
 71600K .......... .......... .......... .......... .......... 77%  322M 0s
 71650K .......... .......... .......... .......... .......... 77% 3.79M 0s
 71700K .......... .......... .......... .......... .......... 77%  161M 0s
 71750K .......... .......... .......... .......... .......... 77%  182M 0s
 71800K .......... .......... .......... .......... .......... 77%  153M 0s
 71850K .......... .......... .......... .......... .......... 77%  198M 0s
 71900K .......... .......... .......... .......... .......... 77%  149M 0s
 71950K .......... .......... .......... .......... .......... 77%  189M 0s
 72000K .......... .......... .......... .......... .......... 77%  178M 0s
 72050K .......... .......... .......... .......... .......... 77%  188M 0s
 72100K .......... .......... .......... .......... .......... 77%  168M 0s
 72150K .......... .......... .......... .......... .......... 78%  175M 0s
 72200K .......... .......... .......... .......... .......... 78%  170M 0s
 72250K .......... .......... .......... .......... .......... 78%  182M 0s
 72300K .......... .......... .......... .......... .......... 78%  148M 0s
 72350K .......... .......... .......... .......... .......... 78%  166M 0s
 72400K .......... .......... .......... .......... .......... 78%  177M 0s
 72450K .......... .......... .......... .......... .......... 78%  177M 0s
 72500K .......... .......... .......... .......... .......... 78%  162M 0s
 72550K .......... .......... .......... .......... .......... 78%  173M 0s
 72600K .......... .......... .......... .......... .......... 78%  182M 0s
 72650K .......... .......... .......... .......... .......... 78%  177M 0s
 72700K .......... .......... .......... .......... .......... 78%  141M 0s
 72750K .......... .......... .......... .......... .......... 78%  178M 0s
 72800K .......... .......... .......... .......... .......... 78%  178M 0s
 72850K .......... .......... .......... .......... .......... 78%  181M 0s
 72900K .......... .......... .......... .......... .......... 78%  154M 0s
 72950K .......... .......... .......... .......... .......... 78%  165M 0s
 73000K .......... .......... .......... .......... .......... 78%  152M 0s
 73050K .......... .......... .......... .......... .......... 78%  172M 0s
 73100K .......... .......... .......... .......... .......... 79%  184M 0s
 73150K .......... .......... .......... .......... .......... 79%  173M 0s
 73200K .......... .......... .......... .......... .......... 79%  213M 0s
 73250K .......... .......... .......... .......... .......... 79%  317M 0s
 73300K .......... .......... .......... .......... .......... 79%  314M 0s
 73350K .......... .......... .......... .......... .......... 79%  338M 0s
 73400K .......... .......... .......... .......... .......... 79%  301M 0s
 73450K .......... .......... .......... .......... .......... 79%  314M 0s
 73500K .......... .......... .......... .......... .......... 79%  313M 0s
 73550K .......... .......... .......... .......... .......... 79%  317M 0s
 73600K .......... .......... .......... .......... .......... 79%  268M 0s
 73650K .......... .......... .......... .......... .......... 79%  316M 0s
 73700K .......... .......... .......... .......... .......... 79%  294M 0s
 73750K .......... .......... .......... .......... .......... 79%  311M 0s
 73800K .......... .......... .......... .......... .......... 79%  299M 0s
 73850K .......... .......... .......... .......... .......... 79%  312M 0s
 73900K .......... .......... .......... .......... .......... 79%  324M 0s
 73950K .......... .......... .......... .......... .......... 79%  329M 0s
 74000K .......... .......... .......... .......... .......... 80%  264M 0s
 74050K .......... .......... .......... .......... .......... 80%  331M 0s
 74100K .......... .......... .......... .......... .......... 80%  329M 0s
 74150K .......... .......... .......... .......... .......... 80%  324M 0s
 74200K .......... .......... .......... .......... .......... 80%  283M 0s
 74250K .......... .......... .......... .......... .......... 80%  318M 0s
 74300K .......... .......... .......... .......... .......... 80%  317M 0s
 74350K .......... .......... .......... .......... .......... 80%  327M 0s
 74400K .......... .......... .......... .......... .......... 80%  271M 0s
 74450K .......... .......... .......... .......... .......... 80%  306M 0s
 74500K .......... .......... .......... .......... .......... 80%  295M 0s
 74550K .......... .......... .......... .......... .......... 80%  348M 0s
 74600K .......... .......... .......... .......... .......... 80%  292M 0s
 74650K .......... .......... .......... .......... .......... 80%  305M 0s
 74700K .......... .......... .......... .......... .......... 80%  314M 0s
 74750K .......... .......... .......... .......... .......... 80%  319M 0s
 74800K .......... .......... .......... .......... .......... 80%  252M 0s
 74850K .......... .......... .......... .......... .......... 80%  312M 0s
 74900K .......... .......... .......... .......... .......... 80%  321M 0s
 74950K .......... .......... .......... .......... .......... 81%  307M 0s
 75000K .......... .......... .......... .......... .......... 81%  293M 0s
 75050K .......... .......... .......... .......... .......... 81%  327M 0s
 75100K .......... .......... .......... .......... .......... 81%  313M 0s
 75150K .......... .......... .......... .......... .......... 81%  309M 0s
 75200K .......... .......... .......... .......... .......... 81%  270M 0s
 75250K .......... .......... .......... .......... .......... 81%  324M 0s
 75300K .......... .......... .......... .......... .......... 81%  323M 0s
 75350K .......... .......... .......... .......... .......... 81%  324M 0s
 75400K .......... .......... .......... .......... .......... 81%  273M 0s
 75450K .......... .......... .......... .......... .......... 81%  291M 0s
 75500K .......... .......... .......... .......... .......... 81%  310M 0s
 75550K .......... .......... .......... .......... .......... 81%  321M 0s
 75600K .......... .......... .......... .......... .......... 81%  253M 0s
 75650K .......... .......... .......... .......... .......... 81%  302M 0s
 75700K .......... .......... .......... .......... .......... 81%  321M 0s
 75750K .......... .......... .......... .......... .......... 81%  272M 0s
 75800K .......... .......... .......... .......... .......... 81%  273M 0s
 75850K .......... .......... .......... .......... .......... 82%  318M 0s
 75900K .......... .......... .......... .......... .......... 82%  303M 0s
 75950K .......... .......... .......... .......... .......... 82%  313M 0s
 76000K .......... .......... .......... .......... .......... 82%  272M 0s
 76050K .......... .......... .......... .......... .......... 82%  299M 0s
 76100K .......... .......... .......... .......... .......... 82%  314M 0s
 76150K .......... .......... .......... .......... .......... 82%  306M 0s
 76200K .......... .......... .......... .......... .......... 82%  310M 0s
 76250K .......... .......... .......... .......... .......... 82%  335M 0s
 76300K .......... .......... .......... .......... .......... 82%  325M 0s
 76350K .......... .......... .......... .......... .......... 82%  298M 0s
 76400K .......... .......... .......... .......... .......... 82%  271M 0s
 76450K .......... .......... .......... .......... .......... 82%  383M 0s
 76500K .......... .......... .......... .......... .......... 82%  562M 0s
 76550K .......... .......... .......... .......... .......... 82%  571M 0s
 76600K .......... .......... .......... .......... .......... 82%  548M 0s
 76650K .......... .......... .......... .......... .......... 82%  569M 0s
 76700K .......... .......... .......... .......... .......... 82%  543M 0s
 76750K .......... .......... .......... .......... .......... 82%  613M 0s
 76800K .......... .......... .......... .......... .......... 83%  477M 0s
 76850K .......... .......... .......... .......... .......... 83%  543M 0s
 76900K .......... .......... .......... .......... .......... 83%  443M 0s
 76950K .......... .......... .......... .......... .......... 83%  485M 0s
 77000K .......... .......... .......... .......... .......... 83%  554M 0s
 77050K .......... .......... .......... .......... .......... 83%  623M 0s
 77100K .......... .......... .......... .......... .......... 83%  610M 0s
 77150K .......... .......... .......... .......... .......... 83%  534M 0s
 77200K .......... .......... .......... .......... .......... 83%  487M 0s
 77250K .......... .......... .......... .......... .......... 83%  533M 0s
 77300K .......... .......... .......... .......... .......... 83%  592M 0s
 77350K .......... .......... .......... .......... .......... 83%  625M 0s
 77400K .......... .......... .......... .......... .......... 83%  488M 0s
 77450K .......... .......... .......... .......... .......... 83%  533M 0s
 77500K .......... .......... .......... .......... .......... 83%  512M 0s
 77550K .......... .......... .......... .......... .......... 83%  563M 0s
 77600K .......... .......... .......... .......... .......... 83%  449M 0s
 77650K .......... .......... .......... .......... .......... 83%  613M 0s
 77700K .......... .......... .......... .......... .......... 84%  573M 0s
 77750K .......... .......... .......... .......... .......... 84%  617M 0s
 77800K .......... .......... .......... .......... .......... 84%  471M 0s
 77850K .......... .......... .......... .......... .......... 84%  548M 0s
 77900K .......... .......... .......... .......... .......... 84%  558M 0s
 77950K .......... .......... .......... .......... .......... 84%  490M 0s
 78000K .......... .......... .......... .......... .......... 84%  489M 0s
 78050K .......... .......... .......... .......... .......... 84%  599M 0s
 78100K .......... .......... .......... .......... .......... 84%  506M 0s
 78150K .......... .......... .......... .......... .......... 84%  586M 0s
 78200K .......... .......... .......... .......... .......... 84%  505M 0s
 78250K .......... .......... .......... .......... .......... 84%  570M 0s
 78300K .......... .......... .......... .......... .......... 84%  497M 0s
 78350K .......... .......... .......... .......... .......... 84%  612M 0s
 78400K .......... .......... .......... .......... .......... 84%  479M 0s
 78450K .......... .......... .......... .......... .......... 84%  512M 0s
 78500K .......... .......... .......... .......... .......... 84%  588M 0s
 78550K .......... .......... .......... .......... .......... 84%  531M 0s
 78600K .......... .......... .......... .......... .......... 84%  540M 0s
 78650K .......... .......... .......... .......... .......... 85%  550M 0s
 78700K .......... .......... .......... .......... .......... 85%  589M 0s
 78750K .......... .......... .......... .......... .......... 85%  572M 0s
 78800K .......... .......... .......... .......... .......... 85%  483M 0s
 78850K .......... .......... .......... .......... .......... 85%  566M 0s
 78900K .......... .......... .......... .......... .......... 85%  624M 0s
 78950K .......... .......... .......... .......... .......... 85%  545M 0s
 79000K .......... .......... .......... .......... .......... 85%  562M 0s
 79050K .......... .......... .......... .......... .......... 85%  510M 0s
 79100K .......... .......... .......... .......... .......... 85%  592M 0s
 79150K .......... .......... .......... .......... .......... 85%  631M 0s
 79200K .......... .......... .......... .......... .......... 85%  501M 0s
 79250K .......... .......... .......... .......... .......... 85%  630M 0s
 79300K .......... .......... .......... .......... .......... 85%  634M 0s
 79350K .......... .......... .......... .......... .......... 85%  602M 0s
 79400K .......... .......... .......... .......... .......... 85%  562M 0s
 79450K .......... .......... .......... .......... .......... 85%  621M 0s
 79500K .......... .......... .......... .......... .......... 85%  634M 0s
 79550K .......... .......... .......... .......... .......... 86%  614M 0s
 79600K .......... .......... .......... .......... .......... 86%  481M 0s
 79650K .......... .......... .......... .......... .......... 86%  544M 0s
 79700K .......... .......... .......... .......... .......... 86%  590M 0s
 79750K .......... .......... .......... .......... .......... 86%  574M 0s
 79800K .......... .......... .......... .......... .......... 86%  562M 0s
 79850K .......... .......... .......... .......... .......... 86%  606M 0s
 79900K .......... .......... .......... .......... .......... 86%  596M 0s
 79950K .......... .......... .......... .......... .......... 86%  581M 0s
 80000K .......... .......... .......... .......... .......... 86%  506M 0s
 80050K .......... .......... .......... .......... .......... 86%  624M 0s
 80100K .......... .......... .......... .......... .......... 86%  596M 0s
 80150K .......... .......... .......... .......... .......... 86%  624M 0s
 80200K .......... .......... .......... .......... .......... 86%  503M 0s
 80250K .......... .......... .......... .......... .......... 86%  587M 0s
 80300K .......... .......... .......... .......... .......... 86%  614M 0s
 80350K .......... .......... .......... .......... .......... 86%  602M 0s
 80400K .......... .......... .......... .......... .......... 86%  514M 0s
 80450K .......... .......... .......... .......... .......... 86%  598M 0s
 80500K .......... .......... .......... .......... .......... 87%  610M 0s
 80550K .......... .......... .......... .......... .......... 87%  615M 0s
 80600K .......... .......... .......... .......... .......... 87%  566M 0s
 80650K .......... .......... .......... .......... .......... 87%  610M 0s
 80700K .......... .......... .......... .......... .......... 87%  628M 0s
 80750K .......... .......... .......... .......... .......... 87%  594M 0s
 80800K .......... .......... .......... .......... .......... 87%  472M 0s
 80850K .......... .......... .......... .......... .......... 87%  612M 0s
 80900K .......... .......... .......... .......... .......... 87%  604M 0s
 80950K .......... .......... .......... .......... .......... 87%  605M 0s
 81000K .......... .......... .......... .......... .......... 87%  522M 0s
 81050K .......... .......... .......... .......... .......... 87%  598M 0s
 81100K .......... .......... .......... .......... .......... 87%  616M 0s
 81150K .......... .......... .......... .......... .......... 87%  605M 0s
 81200K .......... .......... .......... .......... .......... 87%  495M 0s
 81250K .......... .......... .......... .......... .......... 87%  632M 0s
 81300K .......... .......... .......... .......... .......... 87%  604M 0s
 81350K .......... .......... .......... .......... .......... 87%  627M 0s
 81400K .......... .......... .......... .......... .......... 88%  522M 0s
 81450K .......... .......... .......... .......... .......... 88%  592M 0s
 81500K .......... .......... .......... .......... .......... 88%  595M 0s
 81550K .......... .......... .......... .......... .......... 88%  622M 0s
 81600K .......... .......... .......... .......... .......... 88%  487M 0s
 81650K .......... .......... .......... .......... .......... 88%  583M 0s
 81700K .......... .......... .......... .......... .......... 88%  626M 0s
 81750K .......... .......... .......... .......... .......... 88%  619M 0s
 81800K .......... .......... .......... .......... .......... 88%  542M 0s
 81850K .......... .......... .......... .......... .......... 88%  601M 0s
 81900K .......... .......... .......... .......... .......... 88% 8.92M 0s
 81950K .......... .......... .......... .......... .......... 88%  191M 0s
 82000K .......... .......... .......... .......... .......... 88%  463M 0s
 82050K .......... .......... .......... .......... .......... 88%  592M 0s
 82100K .......... .......... .......... .......... .......... 88%  584M 0s
 82150K .......... .......... .......... .......... .......... 88%  514M 0s
 82200K .......... .......... .......... .......... .......... 88%  492M 0s
 82250K .......... .......... .......... .......... .......... 88%  483M 0s
 82300K .......... .......... .......... .......... .......... 88%  538M 0s
 82350K .......... .......... .......... .......... .......... 89%  535M 0s
 82400K .......... .......... .......... .......... .......... 89%  486M 0s
 82450K .......... .......... .......... .......... .......... 89%  555M 0s
 82500K .......... .......... .......... .......... .......... 89%  595M 0s
 82550K .......... .......... .......... .......... .......... 89%  613M 0s
 82600K .......... .......... .......... .......... .......... 89%  555M 0s
 82650K .......... .......... .......... .......... .......... 89%  583M 0s
 82700K .......... .......... .......... .......... .......... 89%  529M 0s
 82750K .......... .......... .......... .......... .......... 89%  527M 0s
 82800K .......... .......... .......... .......... .......... 89%  439M 0s
 82850K .......... .......... .......... .......... .......... 89%  540M 0s
 82900K .......... .......... .......... .......... .......... 89%  543M 0s
 82950K .......... .......... .......... .......... .......... 89%  550M 0s
 83000K .......... .......... .......... .......... .......... 89%  541M 0s
 83050K .......... .......... .......... .......... .......... 89%  587M 0s
 83100K .......... .......... .......... .......... .......... 89%  615M 0s
 83150K .......... .......... .......... .......... .......... 89%  565M 0s
 83200K .......... .......... .......... .......... .......... 89%  486M 0s
 83250K .......... .......... .......... .......... .......... 90%  636M 0s
 83300K .......... .......... .......... .......... .......... 90%  558M 0s
 83350K .......... .......... .......... .......... .......... 90%  572M 0s
 83400K .......... .......... .......... .......... .......... 90%  541M 0s
 83450K .......... .......... .......... .......... .......... 90%  581M 0s
 83500K .......... .......... .......... .......... .......... 90%  609M 0s
 83550K .......... .......... .......... .......... .......... 90%  529M 0s
 83600K .......... .......... .......... .......... .......... 90%  634M 0s
 83650K .......... .......... .......... .......... .......... 90%  629M 0s
 83700K .......... .......... .......... .......... .......... 90%  559M 0s
 83750K .......... .......... .......... .......... .......... 90%  640M 0s
 83800K .......... .......... .......... .......... .......... 90%  639M 0s
 83850K .......... .......... .......... .......... .......... 90%  604M 0s
 83900K .......... .......... .......... .......... .......... 90%  515M 0s
 83950K .......... .......... .......... .......... .......... 90% 45.7M 0s
 84000K .......... .......... .......... .......... .......... 90%  193M 0s
 84050K .......... .......... .......... .......... .......... 90%  220M 0s
 84100K .......... .......... .......... .......... .......... 90%  208M 0s
 84150K .......... .......... .......... .......... .......... 90%  223M 0s
 84200K .......... .......... .......... .......... .......... 91%  211M 0s
 84250K .......... .......... .......... .......... .......... 91%  215M 0s
 84300K .......... .......... .......... .......... .......... 91%  188M 0s
 84350K .......... .......... .......... .......... .......... 91%  243M 0s
 84400K .......... .......... .......... .......... .......... 91%  224M 0s
 84450K .......... .......... .......... .......... .......... 91%  226M 0s
 84500K .......... .......... .......... .......... .......... 91%  212M 0s
 84550K .......... .......... .......... .......... .......... 91%  244M 0s
 84600K .......... .......... .......... .......... .......... 91%  243M 0s
 84650K .......... .......... .......... .......... .......... 91%  199M 0s
 84700K .......... .......... .......... .......... .......... 91%  188M 0s
 84750K .......... .......... .......... .......... .......... 91%  226M 0s
 84800K .......... .......... .......... .......... .......... 91%  232M 0s
 84850K .......... .......... .......... .......... .......... 91%  198M 0s
 84900K .......... .......... .......... .......... .......... 91%  212M 0s
 84950K .......... .......... .......... .......... .......... 91%  230M 0s
 85000K .......... .......... .......... .......... .......... 91%  229M 0s
 85050K .......... .......... .......... .......... .......... 91%  233M 0s
 85100K .......... .......... .......... .......... .......... 92%  185M 0s
 85150K .......... .......... .......... .......... .......... 92%  232M 0s
 85200K .......... .......... .......... .......... .......... 92%  234M 0s
 85250K .......... .......... .......... .......... .......... 92%  220M 0s
 85300K .......... .......... .......... .......... .......... 92%  202M 0s
 85350K .......... .......... .......... .......... .......... 92%  227M 0s
 85400K .......... .......... .......... .......... .......... 92%  240M 0s
 85450K .......... .......... .......... .......... .......... 92%  246M 0s
 85500K .......... .......... .......... .......... .......... 92%  197M 0s
 85550K .......... .......... .......... .......... .......... 92%  223M 0s
 85600K .......... .......... .......... .......... .......... 92%  245M 0s
 85650K .......... .......... .......... .......... .......... 92%  243M 0s
 85700K .......... .......... .......... .......... .......... 92%  205M 0s
 85750K .......... .......... .......... .......... .......... 92%  192M 0s
 85800K .......... .......... .......... .......... .......... 92%  227M 0s
 85850K .......... .......... .......... .......... .......... 92%  255M 0s
 85900K .......... .......... .......... .......... .......... 92%  188M 0s
 85950K .......... .......... .......... .......... .......... 92%  246M 0s
 86000K .......... .......... .......... .......... .......... 92%  224M 0s
 86050K .......... .......... .......... .......... .......... 93%  221M 0s
 86100K .......... .......... .......... .......... .......... 93%  202M 0s
 86150K .......... .......... .......... .......... .......... 93%  233M 0s
 86200K .......... .......... .......... .......... .......... 93%  234M 0s
 86250K .......... .......... .......... .......... .......... 93%  381M 0s
 86300K .......... .......... .......... .......... .......... 93%  500M 0s
 86350K .......... .......... .......... .......... .......... 93%  445M 0s
 86400K .......... .......... .......... .......... .......... 93%  493M 0s
 86450K .......... .......... .......... .......... .......... 93%  512M 0s
 86500K .......... .......... .......... .......... .......... 93%  452M 0s
 86550K .......... .......... .......... .......... .......... 93%  510M 0s
 86600K .......... .......... .......... .......... .......... 93%  379M 0s
 86650K .......... .......... .......... .......... .......... 93%  402M 0s
 86700K .......... .......... .......... .......... .......... 93%  379M 0s
 86750K .......... .......... .......... .......... .......... 93%  458M 0s
 86800K .......... .......... .......... .......... .......... 93%  502M 0s
 86850K .......... .......... .......... .......... .......... 93%  500M 0s
 86900K .......... .......... .......... .......... .......... 93%  424M 0s
 86950K .......... .......... .......... .......... .......... 94%  425M 0s
 87000K .......... .......... .......... .......... .......... 94%  436M 0s
 87050K .......... .......... .......... .......... .......... 94%  439M 0s
 87100K .......... .......... .......... .......... .......... 94%  376M 0s
 87150K .......... .......... .......... .......... .......... 94%  478M 0s
 87200K .......... .......... .......... .......... .......... 94%  502M 0s
 87250K .......... .......... .......... .......... .......... 94%  372M 0s
 87300K .......... .......... .......... .......... .......... 94%  376M 0s
 87350K .......... .......... .......... .......... .......... 94%  478M 0s
 87400K .......... .......... .......... .......... .......... 94%  484M 0s
 87450K .......... .......... .......... .......... .......... 94%  505M 0s
 87500K .......... .......... .......... .......... .......... 94%  389M 0s
 87550K .......... .......... .......... .......... .......... 94%  456M 0s
 87600K .......... .......... .......... .......... .......... 94%  487M 0s
 87650K .......... .......... .......... .......... .......... 94%  452M 0s
 87700K .......... .......... .......... .......... .......... 94%  421M 0s
 87750K .......... .......... .......... .......... .......... 94%  505M 0s
 87800K .......... .......... .......... .......... .......... 94%  488M 0s
 87850K .......... .......... .......... .......... .......... 94%  459M 0s
 87900K .......... .......... .......... .......... .......... 95%  369M 0s
 87950K .......... .......... .......... .......... .......... 95%  486M 0s
 88000K .......... .......... .......... .......... .......... 95%  445M 0s
 88050K .......... .......... .......... .......... .......... 95%  446M 0s
 88100K .......... .......... .......... .......... .......... 95%  504M 0s
 88150K .......... .......... .......... .......... .......... 95%  431M 0s
 88200K .......... .......... .......... .......... .......... 95%  504M 0s
 88250K .......... .......... .......... .......... .......... 95%  496M 0s
 88300K .......... .......... .......... .......... .......... 95%  414M 0s
 88350K .......... .......... .......... .......... .......... 95%  468M 0s
 88400K .......... .......... .......... .......... .......... 95%  427M 0s
 88450K .......... .......... .......... .......... .......... 95%  456M 0s
 88500K .......... .......... .......... .......... .......... 95%  389M 0s
 88550K .......... .......... .......... .......... .......... 95%  473M 0s
 88600K .......... .......... .......... .......... .......... 95%  382M 0s
 88650K .......... .......... .......... .......... .......... 95%  497M 0s
 88700K .......... .......... .......... .......... .......... 95%  432M 0s
 88750K .......... .......... .......... .......... .......... 95%  496M 0s
 88800K .......... .......... .......... .......... .......... 96%  495M 0s
 88850K .......... .......... .......... .......... .......... 96%  504M 0s
 88900K .......... .......... .......... .......... .......... 96%  457M 0s
 88950K .......... .......... .......... .......... .......... 96%  415M 0s
 89000K .......... .......... .......... .......... .......... 96%  469M 0s
 89050K .......... .......... .......... .......... .......... 96%  471M 0s
 89100K .......... .......... .......... .......... .......... 96%  397M 0s
 89150K .......... .......... .......... .......... .......... 96%  508M 0s
 89200K .......... .......... .......... .......... .......... 96%  501M 0s
 89250K .......... .......... .......... .......... .......... 96%  491M 0s
 89300K .......... .......... .......... .......... .......... 96%  443M 0s
 89350K .......... .......... .......... .......... .......... 96%  495M 0s
 89400K .......... .......... .......... .......... .......... 96%  398M 0s
 89450K .......... .......... .......... .......... .......... 96%  407M 0s
 89500K .......... .......... .......... .......... .......... 96%  403M 0s
 89550K .......... .......... .......... .......... .......... 96%  470M 0s
 89600K .......... .......... .......... .......... .......... 96%  517M 0s
 89650K .......... .......... .......... .......... .......... 96%  503M 0s
 89700K .......... .......... .......... .......... .......... 96% 15.8M 0s
 89750K .......... .......... .......... .......... .......... 97%  525M 0s
 89800K .......... .......... .......... .......... .......... 97%  612M 0s
 89850K .......... .......... .......... .......... .......... 97%  142M 0s
 89900K .......... .......... .......... .......... .......... 97%  427M 0s
 89950K .......... .......... .......... .......... .......... 97%  510M 0s
 90000K .......... .......... .......... .......... .......... 97%  580M 0s
 90050K .......... .......... .......... .......... .......... 97%  630M 0s
 90100K .......... .......... .......... .......... .......... 97%  143M 0s
 90150K .......... .......... .......... .......... .......... 97%  546M 0s
 90200K .......... .......... .......... .......... .......... 97%  328M 0s
 90250K .......... .......... .......... .......... .......... 97%  504M 0s
 90300K .......... .......... .......... .......... .......... 97%  277M 0s
 90350K .......... .......... .......... .......... .......... 97% 48.4M 0s
 90400K .......... .......... .......... .......... .......... 97%  595M 0s
 90450K .......... .......... .......... .......... .......... 97%  412M 0s
 90500K .......... .......... .......... .......... .......... 97%  569M 0s
 90550K .......... .......... .......... .......... .......... 97%  434M 0s
 90600K .......... .......... .......... .......... .......... 97% 41.3M 0s
 90650K .......... .......... .......... .......... .......... 98%  168M 0s
 90700K .......... .......... .......... .......... .......... 98%  149M 0s
 90750K .......... .......... .......... .......... .......... 98%  329M 0s
 90800K .......... .......... .......... .......... .......... 98%  639M 0s
 90850K .......... .......... .......... .......... .......... 98%  175M 0s
 90900K .......... .......... .......... .......... .......... 98%  430M 0s
 90950K .......... .......... .......... .......... .......... 98%  589M 0s
 91000K .......... .......... .......... .......... .......... 98% 53.4M 0s
 91050K .......... .......... .......... .......... .......... 98%  578M 0s
 91100K .......... .......... .......... .......... .......... 98% 84.9M 0s
 91150K .......... .......... .......... .......... .......... 98%  266M 0s
 91200K .......... .......... .......... .......... .......... 98%  566M 0s
 91250K .......... .......... .......... .......... .......... 98%  377M 0s
 91300K .......... .......... .......... .......... .......... 98%  421M 0s
 91350K .......... .......... .......... .......... .......... 98% 55.4M 0s
 91400K .......... .......... .......... .......... .......... 98%  207M 0s
 91450K .......... .......... .......... .......... .......... 98%  624M 0s
 91500K .......... .......... .......... .......... .......... 98%  139M 0s
 91550K .......... .......... .......... .......... .......... 98%  373M 0s
 91600K .......... .......... .......... .......... .......... 99% 73.7M 0s
 91650K .......... .......... .......... .......... .......... 99%  171M 0s
 91700K .......... .......... .......... .......... .......... 99%  172M 0s
 91750K .......... .......... .......... .......... .......... 99%  247M 0s
 91800K .......... .......... .......... .......... .......... 99%  594M 0s
 91850K .......... .......... .......... .......... .......... 99%  617M 0s
 91900K .......... .......... .......... .......... .......... 99% 53.9M 0s
 91950K .......... .......... .......... .......... .......... 99%  446M 0s
 92000K .......... .......... .......... .......... .......... 99% 41.9M 0s
 92050K .......... .......... .......... .......... .......... 99%  185M 0s
 92100K .......... .......... .......... .......... .......... 99%  477M 0s
 92150K .......... .......... .......... .......... .......... 99% 3.31M 0s
 92200K .......... .......... .......... .......... .......... 99%  170M 0s
 92250K .......... .......... .......... .......... .......... 99%  379M 0s
 92300K .......... .......... .......... .......... .......... 99%  384M 0s
 92350K .......... .......... .......... .......... .......... 99%  401M 0s
 92400K .......... .......... .......... .......... .......... 99%  329M 0s
 92450K .......... .......... .......... .......... .......... 99%  392M 0s
 92500K .......... .......... .......... .........            100%  184M=0.4s

2024-08-13 16:55:59 (217 MB/s) - ‘code-server-4.91.1-linux-amd64.tar.gz’ saved [94760654/94760654]

code-server-4.91.1-linux-amd64/
code-server-4.91.1-linux-amd64/lib/
code-server-4.91.1-linux-amd64/lib/node
code-server-4.91.1-linux-amd64/lib/vscode/
code-server-4.91.1-linux-amd64/lib/vscode/node_modules.asar
code-server-4.91.1-linux-amd64/lib/vscode/npm-shrinkwrap.json
code-server-4.91.1-linux-amd64/lib/vscode/package.json
code-server-4.91.1-linux-amd64/lib/vscode/resources/
code-server-4.91.1-linux-amd64/lib/vscode/resources/server/
code-server-4.91.1-linux-amd64/lib/vscode/resources/server/manifest.json
code-server-4.91.1-linux-amd64/lib/vscode/resources/server/favicon.ico
code-server-4.91.1-linux-amd64/lib/vscode/resources/server/code-192.png
code-server-4.91.1-linux-amd64/lib/vscode/resources/server/code-512.png
code-server-4.91.1-linux-amd64/lib/vscode/bin/
code-server-4.91.1-linux-amd64/lib/vscode/bin/helpers/
code-server-4.91.1-linux-amd64/lib/vscode/bin/helpers/browser.cmd
code-server-4.91.1-linux-amd64/lib/vscode/bin/helpers/browser.sh
code-server-4.91.1-linux-amd64/lib/vscode/bin/helpers/browser-darwin.sh
code-server-4.91.1-linux-amd64/lib/vscode/bin/helpers/check-requirements.sh
code-server-4.91.1-linux-amd64/lib/vscode/bin/helpers/browser-linux.sh
code-server-4.91.1-linux-amd64/lib/vscode/bin/code-server-oss
code-server-4.91.1-linux-amd64/lib/vscode/bin/remote-cli/
code-server-4.91.1-linux-amd64/lib/vscode/bin/remote-cli/code-server
code-server-4.91.1-linux-amd64/lib/vscode/bin/remote-cli/code-darwin.sh
code-server-4.91.1-linux-amd64/lib/vscode/bin/remote-cli/code-linux.sh
code-server-4.91.1-linux-amd64/lib/vscode/bin/remote-cli/code.cmd
code-server-4.91.1-linux-amd64/lib/vscode/extensions/
code-server-4.91.1-linux-amd64/lib/vscode/extensions/ms-vscode.js-debug-companion/
code-server-4.91.1-linux-amd64/lib/vscode/extensions/ms-vscode.js-debug-companion/SECURITY.md
code-server-4.91.1-linux-amd64/lib/vscode/extensions/ms-vscode.js-debug-companion/ThirdPartyNotices.txt
code-server-4.91.1-linux-amd64/lib/vscode/extensions/ms-vscode.js-debug-companion/README.md
code-server-4.91.1-linux-amd64/lib/vscode/extensions/ms-vscode.js-debug-companion/package.json
code-server-4.91.1-linux-amd64/lib/vscode/extensions/ms-vscode.js-debug-companion/resources/
code-server-4.91.1-linux-amd64/lib/vscode/extensions/ms-vscode.js-debug-companion/resources/logo.png
code-server-4.91.1-linux-amd64/lib/vscode/extensions/ms-vscode.js-debug-companion/ci.yml
code-server-4.91.1-linux-amd64/lib/vscode/extensions/ms-vscode.js-debug-companion/LICENSE.txt
code-server-4.91.1-linux-amd64/lib/vscode/extensions/ms-vscode.js-debug-companion/out/
code-server-4.91.1-linux-amd64/lib/vscode/extensions/ms-vscode.js-debug-companion/out/extension.js
code-server-4.91.1-linux-amd64/lib/vscode/extensions/cpp/
code-server-4.91.1-linux-amd64/lib/vscode/extensions/cpp/snippets/
code-server-4.91.1-linux-amd64/lib/vscode/extensions/cpp/snippets/cpp.code-snippets
code-server-4.91.1-linux-amd64/lib/vscode/extensions/cpp/snippets/c.code-snippets
code-server-4.91.1-linux-amd64/lib/vscode/extensions/cpp/package.json
code-server-4.91.1-linux-amd64/lib/vscode/extensions/cpp/package.nls.json
code-server-4.91.1-linux-amd64/lib/vscode/extensions/cpp/syntaxes/
code-server-4.91.1-linux-amd64/lib/vscode/extensions/cpp/syntaxes/cpp.embedded.macro.tmLanguage.json
code-server-4.91.1-linux-amd64/lib/vscode/extensions/cpp/syntaxes/platform.tmLanguage.json
code-server-4.91.1-linux-amd64/lib/vscode/extensions/cpp/syntaxes/cuda-cpp.tmLanguage.json
code-server-4.91.1-linux-amd64/lib/vscode/extensions/cpp/syntaxes/c.tmLanguage.json
code-server-4.91.1-linux-amd64/lib/vscode/extensions/cpp/syntaxes/cpp.tmLanguage.json
code-server-4.91.1-linux-amd64/lib/vscode/extensions/cpp/language-configuration.json
code-server-4.91.1-linux-amd64/lib/vscode/extensions/configuration-editing/
code-server-4.91.1-linux-amd64/lib/vscode/extensions/configuration-editing/dist/
code-server-4.91.1-linux-amd64/lib/vscode/extensions/configuration-editing/dist/configurationEditingMain.js.LICENSE.txt
code-server-4.91.1-linux-amd64/lib/vscode/extensions/configuration-editing/dist/configurationEditingMain.js
code-server-4.91.1-linux-amd64/lib/vscode/extensions/configuration-editing/dist/configurationEditingMain.js.map
code-server-4.91.1-linux-amd64/lib/vscode/extensions/configuration-editing/package.json
code-server-4.91.1-linux-amd64/lib/vscode/extensions/configuration-editing/package.nls.json
code-server-4.91.1-linux-amd64/lib/vscode/extensions/configuration-editing/schemas/
code-server-4.91.1-linux-amd64/lib/vscode/extensions/configuration-editing/schemas/attachContainer.schema.json
code-server-4.91.1-linux-amd64/lib/vscode/extensions/configuration-editing/images/
code-server-4.91.1-linux-amd64/lib/vscode/extensions/configuration-editing/images/icon.png
code-server-4.91.1-linux-amd64/lib/vscode/extensions/css-language-features/
code-server-4.91.1-linux-amd64/lib/vscode/extensions/css-language-features/icons/
code-server-4.91.1-linux-amd64/lib/vscode/extensions/css-language-features/icons/css.png
code-server-4.91.1-linux-amd64/lib/vscode/extensions/css-language-features/server/
code-server-4.91.1-linux-amd64/lib/vscode/extensions/css-language-features/server/dist/
code-server-4.91.1-linux-amd64/lib/vscode/extensions/css-language-features/server/dist/node/
code-server-4.91.1-linux-amd64/lib/vscode/extensions/css-language-features/server/dist/node/cssServerMain.js
code-server-4.91.1-linux-amd64/lib/vscode/extensions/css-language-features/server/dist/node/cssServerMain.js.map
code-server-4.91.1-linux-amd64/lib/vscode/extensions/css-language-features/server/package.json
code-server-4.91.1-linux-amd64/lib/vscode/extensions/css-language-features/README.md
code-server-4.91.1-linux-amd64/lib/vscode/extensions/css-language-features/package.json
code-server-4.91.1-linux-amd64/lib/vscode/extensions/css-language-features/package.nls.json
code-server-4.91.1-linux-amd64/lib/vscode/extensions/css-language-features/schemas/
code-server-4.91.1-linux-amd64/lib/vscode/extensions/css-language-features/schemas/package.schema.json
code-server-4.91.1-linux-amd64/lib/vscode/extensions/css-language-features/client/
code-server-4.91.1-linux-amd64/lib/vscode/extensions/css-language-features/client/dist/
code-server-4.91.1-linux-amd64/lib/vscode/extensions/css-language-features/client/dist/node/
code-server-4.91.1-linux-amd64/lib/vscode/extensions/css-language-features/client/dist/node/cssClientMain.js.map
code-server-4.91.1-linux-amd64/lib/vscode/extensions/css-language-features/client/dist/node/cssClientMain.js
code-server-4.91.1-linux-amd64/lib/vscode/extensions/github-authentication/
code-server-4.91.1-linux-amd64/lib/vscode/extensions/github-authentication/media/
code-server-4.91.1-linux-amd64/lib/vscode/extensions/github-authentication/media/auth.css
code-server-4.91.1-linux-amd64/lib/vscode/extensions/github-authentication/media/index.html
code-server-4.91.1-linux-amd64/lib/vscode/extensions/github-authentication/media/favicon.ico
code-server-4.91.1-linux-amd64/lib/vscode/extensions/github-authentication/media/icon.png
code-server-4.91.1-linux-amd64/lib/vscode/extensions/github-authentication/README.md
code-server-4.91.1-linux-amd64/lib/vscode/extensions/github-authentication/dist/
code-server-4.91.1-linux-amd64/lib/vscode/extensions/github-authentication/dist/extension.js.map
code-server-4.91.1-linux-amd64/lib/vscode/extensions/github-authentication/dist/extension.js
code-server-4.91.1-linux-amd64/lib/vscode/extensions/github-authentication/package.json
code-server-4.91.1-linux-amd64/lib/vscode/extensions/github-authentication/package.nls.json
code-server-4.91.1-linux-amd64/lib/vscode/extensions/github-authentication/images/
code-server-4.91.1-linux-amd64/lib/vscode/extensions/github-authentication/images/icon.png
code-server-4.91.1-linux-amd64/lib/vscode/extensions/git/
code-server-4.91.1-linux-amd64/lib/vscode/extensions/git/README.md
code-server-4.91.1-linux-amd64/lib/vscode/extensions/git/dist/
code-server-4.91.1-linux-amd64/lib/vscode/extensions/git/dist/main.js
code-server-4.91.1-linux-amd64/lib/vscode/extensions/git/dist/git-editor-main.js.map
code-server-4.91.1-linux-amd64/lib/vscode/extensions/git/dist/ssh-askpass.sh
code-server-4.91.1-linux-amd64/lib/vscode/extensions/git/dist/git-editor.sh
code-server-4.91.1-linux-amd64/lib/vscode/extensions/git/dist/main.js.LICENSE.txt
code-server-4.91.1-linux-amd64/lib/vscode/extensions/git/dist/git-editor-empty.sh
code-server-4.91.1-linux-amd64/lib/vscode/extensions/git/dist/askpass.sh
code-server-4.91.1-linux-amd64/lib/vscode/extensions/git/dist/main.js.map
code-server-4.91.1-linux-amd64/lib/vscode/extensions/git/dist/askpass-empty.sh
code-server-4.91.1-linux-amd64/lib/vscode/extensions/git/dist/ssh-askpass-empty.sh
code-server-4.91.1-linux-amd64/lib/vscode/extensions/git/dist/askpass-main.js
code-server-4.91.1-linux-amd64/lib/vscode/extensions/git/dist/askpass-main.js.map
code-server-4.91.1-linux-amd64/lib/vscode/extensions/git/dist/git-editor-main.js
code-server-4.91.1-linux-amd64/lib/vscode/extensions/git/package.json
code-server-4.91.1-linux-amd64/lib/vscode/extensions/git/resources/
code-server-4.91.1-linux-amd64/lib/vscode/extensions/git/resources/icons/
code-server-4.91.1-linux-amd64/lib/vscode/extensions/git/resources/icons/dark/
code-server-4.91.1-linux-amd64/lib/vscode/extensions/git/resources/icons/dark/status-untracked.svg
code-server-4.91.1-linux-amd64/lib/vscode/extensions/git/resources/icons/dark/status-deleted.svg
code-server-4.91.1-linux-amd64/lib/vscode/extensions/git/resources/icons/dark/status-ignored.svg
code-server-4.91.1-linux-amd64/lib/vscode/extensions/git/resources/icons/dark/status-modified.svg
code-server-4.91.1-linux-amd64/lib/vscode/extensions/git/resources/icons/dark/status-added.svg
code-server-4.91.1-linux-amd64/lib/vscode/extensions/git/resources/icons/dark/status-copied.svg
code-server-4.91.1-linux-amd64/lib/vscode/extensions/git/resources/icons/dark/status-type-changed.svg
code-server-4.91.1-linux-amd64/lib/vscode/extensions/git/resources/icons/dark/status-conflict.svg
code-server-4.91.1-linux-amd64/lib/vscode/extensions/git/resources/icons/dark/status-renamed.svg
code-server-4.91.1-linux-amd64/lib/vscode/extensions/git/resources/icons/light/
code-server-4.91.1-linux-amd64/lib/vscode/extensions/git/resources/icons/light/status-untracked.svg
code-server-4.91.1-linux-amd64/lib/vscode/extensions/git/resources/icons/light/status-deleted.svg
code-server-4.91.1-linux-amd64/lib/vscode/extensions/git/resources/icons/light/status-ignored.svg
code-server-4.91.1-linux-amd64/lib/vscode/extensions/git/resources/icons/light/status-modified.svg
code-server-4.91.1-linux-amd64/lib/vscode/extensions/git/resources/icons/light/status-added.svg
code-server-4.91.1-linux-amd64/lib/vscode/extensions/git/resources/icons/light/status-copied.svg
code-server-4.91.1-linux-amd64/lib/vscode/extensions/git/resources/icons/light/status-type-changed.svg
code-server-4.91.1-linux-amd64/lib/vscode/extensions/git/resources/icons/light/status-conflict.svg
code-server-4.91.1-linux-amd64/lib/vscode/extensions/git/resources/icons/light/status-renamed.svg
code-server-4.91.1-linux-amd64/lib/vscode/extensions/git/resources/icons/git.png
code-server-4.91.1-linux-amd64/lib/vscode/extensions/git/resources/emojis.json
code-server-4.91.1-linux-amd64/lib/vscode/extensions/git/package.nls.json
code-server-4.91.1-linux-amd64/lib/vscode/extensions/razor/
code-server-4.91.1-linux-amd64/lib/vscode/extensions/razor/package.json
code-server-4.91.1-linux-amd64/lib/vscode/extensions/razor/package.nls.json
code-server-4.91.1-linux-amd64/lib/vscode/extensions/razor/syntaxes/
code-server-4.91.1-linux-amd64/lib/vscode/extensions/razor/syntaxes/cshtml.tmLanguage.json
code-server-4.91.1-linux-amd64/lib/vscode/extensions/razor/build/
code-server-4.91.1-linux-amd64/lib/vscode/extensions/razor/build/update-grammar.mjs
code-server-4.91.1-linux-amd64/lib/vscode/extensions/razor/language-configuration.json
code-server-4.91.1-linux-amd64/lib/vscode/extensions/groovy/
code-server-4.91.1-linux-amd64/lib/vscode/extensions/groovy/snippets/
code-server-4.91.1-linux-amd64/lib/vscode/extensions/groovy/snippets/groovy.code-snippets
code-server-4.91.1-linux-amd64/lib/vscode/extensions/groovy/package.json
code-server-4.91.1-linux-amd64/lib/vscode/extensions/groovy/package.nls.json
code-server-4.91.1-linux-amd64/lib/vscode/extensions/groovy/syntaxes/
code-server-4.91.1-linux-amd64/lib/vscode/extensions/groovy/syntaxes/groovy.tmLanguage.json
code-server-4.91.1-linux-amd64/lib/vscode/extensions/groovy/language-configuration.json
code-server-4.91.1-linux-amd64/lib/vscode/extensions/ini/
code-server-4.91.1-linux-amd64/lib/vscode/extensions/ini/properties.language-configuration.json
code-server-4.91.1-linux-amd64/lib/vscode/extensions/ini/ini.language-configuration.json
code-server-4.91.1-linux-amd64/lib/vscode/extensions/ini/package.json
code-server-4.91.1-linux-amd64/lib/vscode/extensions/ini/package.nls.json
code-server-4.91.1-linux-amd64/lib/vscode/extensions/ini/syntaxes/
code-server-4.91.1-linux-amd64/lib/vscode/extensions/ini/syntaxes/ini.tmLanguage.json
code-server-4.91.1-linux-amd64/lib/vscode/extensions/gulp/
code-server-4.91.1-linux-amd64/lib/vscode/extensions/gulp/README.md
code-server-4.91.1-linux-amd64/lib/vscode/extensions/gulp/dist/
code-server-4.91.1-linux-amd64/lib/vscode/extensions/gulp/dist/main.js
code-server-4.91.1-linux-amd64/lib/vscode/extensions/gulp/dist/main.js.map
code-server-4.91.1-linux-amd64/lib/vscode/extensions/gulp/package.json
code-server-4.91.1-linux-amd64/lib/vscode/extensions/gulp/package.nls.json
code-server-4.91.1-linux-amd64/lib/vscode/extensions/gulp/images/
code-server-4.91.1-linux-amd64/lib/vscode/extensions/gulp/images/gulp.png
code-server-4.91.1-linux-amd64/lib/vscode/extensions/make/
code-server-4.91.1-linux-amd64/lib/vscode/extensions/make/package.json
code-server-4.91.1-linux-amd64/lib/vscode/extensions/make/package.nls.json
code-server-4.91.1-linux-amd64/lib/vscode/extensions/make/syntaxes/
code-server-4.91.1-linux-amd64/lib/vscode/extensions/make/syntaxes/make.tmLanguage.json
code-server-4.91.1-linux-amd64/lib/vscode/extensions/make/language-configuration.json
code-server-4.91.1-linux-amd64/lib/vscode/extensions/python/
code-server-4.91.1-linux-amd64/lib/vscode/extensions/python/package.json
code-server-4.91.1-linux-amd64/lib/vscode/extensions/python/package.nls.json
code-server-4.91.1-linux-amd64/lib/vscode/extensions/python/syntaxes/
code-server-4.91.1-linux-amd64/lib/vscode/extensions/python/syntaxes/MagicPython.tmLanguage.json
code-server-4.91.1-linux-amd64/lib/vscode/extensions/python/syntaxes/MagicRegExp.tmLanguage.json
code-server-4.91.1-linux-amd64/lib/vscode/extensions/python/language-configuration.json
code-server-4.91.1-linux-amd64/lib/vscode/extensions/merge-conflict/
code-server-4.91.1-linux-amd64/lib/vscode/extensions/merge-conflict/media/
code-server-4.91.1-linux-amd64/lib/vscode/extensions/merge-conflict/media/icon.png
code-server-4.91.1-linux-amd64/lib/vscode/extensions/merge-conflict/README.md
code-server-4.91.1-linux-amd64/lib/vscode/extensions/merge-conflict/dist/
code-server-4.91.1-linux-amd64/lib/vscode/extensions/merge-conflict/dist/mergeConflictMain.js
code-server-4.91.1-linux-amd64/lib/vscode/extensions/merge-conflict/dist/mergeConflictMain.js.map
code-server-4.91.1-linux-amd64/lib/vscode/extensions/merge-conflict/package.json
code-server-4.91.1-linux-amd64/lib/vscode/extensions/merge-conflict/package.nls.json
code-server-4.91.1-linux-amd64/lib/vscode/extensions/xml/
code-server-4.91.1-linux-amd64/lib/vscode/extensions/xml/package.json
code-server-4.91.1-linux-amd64/lib/vscode/extensions/xml/package.nls.json
code-server-4.91.1-linux-amd64/lib/vscode/extensions/xml/syntaxes/
code-server-4.91.1-linux-amd64/lib/vscode/extensions/xml/syntaxes/xml.tmLanguage.json
code-server-4.91.1-linux-amd64/lib/vscode/extensions/xml/syntaxes/xsl.tmLanguage.json
code-server-4.91.1-linux-amd64/lib/vscode/extensions/xml/xml.language-configuration.json
code-server-4.91.1-linux-amd64/lib/vscode/extensions/xml/xsl.language-configuration.json
code-server-4.91.1-linux-amd64/lib/vscode/extensions/julia/
code-server-4.91.1-linux-amd64/lib/vscode/extensions/julia/package.json
code-server-4.91.1-linux-amd64/lib/vscode/extensions/julia/package.nls.json
code-server-4.91.1-linux-amd64/lib/vscode/extensions/julia/syntaxes/
code-server-4.91.1-linux-amd64/lib/vscode/extensions/julia/syntaxes/julia.tmLanguage.json
code-server-4.91.1-linux-amd64/lib/vscode/extensions/julia/language-configuration.json
code-server-4.91.1-linux-amd64/lib/vscode/extensions/theme-seti/
code-server-4.91.1-linux-amd64/lib/vscode/extensions/theme-seti/icons/
code-server-4.91.1-linux-amd64/lib/vscode/extensions/theme-seti/icons/seti-circular-128x128.png
code-server-4.91.1-linux-amd64/lib/vscode/extensions/theme-seti/icons/vs-seti-icon-theme.json
code-server-4.91.1-linux-amd64/lib/vscode/extensions/theme-seti/icons/seti.woff
code-server-4.91.1-linux-amd64/lib/vscode/extensions/theme-seti/ThirdPartyNotices.txt
code-server-4.91.1-linux-amd64/lib/vscode/extensions/theme-seti/README.md
code-server-4.91.1-linux-amd64/lib/vscode/extensions/theme-seti/package.json
code-server-4.91.1-linux-amd64/lib/vscode/extensions/theme-seti/package.nls.json
code-server-4.91.1-linux-amd64/lib/vscode/extensions/csharp/
code-server-4.91.1-linux-amd64/lib/vscode/extensions/csharp/snippets/
code-server-4.91.1-linux-amd64/lib/vscode/extensions/csharp/snippets/csharp.code-snippets
code-server-4.91.1-linux-amd64/lib/vscode/extensions/csharp/package.json
code-server-4.91.1-linux-amd64/lib/vscode/extensions/csharp/package.nls.json
code-server-4.91.1-linux-amd64/lib/vscode/extensions/csharp/syntaxes/
code-server-4.91.1-linux-amd64/lib/vscode/extensions/csharp/syntaxes/csharp.tmLanguage.json
code-server-4.91.1-linux-amd64/lib/vscode/extensions/csharp/language-configuration.json
code-server-4.91.1-linux-amd64/lib/vscode/extensions/emmet/
code-server-4.91.1-linux-amd64/lib/vscode/extensions/emmet/README.md
code-server-4.91.1-linux-amd64/lib/vscode/extensions/emmet/dist/
code-server-4.91.1-linux-amd64/lib/vscode/extensions/emmet/dist/node/
code-server-4.91.1-linux-amd64/lib/vscode/extensions/emmet/dist/node/emmetNodeMain.js.map
code-server-4.91.1-linux-amd64/lib/vscode/extensions/emmet/dist/node/emmetNodeMain.js
code-server-4.91.1-linux-amd64/lib/vscode/extensions/emmet/package.json
code-server-4.91.1-linux-amd64/lib/vscode/extensions/emmet/package.nls.json
code-server-4.91.1-linux-amd64/lib/vscode/extensions/emmet/images/
code-server-4.91.1-linux-amd64/lib/vscode/extensions/emmet/images/icon.png
code-server-4.91.1-linux-amd64/lib/vscode/extensions/swift/
code-server-4.91.1-linux-amd64/lib/vscode/extensions/swift/snippets/
code-server-4.91.1-linux-amd64/lib/vscode/extensions/swift/snippets/swift.code-snippets
code-server-4.91.1-linux-amd64/lib/vscode/extensions/swift/package.json
code-server-4.91.1-linux-amd64/lib/vscode/extensions/swift/package.nls.json
code-server-4.91.1-linux-amd64/lib/vscode/extensions/swift/syntaxes/
code-server-4.91.1-linux-amd64/lib/vscode/extensions/swift/syntaxes/swift.tmLanguage.json
code-server-4.91.1-linux-amd64/lib/vscode/extensions/swift/language-configuration.json
code-server-4.91.1-linux-amd64/lib/vscode/extensions/typescript-basics/
code-server-4.91.1-linux-amd64/lib/vscode/extensions/typescript-basics/snippets/
code-server-4.91.1-linux-amd64/lib/vscode/extensions/typescript-basics/snippets/typescript.code-snippets
code-server-4.91.1-linux-amd64/lib/vscode/extensions/typescript-basics/package.json
code-server-4.91.1-linux-amd64/lib/vscode/extensions/typescript-basics/package.nls.json
code-server-4.91.1-linux-amd64/lib/vscode/extensions/typescript-basics/syntaxes/
code-server-4.91.1-linux-amd64/lib/vscode/extensions/typescript-basics/syntaxes/jsdoc.ts.injection.tmLanguage.json
code-server-4.91.1-linux-amd64/lib/vscode/extensions/typescript-basics/syntaxes/TypeScript.tmLanguage.json
code-server-4.91.1-linux-amd64/lib/vscode/extensions/typescript-basics/syntaxes/TypeScriptReact.tmLanguage.json
code-server-4.91.1-linux-amd64/lib/vscode/extensions/typescript-basics/syntaxes/jsdoc.js.injection.tmLanguage.json
code-server-4.91.1-linux-amd64/lib/vscode/extensions/typescript-basics/language-configuration.json
code-server-4.91.1-linux-amd64/lib/vscode/extensions/docker/
code-server-4.91.1-linux-amd64/lib/vscode/extensions/docker/package.json
code-server-4.91.1-linux-amd64/lib/vscode/extensions/docker/package.nls.json
code-server-4.91.1-linux-amd64/lib/vscode/extensions/docker/syntaxes/
code-server-4.91.1-linux-amd64/lib/vscode/extensions/docker/syntaxes/docker.tmLanguage.json
code-server-4.91.1-linux-amd64/lib/vscode/extensions/docker/language-configuration.json
code-server-4.91.1-linux-amd64/lib/vscode/extensions/rust/
code-server-4.91.1-linux-amd64/lib/vscode/extensions/rust/package.json
code-server-4.91.1-linux-amd64/lib/vscode/extensions/rust/package.nls.json
code-server-4.91.1-linux-amd64/lib/vscode/extensions/rust/syntaxes/
code-server-4.91.1-linux-amd64/lib/vscode/extensions/rust/syntaxes/rust.tmLanguage.json
code-server-4.91.1-linux-amd64/lib/vscode/extensions/rust/build/
code-server-4.91.1-linux-amd64/lib/vscode/extensions/rust/build/update-grammar.mjs
code-server-4.91.1-linux-amd64/lib/vscode/extensions/rust/language-configuration.json
code-server-4.91.1-linux-amd64/lib/vscode/extensions/theme-abyss/
code-server-4.91.1-linux-amd64/lib/vscode/extensions/theme-abyss/package.json
code-server-4.91.1-linux-amd64/lib/vscode/extensions/theme-abyss/package.nls.json
code-server-4.91.1-linux-amd64/lib/vscode/extensions/theme-abyss/themes/
code-server-4.91.1-linux-amd64/lib/vscode/extensions/theme-abyss/themes/abyss-color-theme.json
code-server-4.91.1-linux-amd64/lib/vscode/extensions/media-preview/
code-server-4.91.1-linux-amd64/lib/vscode/extensions/media-preview/media/
code-server-4.91.1-linux-amd64/lib/vscode/extensions/media-preview/media/imagePreview.css
code-server-4.91.1-linux-amd64/lib/vscode/extensions/media-preview/media/videoPreview.css
code-server-4.91.1-linux-amd64/lib/vscode/extensions/media-preview/media/loading-dark.svg
code-server-4.91.1-linux-amd64/lib/vscode/extensions/media-preview/media/audioPreview.js
code-server-4.91.1-linux-amd64/lib/vscode/extensions/media-preview/media/loading-hc.svg
code-server-4.91.1-linux-amd64/lib/vscode/extensions/media-preview/media/loading.svg
code-server-4.91.1-linux-amd64/lib/vscode/extensions/media-preview/media/videoPreview.js
code-server-4.91.1-linux-amd64/lib/vscode/extensions/media-preview/media/imagePreview.js
code-server-4.91.1-linux-amd64/lib/vscode/extensions/media-preview/media/audioPreview.css
code-server-4.91.1-linux-amd64/lib/vscode/extensions/media-preview/README.md
code-server-4.91.1-linux-amd64/lib/vscode/extensions/media-preview/dist/
code-server-4.91.1-linux-amd64/lib/vscode/extensions/media-preview/dist/extension.js.map
code-server-4.91.1-linux-amd64/lib/vscode/extensions/media-preview/dist/extension.js
code-server-4.91.1-linux-amd64/lib/vscode/extensions/media-preview/package.json
code-server-4.91.1-linux-amd64/lib/vscode/extensions/media-preview/package.nls.json
code-server-4.91.1-linux-amd64/lib/vscode/extensions/media-preview/icon.png
code-server-4.91.1-linux-amd64/lib/vscode/extensions/theme-tomorrow-night-blue/
code-server-4.91.1-linux-amd64/lib/vscode/extensions/theme-tomorrow-night-blue/package.json
code-server-4.91.1-linux-amd64/lib/vscode/extensions/theme-tomorrow-night-blue/package.nls.json
code-server-4.91.1-linux-amd64/lib/vscode/extensions/theme-tomorrow-night-blue/themes/
code-server-4.91.1-linux-amd64/lib/vscode/extensions/theme-tomorrow-night-blue/themes/tomorrow-night-blue-color-theme.json
code-server-4.91.1-linux-amd64/lib/vscode/extensions/dart/
code-server-4.91.1-linux-amd64/lib/vscode/extensions/dart/package.json
code-server-4.91.1-linux-amd64/lib/vscode/extensions/dart/package.nls.json
code-server-4.91.1-linux-amd64/lib/vscode/extensions/dart/syntaxes/
code-server-4.91.1-linux-amd64/lib/vscode/extensions/dart/syntaxes/dart.tmLanguage.json
code-server-4.91.1-linux-amd64/lib/vscode/extensions/dart/language-configuration.json
code-server-4.91.1-linux-amd64/lib/vscode/extensions/latex/
code-server-4.91.1-linux-amd64/lib/vscode/extensions/latex/latex-cpp-embedded-language-configuration.json
code-server-4.91.1-linux-amd64/lib/vscode/extensions/latex/latex-language-configuration.json
code-server-4.91.1-linux-amd64/lib/vscode/extensions/latex/cpp-bailout-license.txt
code-server-4.91.1-linux-amd64/lib/vscode/extensions/latex/package.json
code-server-4.91.1-linux-amd64/lib/vscode/extensions/latex/package.nls.json
code-server-4.91.1-linux-amd64/lib/vscode/extensions/latex/markdown-latex-combined-language-configuration.json
code-server-4.91.1-linux-amd64/lib/vscode/extensions/latex/syntaxes/
code-server-4.91.1-linux-amd64/lib/vscode/extensions/latex/syntaxes/Bibtex.tmLanguage.json
code-server-4.91.1-linux-amd64/lib/vscode/extensions/latex/syntaxes/LaTeX.tmLanguage.json
code-server-4.91.1-linux-amd64/lib/vscode/extensions/latex/syntaxes/cpp-grammar-bailout.tmLanguage.json
code-server-4.91.1-linux-amd64/lib/vscode/extensions/latex/syntaxes/TeX.tmLanguage.json
code-server-4.91.1-linux-amd64/lib/vscode/extensions/latex/syntaxes/markdown-latex-combined.tmLanguage.json
code-server-4.91.1-linux-amd64/lib/vscode/extensions/latex/markdown-latex-combined-license.txt
code-server-4.91.1-linux-amd64/lib/vscode/extensions/ms-vscode.vscode-js-profile-table/
code-server-4.91.1-linux-amd64/lib/vscode/extensions/ms-vscode.vscode-js-profile-table/ThirdPartyNotices.txt
code-server-4.91.1-linux-amd64/lib/vscode/extensions/ms-vscode.vscode-js-profile-table/README.md
code-server-4.91.1-linux-amd64/lib/vscode/extensions/ms-vscode.vscode-js-profile-table/package.json
code-server-4.91.1-linux-amd64/lib/vscode/extensions/ms-vscode.vscode-js-profile-table/resources/
code-server-4.91.1-linux-amd64/lib/vscode/extensions/ms-vscode.vscode-js-profile-table/resources/icon.png
code-server-4.91.1-linux-amd64/lib/vscode/extensions/ms-vscode.vscode-js-profile-table/tsconfig.browser.json
code-server-4.91.1-linux-amd64/lib/vscode/extensions/ms-vscode.vscode-js-profile-table/ci.yml
code-server-4.91.1-linux-amd64/lib/vscode/extensions/ms-vscode.vscode-js-profile-table/out/
code-server-4.91.1-linux-amd64/lib/vscode/extensions/ms-vscode.vscode-js-profile-table/out/extension.web.js
code-server-4.91.1-linux-amd64/lib/vscode/extensions/ms-vscode.vscode-js-profile-table/out/extension.js
code-server-4.91.1-linux-amd64/lib/vscode/extensions/ms-vscode.vscode-js-profile-table/out/425.heapsnapshotWorker.js
code-server-4.91.1-linux-amd64/lib/vscode/extensions/ms-vscode.vscode-js-profile-table/out/heapsnapshot-client.bundle.js
code-server-4.91.1-linux-amd64/lib/vscode/extensions/ms-vscode.vscode-js-profile-table/out/heap-client.bundle.js
code-server-4.91.1-linux-amd64/lib/vscode/extensions/ms-vscode.vscode-js-profile-table/out/a443ca1a33b96237dd48.module.wasm
code-server-4.91.1-linux-amd64/lib/vscode/extensions/ms-vscode.vscode-js-profile-table/out/heapsnapshotWorker.js
code-server-4.91.1-linux-amd64/lib/vscode/extensions/ms-vscode.vscode-js-profile-table/out/cpu-client.bundle.js
code-server-4.91.1-linux-amd64/lib/vscode/extensions/ms-vscode.vscode-js-profile-table/out/848.extension.web.js
code-server-4.91.1-linux-amd64/lib/vscode/extensions/ms-vscode.vscode-js-profile-table/out/dbd61d846b1102299709.module.wasm
code-server-4.91.1-linux-amd64/lib/vscode/extensions/markdown-math/
code-server-4.91.1-linux-amd64/lib/vscode/extensions/markdown-math/README.md
code-server-4.91.1-linux-amd64/lib/vscode/extensions/markdown-math/dist/
code-server-4.91.1-linux-amd64/lib/vscode/extensions/markdown-math/dist/extension.js.map
code-server-4.91.1-linux-amd64/lib/vscode/extensions/markdown-math/dist/extension.js
code-server-4.91.1-linux-amd64/lib/vscode/extensions/markdown-math/package.json
code-server-4.91.1-linux-amd64/lib/vscode/extensions/markdown-math/package.nls.json
code-server-4.91.1-linux-amd64/lib/vscode/extensions/markdown-math/notebook-out/
code-server-4.91.1-linux-amd64/lib/vscode/extensions/markdown-math/notebook-out/katex.js
code-server-4.91.1-linux-amd64/lib/vscode/extensions/markdown-math/notebook-out/katex.min.css
code-server-4.91.1-linux-amd64/lib/vscode/extensions/markdown-math/notebook-out/fonts/
code-server-4.91.1-linux-amd64/lib/vscode/extensions/markdown-math/notebook-out/fonts/KaTeX_Main-Bold.woff2
code-server-4.91.1-linux-amd64/lib/vscode/extensions/markdown-math/notebook-out/fonts/KaTeX_Caligraphic-Regular.woff2
code-server-4.91.1-linux-amd64/lib/vscode/extensions/markdown-math/notebook-out/fonts/KaTeX_SansSerif-Italic.woff2
code-server-4.91.1-linux-amd64/lib/vscode/extensions/markdown-math/notebook-out/fonts/KaTeX_Typewriter-Regular.woff2
code-server-4.91.1-linux-amd64/lib/vscode/extensions/markdown-math/notebook-out/fonts/KaTeX_Fraktur-Bold.woff2
code-server-4.91.1-linux-amd64/lib/vscode/extensions/markdown-math/notebook-out/fonts/KaTeX_Main-BoldItalic.woff2
code-server-4.91.1-linux-amd64/lib/vscode/extensions/markdown-math/notebook-out/fonts/KaTeX_Fraktur-Regular.woff2
code-server-4.91.1-linux-amd64/lib/vscode/extensions/markdown-math/notebook-out/fonts/KaTeX_AMS-Regular.woff2
code-server-4.91.1-linux-amd64/lib/vscode/extensions/markdown-math/notebook-out/fonts/KaTeX_Caligraphic-Bold.woff2
code-server-4.91.1-linux-amd64/lib/vscode/extensions/markdown-math/notebook-out/fonts/KaTeX_Size1-Regular.woff2
code-server-4.91.1-linux-amd64/lib/vscode/extensions/markdown-math/notebook-out/fonts/KaTeX_Size2-Regular.woff2
code-server-4.91.1-linux-amd64/lib/vscode/extensions/markdown-math/notebook-out/fonts/KaTeX_Script-Regular.woff2
code-server-4.91.1-linux-amd64/lib/vscode/extensions/markdown-math/notebook-out/fonts/KaTeX_Math-Italic.woff2
code-server-4.91.1-linux-amd64/lib/vscode/extensions/markdown-math/notebook-out/fonts/KaTeX_SansSerif-Regular.woff2
code-server-4.91.1-linux-amd64/lib/vscode/extensions/markdown-math/notebook-out/fonts/KaTeX_Main-Italic.woff2
code-server-4.91.1-linux-amd64/lib/vscode/extensions/markdown-math/notebook-out/fonts/KaTeX_Size3-Regular.woff2
code-server-4.91.1-linux-amd64/lib/vscode/extensions/markdown-math/notebook-out/fonts/KaTeX_Size4-Regular.woff2
code-server-4.91.1-linux-amd64/lib/vscode/extensions/markdown-math/notebook-out/fonts/KaTeX_Math-BoldItalic.woff2
code-server-4.91.1-linux-amd64/lib/vscode/extensions/markdown-math/notebook-out/fonts/KaTeX_Main-Regular.woff2
code-server-4.91.1-linux-amd64/lib/vscode/extensions/markdown-math/notebook-out/fonts/KaTeX_SansSerif-Bold.woff2
code-server-4.91.1-linux-amd64/lib/vscode/extensions/markdown-math/syntaxes/
code-server-4.91.1-linux-amd64/lib/vscode/extensions/markdown-math/syntaxes/md-math-block.tmLanguage.json
code-server-4.91.1-linux-amd64/lib/vscode/extensions/markdown-math/syntaxes/md-math.tmLanguage.json
code-server-4.91.1-linux-amd64/lib/vscode/extensions/markdown-math/syntaxes/md-math-inline.tmLanguage.json
code-server-4.91.1-linux-amd64/lib/vscode/extensions/markdown-math/preview-styles/
code-server-4.91.1-linux-amd64/lib/vscode/extensions/markdown-math/preview-styles/index.css
code-server-4.91.1-linux-amd64/lib/vscode/extensions/markdown-math/icon.png
code-server-4.91.1-linux-amd64/lib/vscode/extensions/npm-shrinkwrap.json
code-server-4.91.1-linux-amd64/lib/vscode/extensions/shellscript/
code-server-4.91.1-linux-amd64/lib/vscode/extensions/shellscript/package.json
code-server-4.91.1-linux-amd64/lib/vscode/extensions/shellscript/package.nls.json
code-server-4.91.1-linux-amd64/lib/vscode/extensions/shellscript/syntaxes/
code-server-4.91.1-linux-amd64/lib/vscode/extensions/shellscript/syntaxes/shell-unix-bash.tmLanguage.json
code-server-4.91.1-linux-amd64/lib/vscode/extensions/shellscript/language-configuration.json
code-server-4.91.1-linux-amd64/lib/vscode/extensions/tunnel-forwarding/
code-server-4.91.1-linux-amd64/lib/vscode/extensions/tunnel-forwarding/media/
code-server-4.91.1-linux-amd64/lib/vscode/extensions/tunnel-forwarding/media/icon.png
code-server-4.91.1-linux-amd64/lib/vscode/extensions/tunnel-forwarding/dist/
code-server-4.91.1-linux-amd64/lib/vscode/extensions/tunnel-forwarding/dist/extension.js.map
code-server-4.91.1-linux-amd64/lib/vscode/extensions/tunnel-forwarding/dist/extension.js
code-server-4.91.1-linux-amd64/lib/vscode/extensions/tunnel-forwarding/package.json
code-server-4.91.1-linux-amd64/lib/vscode/extensions/tunnel-forwarding/package.nls.json
code-server-4.91.1-linux-amd64/lib/vscode/extensions/tunnel-forwarding/.vscode/
code-server-4.91.1-linux-amd64/lib/vscode/extensions/tunnel-forwarding/.vscode/launch.json
code-server-4.91.1-linux-amd64/lib/vscode/extensions/npm/
code-server-4.91.1-linux-amd64/lib/vscode/extensions/npm/README.md
code-server-4.91.1-linux-amd64/lib/vscode/extensions/npm/dist/
code-server-4.91.1-linux-amd64/lib/vscode/extensions/npm/dist/npmMain.js.LICENSE.txt
code-server-4.91.1-linux-amd64/lib/vscode/extensions/npm/dist/npmMain.js
code-server-4.91.1-linux-amd64/lib/vscode/extensions/npm/dist/npmMain.js.map
code-server-4.91.1-linux-amd64/lib/vscode/extensions/npm/package.json
code-server-4.91.1-linux-amd64/lib/vscode/extensions/npm/package.nls.json
code-server-4.91.1-linux-amd64/lib/vscode/extensions/npm/images/
code-server-4.91.1-linux-amd64/lib/vscode/extensions/npm/images/npm_icon.png
code-server-4.91.1-linux-amd64/lib/vscode/extensions/npm/images/code.svg
code-server-4.91.1-linux-amd64/lib/vscode/extensions/perl/
code-server-4.91.1-linux-amd64/lib/vscode/extensions/perl/perl6.language-configuration.json
code-server-4.91.1-linux-amd64/lib/vscode/extensions/perl/perl.language-configuration.json
code-server-4.91.1-linux-amd64/lib/vscode/extensions/perl/package.json
code-server-4.91.1-linux-amd64/lib/vscode/extensions/perl/package.nls.json
code-server-4.91.1-linux-amd64/lib/vscode/extensions/perl/syntaxes/
code-server-4.91.1-linux-amd64/lib/vscode/extensions/perl/syntaxes/perl6.tmLanguage.json
code-server-4.91.1-linux-amd64/lib/vscode/extensions/perl/syntaxes/perl.tmLanguage.json
code-server-4.91.1-linux-amd64/lib/vscode/extensions/microsoft-authentication/
code-server-4.91.1-linux-amd64/lib/vscode/extensions/microsoft-authentication/media/
code-server-4.91.1-linux-amd64/lib/vscode/extensions/microsoft-authentication/media/auth.css
code-server-4.91.1-linux-amd64/lib/vscode/extensions/microsoft-authentication/media/index.html
code-server-4.91.1-linux-amd64/lib/vscode/extensions/microsoft-authentication/media/favicon.ico
code-server-4.91.1-linux-amd64/lib/vscode/extensions/microsoft-authentication/media/icon.png
code-server-4.91.1-linux-amd64/lib/vscode/extensions/microsoft-authentication/README.md
code-server-4.91.1-linux-amd64/lib/vscode/extensions/microsoft-authentication/dist/
code-server-4.91.1-linux-amd64/lib/vscode/extensions/microsoft-authentication/dist/extension.js.map
code-server-4.91.1-linux-amd64/lib/vscode/extensions/microsoft-authentication/dist/extension.js
code-server-4.91.1-linux-amd64/lib/vscode/extensions/microsoft-authentication/package.json
code-server-4.91.1-linux-amd64/lib/vscode/extensions/microsoft-authentication/package.nls.json
code-server-4.91.1-linux-amd64/lib/vscode/extensions/less/
code-server-4.91.1-linux-amd64/lib/vscode/extensions/less/package.json
code-server-4.91.1-linux-amd64/lib/vscode/extensions/less/package.nls.json
code-server-4.91.1-linux-amd64/lib/vscode/extensions/less/syntaxes/
code-server-4.91.1-linux-amd64/lib/vscode/extensions/less/syntaxes/less.tmLanguage.json
code-server-4.91.1-linux-amd64/lib/vscode/extensions/less/build/
code-server-4.91.1-linux-amd64/lib/vscode/extensions/less/build/update-grammar.js
code-server-4.91.1-linux-amd64/lib/vscode/extensions/less/language-configuration.json
code-server-4.91.1-linux-amd64/lib/vscode/extensions/theme-kimbie-dark/
code-server-4.91.1-linux-amd64/lib/vscode/extensions/theme-kimbie-dark/package.json
code-server-4.91.1-linux-amd64/lib/vscode/extensions/theme-kimbie-dark/package.nls.json
code-server-4.91.1-linux-amd64/lib/vscode/extensions/theme-kimbie-dark/themes/
code-server-4.91.1-linux-amd64/lib/vscode/extensions/theme-kimbie-dark/themes/kimbie-dark-color-theme.json
code-server-4.91.1-linux-amd64/lib/vscode/extensions/github/
code-server-4.91.1-linux-amd64/lib/vscode/extensions/github/README.md
code-server-4.91.1-linux-amd64/lib/vscode/extensions/github/markdown.css
code-server-4.91.1-linux-amd64/lib/vscode/extensions/github/dist/
code-server-4.91.1-linux-amd64/lib/vscode/extensions/github/dist/extension.js.map
code-server-4.91.1-linux-amd64/lib/vscode/extensions/github/dist/extension.js.LICENSE.txt
code-server-4.91.1-linux-amd64/lib/vscode/extensions/github/dist/extension.js
code-server-4.91.1-linux-amd64/lib/vscode/extensions/github/package.json
code-server-4.91.1-linux-amd64/lib/vscode/extensions/github/package.nls.json
code-server-4.91.1-linux-amd64/lib/vscode/extensions/github/images/
code-server-4.91.1-linux-amd64/lib/vscode/extensions/github/images/icon.png
code-server-4.91.1-linux-amd64/lib/vscode/extensions/github/testWorkspace/
code-server-4.91.1-linux-amd64/lib/vscode/extensions/github/testWorkspace/PULL_REQUEST_TEMPLATE.md
code-server-4.91.1-linux-amd64/lib/vscode/extensions/github/testWorkspace/.github/
code-server-4.91.1-linux-amd64/lib/vscode/extensions/github/testWorkspace/.github/PULL_REQUEST_TEMPLATE.md
code-server-4.91.1-linux-amd64/lib/vscode/extensions/github/testWorkspace/.github/PULL_REQUEST_TEMPLATE/
code-server-4.91.1-linux-amd64/lib/vscode/extensions/github/testWorkspace/.github/PULL_REQUEST_TEMPLATE/b.md
code-server-4.91.1-linux-amd64/lib/vscode/extensions/github/testWorkspace/.github/PULL_REQUEST_TEMPLATE/x.txt
code-server-4.91.1-linux-amd64/lib/vscode/extensions/github/testWorkspace/.github/PULL_REQUEST_TEMPLATE/a.md
code-server-4.91.1-linux-amd64/lib/vscode/extensions/github/testWorkspace/some-markdown.md
code-server-4.91.1-linux-amd64/lib/vscode/extensions/github/testWorkspace/x.txt
code-server-4.91.1-linux-amd64/lib/vscode/extensions/github/testWorkspace/docs/
code-server-4.91.1-linux-amd64/lib/vscode/extensions/github/testWorkspace/docs/PULL_REQUEST_TEMPLATE.md
code-server-4.91.1-linux-amd64/lib/vscode/extensions/github/testWorkspace/docs/PULL_REQUEST_TEMPLATE/
code-server-4.91.1-linux-amd64/lib/vscode/extensions/github/testWorkspace/docs/PULL_REQUEST_TEMPLATE/b.md
code-server-4.91.1-linux-amd64/lib/vscode/extensions/github/testWorkspace/docs/PULL_REQUEST_TEMPLATE/x.txt
code-server-4.91.1-linux-amd64/lib/vscode/extensions/github/testWorkspace/docs/PULL_REQUEST_TEMPLATE/a.md
code-server-4.91.1-linux-amd64/lib/vscode/extensions/github/testWorkspace/PULL_REQUEST_TEMPLATE/
code-server-4.91.1-linux-amd64/lib/vscode/extensions/github/testWorkspace/PULL_REQUEST_TEMPLATE/b.md
code-server-4.91.1-linux-amd64/lib/vscode/extensions/github/testWorkspace/PULL_REQUEST_TEMPLATE/x.txt
code-server-4.91.1-linux-amd64/lib/vscode/extensions/github/testWorkspace/PULL_REQUEST_TEMPLATE/a.md
code-server-4.91.1-linux-amd64/lib/vscode/extensions/package.json
code-server-4.91.1-linux-amd64/lib/vscode/extensions/objective-c/
code-server-4.91.1-linux-amd64/lib/vscode/extensions/objective-c/package.json
code-server-4.91.1-linux-amd64/lib/vscode/extensions/objective-c/package.nls.json
code-server-4.91.1-linux-amd64/lib/vscode/extensions/objective-c/syntaxes/
code-server-4.91.1-linux-amd64/lib/vscode/extensions/objective-c/syntaxes/objective-c++.tmLanguage.json
code-server-4.91.1-linux-amd64/lib/vscode/extensions/objective-c/syntaxes/objective-c.tmLanguage.json
code-server-4.91.1-linux-amd64/lib/vscode/extensions/objective-c/language-configuration.json
code-server-4.91.1-linux-amd64/lib/vscode/extensions/powershell/
code-server-4.91.1-linux-amd64/lib/vscode/extensions/powershell/package.json
code-server-4.91.1-linux-amd64/lib/vscode/extensions/powershell/package.nls.json
code-server-4.91.1-linux-amd64/lib/vscode/extensions/powershell/syntaxes/
code-server-4.91.1-linux-amd64/lib/vscode/extensions/powershell/syntaxes/powershell.tmLanguage.json
code-server-4.91.1-linux-amd64/lib/vscode/extensions/powershell/language-configuration.json
code-server-4.91.1-linux-amd64/lib/vscode/extensions/debug-auto-launch/
code-server-4.91.1-linux-amd64/lib/vscode/extensions/debug-auto-launch/media/
code-server-4.91.1-linux-amd64/lib/vscode/extensions/debug-auto-launch/media/icon.png
code-server-4.91.1-linux-amd64/lib/vscode/extensions/debug-auto-launch/dist/
code-server-4.91.1-linux-amd64/lib/vscode/extensions/debug-auto-launch/dist/extension.js.map
code-server-4.91.1-linux-amd64/lib/vscode/extensions/debug-auto-launch/dist/extension.js
code-server-4.91.1-linux-amd64/lib/vscode/extensions/debug-auto-launch/package.json
code-server-4.91.1-linux-amd64/lib/vscode/extensions/debug-auto-launch/package.nls.json
code-server-4.91.1-linux-amd64/lib/vscode/extensions/debug-auto-launch/.vscode/
code-server-4.91.1-linux-amd64/lib/vscode/extensions/debug-auto-launch/.vscode/launch.json
code-server-4.91.1-linux-amd64/lib/vscode/extensions/debug-server-ready/
code-server-4.91.1-linux-amd64/lib/vscode/extensions/debug-server-ready/media/
code-server-4.91.1-linux-amd64/lib/vscode/extensions/debug-server-ready/media/icon.png
code-server-4.91.1-linux-amd64/lib/vscode/extensions/debug-server-ready/dist/
code-server-4.91.1-linux-amd64/lib/vscode/extensions/debug-server-ready/dist/extension.js.map
code-server-4.91.1-linux-amd64/lib/vscode/extensions/debug-server-ready/dist/extension.js
code-server-4.91.1-linux-amd64/lib/vscode/extensions/debug-server-ready/package.json
code-server-4.91.1-linux-amd64/lib/vscode/extensions/debug-server-ready/package.nls.json
code-server-4.91.1-linux-amd64/lib/vscode/extensions/coffeescript/
code-server-4.91.1-linux-amd64/lib/vscode/extensions/coffeescript/snippets/
code-server-4.91.1-linux-amd64/lib/vscode/extensions/coffeescript/snippets/coffeescript.code-snippets
code-server-4.91.1-linux-amd64/lib/vscode/extensions/coffeescript/package.json
code-server-4.91.1-linux-amd64/lib/vscode/extensions/coffeescript/package.nls.json
code-server-4.91.1-linux-amd64/lib/vscode/extensions/coffeescript/syntaxes/
code-server-4.91.1-linux-amd64/lib/vscode/extensions/coffeescript/syntaxes/coffeescript.tmLanguage.json
code-server-4.91.1-linux-amd64/lib/vscode/extensions/coffeescript/language-configuration.json
code-server-4.91.1-linux-amd64/lib/vscode/extensions/hlsl/
code-server-4.91.1-linux-amd64/lib/vscode/extensions/hlsl/package.json
code-server-4.91.1-linux-amd64/lib/vscode/extensions/hlsl/package.nls.json
code-server-4.91.1-linux-amd64/lib/vscode/extensions/hlsl/syntaxes/
code-server-4.91.1-linux-amd64/lib/vscode/extensions/hlsl/syntaxes/hlsl.tmLanguage.json
code-server-4.91.1-linux-amd64/lib/vscode/extensions/hlsl/language-configuration.json
code-server-4.91.1-linux-amd64/lib/vscode/extensions/theme-red/
code-server-4.91.1-linux-amd64/lib/vscode/extensions/theme-red/package.json
code-server-4.91.1-linux-amd64/lib/vscode/extensions/theme-red/package.nls.json
code-server-4.91.1-linux-amd64/lib/vscode/extensions/theme-red/themes/
code-server-4.91.1-linux-amd64/lib/vscode/extensions/theme-red/themes/Red-color-theme.json
code-server-4.91.1-linux-amd64/lib/vscode/extensions/ms-vscode.js-debug/
code-server-4.91.1-linux-amd64/lib/vscode/extensions/ms-vscode.js-debug/ThirdPartyNotices.txt
code-server-4.91.1-linux-amd64/lib/vscode/extensions/ms-vscode.js-debug/README.md
code-server-4.91.1-linux-amd64/lib/vscode/extensions/ms-vscode.js-debug/package.json
code-server-4.91.1-linux-amd64/lib/vscode/extensions/ms-vscode.js-debug/resources/
code-server-4.91.1-linux-amd64/lib/vscode/extensions/ms-vscode.js-debug/resources/readme/
code-server-4.91.1-linux-amd64/lib/vscode/extensions/ms-vscode.js-debug/resources/readme/auto-attach.png
code-server-4.91.1-linux-amd64/lib/vscode/extensions/ms-vscode.js-debug/resources/readme/top-level-await.png
code-server-4.91.1-linux-amd64/lib/vscode/extensions/ms-vscode.js-debug/resources/readme/flame-chart.png
code-server-4.91.1-linux-amd64/lib/vscode/extensions/ms-vscode.js-debug/resources/readme/returnvalue.png
code-server-4.91.1-linux-amd64/lib/vscode/extensions/ms-vscode.js-debug/resources/readme/instrumentation-breakpoints2.png
code-server-4.91.1-linux-amd64/lib/vscode/extensions/ms-vscode.js-debug/resources/readme/instrumentation-breakpoints.png
code-server-4.91.1-linux-amd64/lib/vscode/extensions/ms-vscode.js-debug/resources/readme/web-worker.png
code-server-4.91.1-linux-amd64/lib/vscode/extensions/ms-vscode.js-debug/resources/readme/logo-with-text.png
code-server-4.91.1-linux-amd64/lib/vscode/extensions/ms-vscode.js-debug/resources/readme/webview2.png
code-server-4.91.1-linux-amd64/lib/vscode/extensions/ms-vscode.js-debug/resources/readme/link-debugging.gif
code-server-4.91.1-linux-amd64/lib/vscode/extensions/ms-vscode.js-debug/resources/readme/repl-improvements.png
code-server-4.91.1-linux-amd64/lib/vscode/extensions/ms-vscode.js-debug/resources/readme/npm-code-lens.png
code-server-4.91.1-linux-amd64/lib/vscode/extensions/ms-vscode.js-debug/resources/logo.png
code-server-4.91.1-linux-amd64/lib/vscode/extensions/ms-vscode.js-debug/resources/dark/
code-server-4.91.1-linux-amd64/lib/vscode/extensions/ms-vscode.js-debug/resources/dark/worker.svg
code-server-4.91.1-linux-amd64/lib/vscode/extensions/ms-vscode.js-debug/resources/dark/pause.svg
code-server-4.91.1-linux-amd64/lib/vscode/extensions/ms-vscode.js-debug/resources/dark/restart.svg
code-server-4.91.1-linux-amd64/lib/vscode/extensions/ms-vscode.js-debug/resources/dark/open-file.svg
code-server-4.91.1-linux-amd64/lib/vscode/extensions/ms-vscode.js-debug/resources/dark/configure.svg
code-server-4.91.1-linux-amd64/lib/vscode/extensions/ms-vscode.js-debug/resources/dark/connect.svg
code-server-4.91.1-linux-amd64/lib/vscode/extensions/ms-vscode.js-debug/resources/dark/stop.svg
code-server-4.91.1-linux-amd64/lib/vscode/extensions/ms-vscode.js-debug/resources/dark/disconnect.svg
code-server-4.91.1-linux-amd64/lib/vscode/extensions/ms-vscode.js-debug/resources/dark/node.svg
code-server-4.91.1-linux-amd64/lib/vscode/extensions/ms-vscode.js-debug/resources/dark/service-worker.svg
code-server-4.91.1-linux-amd64/lib/vscode/extensions/ms-vscode.js-debug/resources/dark/page.svg
code-server-4.91.1-linux-amd64/lib/vscode/extensions/ms-vscode.js-debug/resources/dark/stop-profiling.svg
code-server-4.91.1-linux-amd64/lib/vscode/extensions/ms-vscode.js-debug/resources/dark/resume.svg
code-server-4.91.1-linux-amd64/lib/vscode/extensions/ms-vscode.js-debug/resources/logo.svg
code-server-4.91.1-linux-amd64/lib/vscode/extensions/ms-vscode.js-debug/resources/light/
code-server-4.91.1-linux-amd64/lib/vscode/extensions/ms-vscode.js-debug/resources/light/worker.svg
code-server-4.91.1-linux-amd64/lib/vscode/extensions/ms-vscode.js-debug/resources/light/pause.svg
code-server-4.91.1-linux-amd64/lib/vscode/extensions/ms-vscode.js-debug/resources/light/restart.svg
code-server-4.91.1-linux-amd64/lib/vscode/extensions/ms-vscode.js-debug/resources/light/open-file.svg
code-server-4.91.1-linux-amd64/lib/vscode/extensions/ms-vscode.js-debug/resources/light/configure.svg
code-server-4.91.1-linux-amd64/lib/vscode/extensions/ms-vscode.js-debug/resources/light/connect.svg
code-server-4.91.1-linux-amd64/lib/vscode/extensions/ms-vscode.js-debug/resources/light/stop.svg
code-server-4.91.1-linux-amd64/lib/vscode/extensions/ms-vscode.js-debug/resources/light/disconnect.svg
code-server-4.91.1-linux-amd64/lib/vscode/extensions/ms-vscode.js-debug/resources/light/node.svg
code-server-4.91.1-linux-amd64/lib/vscode/extensions/ms-vscode.js-debug/resources/light/service-worker.svg
code-server-4.91.1-linux-amd64/lib/vscode/extensions/ms-vscode.js-debug/resources/light/page.svg
code-server-4.91.1-linux-amd64/lib/vscode/extensions/ms-vscode.js-debug/resources/light/resume.svg
code-server-4.91.1-linux-amd64/lib/vscode/extensions/ms-vscode.js-debug/package.nls.json
code-server-4.91.1-linux-amd64/lib/vscode/extensions/ms-vscode.js-debug/src/
code-server-4.91.1-linux-amd64/lib/vscode/extensions/ms-vscode.js-debug/src/w32appcontainertokens-XTRA77NA.node
code-server-4.91.1-linux-amd64/lib/vscode/extensions/ms-vscode.js-debug/src/extension.js
code-server-4.91.1-linux-amd64/lib/vscode/extensions/ms-vscode.js-debug/src/ui/
code-server-4.91.1-linux-amd64/lib/vscode/extensions/ms-vscode.js-debug/src/ui/basic-wat.tmLanguage.json
code-server-4.91.1-linux-amd64/lib/vscode/extensions/ms-vscode.js-debug/src/bootloader.js
code-server-4.91.1-linux-amd64/lib/vscode/extensions/ms-vscode.js-debug/src/targets/
code-server-4.91.1-linux-amd64/lib/vscode/extensions/ms-vscode.js-debug/src/targets/node/
code-server-4.91.1-linux-amd64/lib/vscode/extensions/ms-vscode.js-debug/src/targets/node/terminateProcess.sh
code-server-4.91.1-linux-amd64/lib/vscode/extensions/ms-vscode.js-debug/src/vendor/
code-server-4.91.1-linux-amd64/lib/vscode/extensions/ms-vscode.js-debug/src/vendor/acorn-loose.js
code-server-4.91.1-linux-amd64/lib/vscode/extensions/ms-vscode.js-debug/src/vendor/acorn.js
code-server-4.91.1-linux-amd64/lib/vscode/extensions/ms-vscode.js-debug/src/diagnosticTool.js
code-server-4.91.1-linux-amd64/lib/vscode/extensions/ms-vscode.js-debug/src/diagnosticTool.css
code-server-4.91.1-linux-amd64/lib/vscode/extensions/ms-vscode.js-debug/src/watchdog.js
code-server-4.91.1-linux-amd64/lib/vscode/extensions/ms-vscode.js-debug/src/chromehash_bg.wasm
code-server-4.91.1-linux-amd64/lib/vscode/extensions/ms-vscode.js-debug/src/renameWorker.js
code-server-4.91.1-linux-amd64/lib/vscode/extensions/ms-vscode.js-debug/src/hash.js
code-server-4.91.1-linux-amd64/lib/vscode/extensions/ms-vscode.js-debug/LICENSE.txt
code-server-4.91.1-linux-amd64/lib/vscode/extensions/typescript-language-features/
code-server-4.91.1-linux-amd64/lib/vscode/extensions/typescript-language-features/media/
code-server-4.91.1-linux-amd64/lib/vscode/extensions/typescript-language-features/media/icon.png
code-server-4.91.1-linux-amd64/lib/vscode/extensions/typescript-language-features/README.md
code-server-4.91.1-linux-amd64/lib/vscode/extensions/typescript-language-features/dist/
code-server-4.91.1-linux-amd64/lib/vscode/extensions/typescript-language-features/dist/extension.js.map
code-server-4.91.1-linux-amd64/lib/vscode/extensions/typescript-language-features/dist/extension.js
code-server-4.91.1-linux-amd64/lib/vscode/extensions/typescript-language-features/package.json
code-server-4.91.1-linux-amd64/lib/vscode/extensions/typescript-language-features/resources/
code-server-4.91.1-linux-amd64/lib/vscode/extensions/typescript-language-features/resources/walkthroughs/
code-server-4.91.1-linux-amd64/lib/vscode/extensions/typescript-language-features/resources/walkthroughs/create-a-js-file.svg
code-server-4.91.1-linux-amd64/lib/vscode/extensions/typescript-language-features/resources/walkthroughs/install-node-js.svg
code-server-4.91.1-linux-amd64/lib/vscode/extensions/typescript-language-features/resources/walkthroughs/learn-more.svg
code-server-4.91.1-linux-amd64/lib/vscode/extensions/typescript-language-features/resources/walkthroughs/debug-and-run.svg
code-server-4.91.1-linux-amd64/lib/vscode/extensions/typescript-language-features/package.nls.json
code-server-4.91.1-linux-amd64/lib/vscode/extensions/typescript-language-features/schemas/
code-server-4.91.1-linux-amd64/lib/vscode/extensions/typescript-language-features/schemas/tsconfig.schema.json
code-server-4.91.1-linux-amd64/lib/vscode/extensions/typescript-language-features/schemas/package.schema.json
code-server-4.91.1-linux-amd64/lib/vscode/extensions/typescript-language-features/schemas/jsconfig.schema.json
code-server-4.91.1-linux-amd64/lib/vscode/extensions/extension-editing/
code-server-4.91.1-linux-amd64/lib/vscode/extensions/extension-editing/dist/
code-server-4.91.1-linux-amd64/lib/vscode/extensions/extension-editing/dist/extensionEditingMain.js
code-server-4.91.1-linux-amd64/lib/vscode/extensions/extension-editing/dist/extensionEditingMain.js.map
code-server-4.91.1-linux-amd64/lib/vscode/extensions/extension-editing/package.json
code-server-4.91.1-linux-amd64/lib/vscode/extensions/extension-editing/package.nls.json
code-server-4.91.1-linux-amd64/lib/vscode/extensions/extension-editing/images/
code-server-4.91.1-linux-amd64/lib/vscode/extensions/extension-editing/images/icon.png
code-server-4.91.1-linux-amd64/lib/vscode/extensions/shaderlab/
code-server-4.91.1-linux-amd64/lib/vscode/extensions/shaderlab/package.json
code-server-4.91.1-linux-amd64/lib/vscode/extensions/shaderlab/package.nls.json
code-server-4.91.1-linux-amd64/lib/vscode/extensions/shaderlab/syntaxes/
code-server-4.91.1-linux-amd64/lib/vscode/extensions/shaderlab/syntaxes/shaderlab.tmLanguage.json
code-server-4.91.1-linux-amd64/lib/vscode/extensions/shaderlab/language-configuration.json
code-server-4.91.1-linux-amd64/lib/vscode/extensions/theme-monokai/
code-server-4.91.1-linux-amd64/lib/vscode/extensions/theme-monokai/package.json
code-server-4.91.1-linux-amd64/lib/vscode/extensions/theme-monokai/package.nls.json
code-server-4.91.1-linux-amd64/lib/vscode/extensions/theme-monokai/themes/
code-server-4.91.1-linux-amd64/lib/vscode/extensions/theme-monokai/themes/monokai-color-theme.json
code-server-4.91.1-linux-amd64/lib/vscode/extensions/php/
code-server-4.91.1-linux-amd64/lib/vscode/extensions/php/snippets/
code-server-4.91.1-linux-amd64/lib/vscode/extensions/php/snippets/php.code-snippets
code-server-4.91.1-linux-amd64/lib/vscode/extensions/php/package.json
code-server-4.91.1-linux-amd64/lib/vscode/extensions/php/package.nls.json
code-server-4.91.1-linux-amd64/lib/vscode/extensions/php/syntaxes/
code-server-4.91.1-linux-amd64/lib/vscode/extensions/php/syntaxes/php.tmLanguage.json
code-server-4.91.1-linux-amd64/lib/vscode/extensions/php/syntaxes/html.tmLanguage.json
code-server-4.91.1-linux-amd64/lib/vscode/extensions/php/language-configuration.json
code-server-4.91.1-linux-amd64/lib/vscode/extensions/pug/
code-server-4.91.1-linux-amd64/lib/vscode/extensions/pug/package.json
code-server-4.91.1-linux-amd64/lib/vscode/extensions/pug/package.nls.json
code-server-4.91.1-linux-amd64/lib/vscode/extensions/pug/syntaxes/
code-server-4.91.1-linux-amd64/lib/vscode/extensions/pug/syntaxes/pug.tmLanguage.json
code-server-4.91.1-linux-amd64/lib/vscode/extensions/pug/language-configuration.json
code-server-4.91.1-linux-amd64/lib/vscode/extensions/references-view/
code-server-4.91.1-linux-amd64/lib/vscode/extensions/references-view/media/
code-server-4.91.1-linux-amd64/lib/vscode/extensions/references-view/media/demo.png
code-server-4.91.1-linux-amd64/lib/vscode/extensions/references-view/media/icon.png
code-server-4.91.1-linux-amd64/lib/vscode/extensions/references-view/README.md
code-server-4.91.1-linux-amd64/lib/vscode/extensions/references-view/dist/
code-server-4.91.1-linux-amd64/lib/vscode/extensions/references-view/dist/extension.js.map
code-server-4.91.1-linux-amd64/lib/vscode/extensions/references-view/dist/extension.js
code-server-4.91.1-linux-amd64/lib/vscode/extensions/references-view/package.json
code-server-4.91.1-linux-amd64/lib/vscode/extensions/references-view/package.nls.json
code-server-4.91.1-linux-amd64/lib/vscode/extensions/theme-monokai-dimmed/
code-server-4.91.1-linux-amd64/lib/vscode/extensions/theme-monokai-dimmed/package.json
code-server-4.91.1-linux-amd64/lib/vscode/extensions/theme-monokai-dimmed/package.nls.json
code-server-4.91.1-linux-amd64/lib/vscode/extensions/theme-monokai-dimmed/themes/
code-server-4.91.1-linux-amd64/lib/vscode/extensions/theme-monokai-dimmed/themes/dimmed-monokai-color-theme.json
code-server-4.91.1-linux-amd64/lib/vscode/extensions/css/
code-server-4.91.1-linux-amd64/lib/vscode/extensions/css/package.json
code-server-4.91.1-linux-amd64/lib/vscode/extensions/css/package.nls.json
code-server-4.91.1-linux-amd64/lib/vscode/extensions/css/syntaxes/
code-server-4.91.1-linux-amd64/lib/vscode/extensions/css/syntaxes/css.tmLanguage.json
code-server-4.91.1-linux-amd64/lib/vscode/extensions/css/language-configuration.json
code-server-4.91.1-linux-amd64/lib/vscode/extensions/r/
code-server-4.91.1-linux-amd64/lib/vscode/extensions/r/package.json
code-server-4.91.1-linux-amd64/lib/vscode/extensions/r/package.nls.json
code-server-4.91.1-linux-amd64/lib/vscode/extensions/r/syntaxes/
code-server-4.91.1-linux-amd64/lib/vscode/extensions/r/syntaxes/r.tmLanguage.json
code-server-4.91.1-linux-amd64/lib/vscode/extensions/r/language-configuration.json
code-server-4.91.1-linux-amd64/lib/vscode/extensions/go/
code-server-4.91.1-linux-amd64/lib/vscode/extensions/go/package.json
code-server-4.91.1-linux-amd64/lib/vscode/extensions/go/package.nls.json
code-server-4.91.1-linux-amd64/lib/vscode/extensions/go/syntaxes/
code-server-4.91.1-linux-amd64/lib/vscode/extensions/go/syntaxes/go.tmLanguage.json
code-server-4.91.1-linux-amd64/lib/vscode/extensions/go/language-configuration.json
code-server-4.91.1-linux-amd64/lib/vscode/extensions/git-base/
code-server-4.91.1-linux-amd64/lib/vscode/extensions/git-base/languages/
code-server-4.91.1-linux-amd64/lib/vscode/extensions/git-base/languages/ignore.language-configuration.json
code-server-4.91.1-linux-amd64/lib/vscode/extensions/git-base/languages/git-commit.language-configuration.json
code-server-4.91.1-linux-amd64/lib/vscode/extensions/git-base/languages/git-rebase.language-configuration.json
code-server-4.91.1-linux-amd64/lib/vscode/extensions/git-base/README.md
code-server-4.91.1-linux-amd64/lib/vscode/extensions/git-base/dist/
code-server-4.91.1-linux-amd64/lib/vscode/extensions/git-base/dist/extension.js.map
code-server-4.91.1-linux-amd64/lib/vscode/extensions/git-base/dist/extension.js
code-server-4.91.1-linux-amd64/lib/vscode/extensions/git-base/package.json
code-server-4.91.1-linux-amd64/lib/vscode/extensions/git-base/resources/
code-server-4.91.1-linux-amd64/lib/vscode/extensions/git-base/resources/icons/
code-server-4.91.1-linux-amd64/lib/vscode/extensions/git-base/resources/icons/git.png
code-server-4.91.1-linux-amd64/lib/vscode/extensions/git-base/package.nls.json
code-server-4.91.1-linux-amd64/lib/vscode/extensions/git-base/syntaxes/
code-server-4.91.1-linux-amd64/lib/vscode/extensions/git-base/syntaxes/git-rebase.tmLanguage.json
code-server-4.91.1-linux-amd64/lib/vscode/extensions/git-base/syntaxes/git-commit.tmLanguage.json
code-server-4.91.1-linux-amd64/lib/vscode/extensions/git-base/syntaxes/ignore.tmLanguage.json
code-server-4.91.1-linux-amd64/lib/vscode/extensions/ruby/
code-server-4.91.1-linux-amd64/lib/vscode/extensions/ruby/package.json
code-server-4.91.1-linux-amd64/lib/vscode/extensions/ruby/package.nls.json
code-server-4.91.1-linux-amd64/lib/vscode/extensions/ruby/syntaxes/
code-server-4.91.1-linux-amd64/lib/vscode/extensions/ruby/syntaxes/ruby.tmLanguage.json
code-server-4.91.1-linux-amd64/lib/vscode/extensions/ruby/language-configuration.json
code-server-4.91.1-linux-amd64/lib/vscode/extensions/clojure/
code-server-4.91.1-linux-amd64/lib/vscode/extensions/clojure/package.json
code-server-4.91.1-linux-amd64/lib/vscode/extensions/clojure/package.nls.json
code-server-4.91.1-linux-amd64/lib/vscode/extensions/clojure/syntaxes/
code-server-4.91.1-linux-amd64/lib/vscode/extensions/clojure/syntaxes/clojure.tmLanguage.json
code-server-4.91.1-linux-amd64/lib/vscode/extensions/clojure/language-configuration.json
code-server-4.91.1-linux-amd64/lib/vscode/extensions/json/
code-server-4.91.1-linux-amd64/lib/vscode/extensions/json/package.json
code-server-4.91.1-linux-amd64/lib/vscode/extensions/json/package.nls.json
code-server-4.91.1-linux-amd64/lib/vscode/extensions/json/syntaxes/
code-server-4.91.1-linux-amd64/lib/vscode/extensions/json/syntaxes/snippets.tmLanguage.json
code-server-4.91.1-linux-amd64/lib/vscode/extensions/json/syntaxes/JSON.tmLanguage.json
code-server-4.91.1-linux-amd64/lib/vscode/extensions/json/syntaxes/JSONL.tmLanguage.json
code-server-4.91.1-linux-amd64/lib/vscode/extensions/json/syntaxes/JSONC.tmLanguage.json
code-server-4.91.1-linux-amd64/lib/vscode/extensions/json/language-configuration.json
code-server-4.91.1-linux-amd64/lib/vscode/extensions/markdown-basics/
code-server-4.91.1-linux-amd64/lib/vscode/extensions/markdown-basics/snippets/
code-server-4.91.1-linux-amd64/lib/vscode/extensions/markdown-basics/snippets/markdown.code-snippets
code-server-4.91.1-linux-amd64/lib/vscode/extensions/markdown-basics/package.json
code-server-4.91.1-linux-amd64/lib/vscode/extensions/markdown-basics/package.nls.json
code-server-4.91.1-linux-amd64/lib/vscode/extensions/markdown-basics/syntaxes/
code-server-4.91.1-linux-amd64/lib/vscode/extensions/markdown-basics/syntaxes/markdown.tmLanguage.json
code-server-4.91.1-linux-amd64/lib/vscode/extensions/markdown-basics/language-configuration.json
code-server-4.91.1-linux-amd64/lib/vscode/extensions/grunt/
code-server-4.91.1-linux-amd64/lib/vscode/extensions/grunt/README.md
code-server-4.91.1-linux-amd64/lib/vscode/extensions/grunt/dist/
code-server-4.91.1-linux-amd64/lib/vscode/extensions/grunt/dist/main.js
code-server-4.91.1-linux-amd64/lib/vscode/extensions/grunt/dist/main.js.map
code-server-4.91.1-linux-amd64/lib/vscode/extensions/grunt/package.json
code-server-4.91.1-linux-amd64/lib/vscode/extensions/grunt/package.nls.json
code-server-4.91.1-linux-amd64/lib/vscode/extensions/grunt/images/
code-server-4.91.1-linux-amd64/lib/vscode/extensions/grunt/images/grunt.png
code-server-4.91.1-linux-amd64/lib/vscode/extensions/html-language-features/
code-server-4.91.1-linux-amd64/lib/vscode/extensions/html-language-features/icons/
code-server-4.91.1-linux-amd64/lib/vscode/extensions/html-language-features/icons/html.png
code-server-4.91.1-linux-amd64/lib/vscode/extensions/html-language-features/server/
code-server-4.91.1-linux-amd64/lib/vscode/extensions/html-language-features/server/lib/
code-server-4.91.1-linux-amd64/lib/vscode/extensions/html-language-features/server/lib/jquery.d.ts
code-server-4.91.1-linux-amd64/lib/vscode/extensions/html-language-features/server/dist/
code-server-4.91.1-linux-amd64/lib/vscode/extensions/html-language-features/server/dist/node/
code-server-4.91.1-linux-amd64/lib/vscode/extensions/html-language-features/server/dist/node/htmlServerMain.js
code-server-4.91.1-linux-amd64/lib/vscode/extensions/html-language-features/server/dist/node/htmlServerMain.js.map
code-server-4.91.1-linux-amd64/lib/vscode/extensions/html-language-features/server/package.json
code-server-4.91.1-linux-amd64/lib/vscode/extensions/html-language-features/README.md
code-server-4.91.1-linux-amd64/lib/vscode/extensions/html-language-features/package.json
code-server-4.91.1-linux-amd64/lib/vscode/extensions/html-language-features/package.nls.json
code-server-4.91.1-linux-amd64/lib/vscode/extensions/html-language-features/schemas/
code-server-4.91.1-linux-amd64/lib/vscode/extensions/html-language-features/schemas/package.schema.json
code-server-4.91.1-linux-amd64/lib/vscode/extensions/html-language-features/client/
code-server-4.91.1-linux-amd64/lib/vscode/extensions/html-language-features/client/dist/
code-server-4.91.1-linux-amd64/lib/vscode/extensions/html-language-features/client/dist/node/
code-server-4.91.1-linux-amd64/lib/vscode/extensions/html-language-features/client/dist/node/htmlClientMain.js.map
code-server-4.91.1-linux-amd64/lib/vscode/extensions/html-language-features/client/dist/node/htmlClientMain.js
code-server-4.91.1-linux-amd64/lib/vscode/extensions/sql/
code-server-4.91.1-linux-amd64/lib/vscode/extensions/sql/package.json
code-server-4.91.1-linux-amd64/lib/vscode/extensions/sql/package.nls.json
code-server-4.91.1-linux-amd64/lib/vscode/extensions/sql/syntaxes/
code-server-4.91.1-linux-amd64/lib/vscode/extensions/sql/syntaxes/sql.tmLanguage.json
code-server-4.91.1-linux-amd64/lib/vscode/extensions/sql/language-configuration.json
code-server-4.91.1-linux-amd64/lib/vscode/extensions/log/
code-server-4.91.1-linux-amd64/lib/vscode/extensions/log/package.json
code-server-4.91.1-linux-amd64/lib/vscode/extensions/log/package.nls.json
code-server-4.91.1-linux-amd64/lib/vscode/extensions/log/syntaxes/
code-server-4.91.1-linux-amd64/lib/vscode/extensions/log/syntaxes/log.tmLanguage.json
code-server-4.91.1-linux-amd64/lib/vscode/extensions/php-language-features/
code-server-4.91.1-linux-amd64/lib/vscode/extensions/php-language-features/icons/
code-server-4.91.1-linux-amd64/lib/vscode/extensions/php-language-features/icons/logo.png
code-server-4.91.1-linux-amd64/lib/vscode/extensions/php-language-features/README.md
code-server-4.91.1-linux-amd64/lib/vscode/extensions/php-language-features/dist/
code-server-4.91.1-linux-amd64/lib/vscode/extensions/php-language-features/dist/phpMain.js
code-server-4.91.1-linux-amd64/lib/vscode/extensions/php-language-features/dist/phpMain.js.map
code-server-4.91.1-linux-amd64/lib/vscode/extensions/php-language-features/package.json
code-server-4.91.1-linux-amd64/lib/vscode/extensions/php-language-features/package.nls.json
code-server-4.91.1-linux-amd64/lib/vscode/extensions/scss/
code-server-4.91.1-linux-amd64/lib/vscode/extensions/scss/package.json
code-server-4.91.1-linux-amd64/lib/vscode/extensions/scss/package.nls.json
code-server-4.91.1-linux-amd64/lib/vscode/extensions/scss/syntaxes/
code-server-4.91.1-linux-amd64/lib/vscode/extensions/scss/syntaxes/sassdoc.tmLanguage.json
code-server-4.91.1-linux-amd64/lib/vscode/extensions/scss/syntaxes/scss.tmLanguage.json
code-server-4.91.1-linux-amd64/lib/vscode/extensions/scss/language-configuration.json
code-server-4.91.1-linux-amd64/lib/vscode/extensions/theme-defaults/
code-server-4.91.1-linux-amd64/lib/vscode/extensions/theme-defaults/package.json
code-server-4.91.1-linux-amd64/lib/vscode/extensions/theme-defaults/package.nls.json
code-server-4.91.1-linux-amd64/lib/vscode/extensions/theme-defaults/themes/
code-server-4.91.1-linux-amd64/lib/vscode/extensions/theme-defaults/themes/light_vs.json
code-server-4.91.1-linux-amd64/lib/vscode/extensions/theme-defaults/themes/dark_plus.json
code-server-4.91.1-linux-amd64/lib/vscode/extensions/theme-defaults/themes/hc_black.json
code-server-4.91.1-linux-amd64/lib/vscode/extensions/theme-defaults/themes/dark_modern.json
code-server-4.91.1-linux-amd64/lib/vscode/extensions/theme-defaults/themes/dark_vs.json
code-server-4.91.1-linux-amd64/lib/vscode/extensions/theme-defaults/themes/hc_light.json
code-server-4.91.1-linux-amd64/lib/vscode/extensions/theme-defaults/themes/light_modern.json
code-server-4.91.1-linux-amd64/lib/vscode/extensions/theme-defaults/themes/light_plus.json
code-server-4.91.1-linux-amd64/lib/vscode/extensions/theme-defaults/fileicons/
code-server-4.91.1-linux-amd64/lib/vscode/extensions/theme-defaults/fileicons/vs_minimal-icon-theme.json
code-server-4.91.1-linux-amd64/lib/vscode/extensions/theme-defaults/fileicons/images/
code-server-4.91.1-linux-amd64/lib/vscode/extensions/theme-defaults/fileicons/images/document-light.svg
code-server-4.91.1-linux-amd64/lib/vscode/extensions/theme-defaults/fileicons/images/root-folder-light.svg
code-server-4.91.1-linux-amd64/lib/vscode/extensions/theme-defaults/fileicons/images/folder-dark.svg
code-server-4.91.1-linux-amd64/lib/vscode/extensions/theme-defaults/fileicons/images/root-folder-open-light.svg
code-server-4.91.1-linux-amd64/lib/vscode/extensions/theme-defaults/fileicons/images/folder-open-light.svg
code-server-4.91.1-linux-amd64/lib/vscode/extensions/theme-defaults/fileicons/images/root-folder-open-dark.svg
code-server-4.91.1-linux-amd64/lib/vscode/extensions/theme-defaults/fileicons/images/folder-open-dark.svg
code-server-4.91.1-linux-amd64/lib/vscode/extensions/theme-defaults/fileicons/images/folder-light.svg
code-server-4.91.1-linux-amd64/lib/vscode/extensions/theme-defaults/fileicons/images/document-dark.svg
code-server-4.91.1-linux-amd64/lib/vscode/extensions/theme-defaults/fileicons/images/root-folder-dark.svg
code-server-4.91.1-linux-amd64/lib/vscode/extensions/vb/
code-server-4.91.1-linux-amd64/lib/vscode/extensions/vb/snippets/
code-server-4.91.1-linux-amd64/lib/vscode/extensions/vb/snippets/vb.code-snippets
code-server-4.91.1-linux-amd64/lib/vscode/extensions/vb/package.json
code-server-4.91.1-linux-amd64/lib/vscode/extensions/vb/package.nls.json
code-server-4.91.1-linux-amd64/lib/vscode/extensions/vb/syntaxes/
code-server-4.91.1-linux-amd64/lib/vscode/extensions/vb/syntaxes/asp-vb-net.tmLanguage.json
code-server-4.91.1-linux-amd64/lib/vscode/extensions/vb/language-configuration.json
code-server-4.91.1-linux-amd64/lib/vscode/extensions/json-language-features/
code-server-4.91.1-linux-amd64/lib/vscode/extensions/json-language-features/icons/
code-server-4.91.1-linux-amd64/lib/vscode/extensions/json-language-features/icons/json.png
code-server-4.91.1-linux-amd64/lib/vscode/extensions/json-language-features/server/
code-server-4.91.1-linux-amd64/lib/vscode/extensions/json-language-features/server/dist/
code-server-4.91.1-linux-amd64/lib/vscode/extensions/json-language-features/server/dist/node/
code-server-4.91.1-linux-amd64/lib/vscode/extensions/json-language-features/server/dist/node/jsonServerMain.js.map
code-server-4.91.1-linux-amd64/lib/vscode/extensions/json-language-features/server/dist/node/jsonServerMain.js
code-server-4.91.1-linux-amd64/lib/vscode/extensions/json-language-features/server/package.json
code-server-4.91.1-linux-amd64/lib/vscode/extensions/json-language-features/README.md
code-server-4.91.1-linux-amd64/lib/vscode/extensions/json-language-features/package.json
code-server-4.91.1-linux-amd64/lib/vscode/extensions/json-language-features/package.nls.json
code-server-4.91.1-linux-amd64/lib/vscode/extensions/json-language-features/client/
code-server-4.91.1-linux-amd64/lib/vscode/extensions/json-language-features/client/dist/
code-server-4.91.1-linux-amd64/lib/vscode/extensions/json-language-features/client/dist/node/
code-server-4.91.1-linux-amd64/lib/vscode/extensions/json-language-features/client/dist/node/jsonClientMain.js
code-server-4.91.1-linux-amd64/lib/vscode/extensions/json-language-features/client/dist/node/jsonClientMain.js.map
code-server-4.91.1-linux-amd64/lib/vscode/extensions/theme-solarized-light/
code-server-4.91.1-linux-amd64/lib/vscode/extensions/theme-solarized-light/package.json
code-server-4.91.1-linux-amd64/lib/vscode/extensions/theme-solarized-light/package.nls.json
code-server-4.91.1-linux-amd64/lib/vscode/extensions/theme-solarized-light/themes/
code-server-4.91.1-linux-amd64/lib/vscode/extensions/theme-solarized-light/themes/solarized-light-color-theme.json
code-server-4.91.1-linux-amd64/lib/vscode/extensions/markdown-language-features/
code-server-4.91.1-linux-amd64/lib/vscode/extensions/markdown-language-features/media/
code-server-4.91.1-linux-amd64/lib/vscode/extensions/markdown-language-features/media/highlight.css
code-server-4.91.1-linux-amd64/lib/vscode/extensions/markdown-language-features/media/preview-dark.svg
code-server-4.91.1-linux-amd64/lib/vscode/extensions/markdown-language-features/media/markdown.css
code-server-4.91.1-linux-amd64/lib/vscode/extensions/markdown-language-features/media/index.js
code-server-4.91.1-linux-amd64/lib/vscode/extensions/markdown-language-features/media/preview-light.svg
code-server-4.91.1-linux-amd64/lib/vscode/extensions/markdown-language-features/media/pre.js
code-server-4.91.1-linux-amd64/lib/vscode/extensions/markdown-language-features/server/
code-server-4.91.1-linux-amd64/lib/vscode/extensions/markdown-language-features/server/README.md
code-server-4.91.1-linux-amd64/lib/vscode/extensions/markdown-language-features/server/dist/
code-server-4.91.1-linux-amd64/lib/vscode/extensions/markdown-language-features/server/dist/node/
code-server-4.91.1-linux-amd64/lib/vscode/extensions/markdown-language-features/server/dist/node/workerMain.js.LICENSE.txt
code-server-4.91.1-linux-amd64/lib/vscode/extensions/markdown-language-features/server/dist/node/workerMain.js.map
code-server-4.91.1-linux-amd64/lib/vscode/extensions/markdown-language-features/server/dist/node/workerMain.js
code-server-4.91.1-linux-amd64/lib/vscode/extensions/markdown-language-features/server/package.json
code-server-4.91.1-linux-amd64/lib/vscode/extensions/markdown-language-features/server/build/
code-server-4.91.1-linux-amd64/lib/vscode/extensions/markdown-language-features/server/build/pipeline.yml
code-server-4.91.1-linux-amd64/lib/vscode/extensions/markdown-language-features/server/CHANGELOG.md
code-server-4.91.1-linux-amd64/lib/vscode/extensions/markdown-language-features/README.md
code-server-4.91.1-linux-amd64/lib/vscode/extensions/markdown-language-features/dist/
code-server-4.91.1-linux-amd64/lib/vscode/extensions/markdown-language-features/dist/extension.js.map
code-server-4.91.1-linux-amd64/lib/vscode/extensions/markdown-language-features/dist/extension.js
code-server-4.91.1-linux-amd64/lib/vscode/extensions/markdown-language-features/package.json
code-server-4.91.1-linux-amd64/lib/vscode/extensions/markdown-language-features/package.nls.json
code-server-4.91.1-linux-amd64/lib/vscode/extensions/markdown-language-features/notebook-out/
code-server-4.91.1-linux-amd64/lib/vscode/extensions/markdown-language-features/notebook-out/index.js
code-server-4.91.1-linux-amd64/lib/vscode/extensions/markdown-language-features/schemas/
code-server-4.91.1-linux-amd64/lib/vscode/extensions/markdown-language-features/schemas/package.schema.json
code-server-4.91.1-linux-amd64/lib/vscode/extensions/markdown-language-features/icon.png
code-server-4.91.1-linux-amd64/lib/vscode/extensions/markdown-language-features/types/
code-server-4.91.1-linux-amd64/lib/vscode/extensions/markdown-language-features/types/previewMessaging.d.ts
code-server-4.91.1-linux-amd64/lib/vscode/extensions/markdown-language-features/.eslintignore
code-server-4.91.1-linux-amd64/lib/vscode/extensions/yaml/
code-server-4.91.1-linux-amd64/lib/vscode/extensions/yaml/package.json
code-server-4.91.1-linux-amd64/lib/vscode/extensions/yaml/package.nls.json
code-server-4.91.1-linux-amd64/lib/vscode/extensions/yaml/syntaxes/
code-server-4.91.1-linux-amd64/lib/vscode/extensions/yaml/syntaxes/yaml.tmLanguage.json
code-server-4.91.1-linux-amd64/lib/vscode/extensions/yaml/language-configuration.json
code-server-4.91.1-linux-amd64/lib/vscode/extensions/restructuredtext/
code-server-4.91.1-linux-amd64/lib/vscode/extensions/restructuredtext/package.json
code-server-4.91.1-linux-amd64/lib/vscode/extensions/restructuredtext/package.nls.json
code-server-4.91.1-linux-amd64/lib/vscode/extensions/restructuredtext/syntaxes/
code-server-4.91.1-linux-amd64/lib/vscode/extensions/restructuredtext/syntaxes/rst.tmLanguage.json
code-server-4.91.1-linux-amd64/lib/vscode/extensions/restructuredtext/language-configuration.json
code-server-4.91.1-linux-amd64/lib/vscode/extensions/javascript/
code-server-4.91.1-linux-amd64/lib/vscode/extensions/javascript/tags-language-configuration.json
code-server-4.91.1-linux-amd64/lib/vscode/extensions/javascript/snippets/
code-server-4.91.1-linux-amd64/lib/vscode/extensions/javascript/snippets/javascript.code-snippets
code-server-4.91.1-linux-amd64/lib/vscode/extensions/javascript/package.json
code-server-4.91.1-linux-amd64/lib/vscode/extensions/javascript/javascript-language-configuration.json
code-server-4.91.1-linux-amd64/lib/vscode/extensions/javascript/package.nls.json
code-server-4.91.1-linux-amd64/lib/vscode/extensions/javascript/syntaxes/
code-server-4.91.1-linux-amd64/lib/vscode/extensions/javascript/syntaxes/Regular Expressions (JavaScript).tmLanguage
code-server-4.91.1-linux-amd64/lib/vscode/extensions/javascript/syntaxes/JavaScript.tmLanguage.json
code-server-4.91.1-linux-amd64/lib/vscode/extensions/javascript/syntaxes/JavaScriptReact.tmLanguage.json
code-server-4.91.1-linux-amd64/lib/vscode/extensions/html/
code-server-4.91.1-linux-amd64/lib/vscode/extensions/html/snippets/
code-server-4.91.1-linux-amd64/lib/vscode/extensions/html/snippets/html.code-snippets
code-server-4.91.1-linux-amd64/lib/vscode/extensions/html/package.json
code-server-4.91.1-linux-amd64/lib/vscode/extensions/html/package.nls.json
code-server-4.91.1-linux-amd64/lib/vscode/extensions/html/syntaxes/
code-server-4.91.1-linux-amd64/lib/vscode/extensions/html/syntaxes/html.tmLanguage.json
code-server-4.91.1-linux-amd64/lib/vscode/extensions/html/syntaxes/html-derivative.tmLanguage.json
code-server-4.91.1-linux-amd64/lib/vscode/extensions/html/language-configuration.json
code-server-4.91.1-linux-amd64/lib/vscode/extensions/theme-solarized-dark/
code-server-4.91.1-linux-amd64/lib/vscode/extensions/theme-solarized-dark/package.json
code-server-4.91.1-linux-amd64/lib/vscode/extensions/theme-solarized-dark/package.nls.json
code-server-4.91.1-linux-amd64/lib/vscode/extensions/theme-solarized-dark/themes/
code-server-4.91.1-linux-amd64/lib/vscode/extensions/theme-solarized-dark/themes/solarized-dark-color-theme.json
code-server-4.91.1-linux-amd64/lib/vscode/extensions/diff/
code-server-4.91.1-linux-amd64/lib/vscode/extensions/diff/package.json
code-server-4.91.1-linux-amd64/lib/vscode/extensions/diff/package.nls.json
code-server-4.91.1-linux-amd64/lib/vscode/extensions/diff/syntaxes/
code-server-4.91.1-linux-amd64/lib/vscode/extensions/diff/syntaxes/diff.tmLanguage.json
code-server-4.91.1-linux-amd64/lib/vscode/extensions/diff/language-configuration.json
code-server-4.91.1-linux-amd64/lib/vscode/extensions/java/
code-server-4.91.1-linux-amd64/lib/vscode/extensions/java/snippets/
code-server-4.91.1-linux-amd64/lib/vscode/extensions/java/snippets/java.code-snippets
code-server-4.91.1-linux-amd64/lib/vscode/extensions/java/package.json
code-server-4.91.1-linux-amd64/lib/vscode/extensions/java/package.nls.json
code-server-4.91.1-linux-amd64/lib/vscode/extensions/java/syntaxes/
code-server-4.91.1-linux-amd64/lib/vscode/extensions/java/syntaxes/java.tmLanguage.json
code-server-4.91.1-linux-amd64/lib/vscode/extensions/java/language-configuration.json
code-server-4.91.1-linux-amd64/lib/vscode/extensions/postinstall.mjs
code-server-4.91.1-linux-amd64/lib/vscode/extensions/handlebars/
code-server-4.91.1-linux-amd64/lib/vscode/extensions/handlebars/package.json
code-server-4.91.1-linux-amd64/lib/vscode/extensions/handlebars/package.nls.json
code-server-4.91.1-linux-amd64/lib/vscode/extensions/handlebars/syntaxes/
code-server-4.91.1-linux-amd64/lib/vscode/extensions/handlebars/syntaxes/Handlebars.tmLanguage.json
code-server-4.91.1-linux-amd64/lib/vscode/extensions/handlebars/language-configuration.json
code-server-4.91.1-linux-amd64/lib/vscode/extensions/node_modules/
code-server-4.91.1-linux-amd64/lib/vscode/extensions/node_modules/.package-lock.json
code-server-4.91.1-linux-amd64/lib/vscode/extensions/node_modules/.bin/
code-server-4.91.1-linux-amd64/lib/vscode/extensions/node_modules/.bin/tsserver
code-server-4.91.1-linux-amd64/lib/vscode/extensions/node_modules/.bin/tsc
code-server-4.91.1-linux-amd64/lib/vscode/extensions/node_modules/typescript/
code-server-4.91.1-linux-amd64/lib/vscode/extensions/node_modules/typescript/lib/
code-server-4.91.1-linux-amd64/lib/vscode/extensions/node_modules/typescript/lib/lib.es2020.promise.d.ts
code-server-4.91.1-linux-amd64/lib/vscode/extensions/node_modules/typescript/lib/lib.es2020.date.d.ts
code-server-4.91.1-linux-amd64/lib/vscode/extensions/node_modules/typescript/lib/lib.es2016.full.d.ts
code-server-4.91.1-linux-amd64/lib/vscode/extensions/node_modules/typescript/lib/lib.es2020.string.d.ts
code-server-4.91.1-linux-amd64/lib/vscode/extensions/node_modules/typescript/lib/lib.es2020.intl.d.ts
code-server-4.91.1-linux-amd64/lib/vscode/extensions/node_modules/typescript/lib/lib.es2021.intl.d.ts
code-server-4.91.1-linux-amd64/lib/vscode/extensions/node_modules/typescript/lib/pt-br/
code-server-4.91.1-linux-amd64/lib/vscode/extensions/node_modules/typescript/lib/pt-br/diagnosticMessages.generated.json
code-server-4.91.1-linux-amd64/lib/vscode/extensions/node_modules/typescript/lib/tr/
code-server-4.91.1-linux-amd64/lib/vscode/extensions/node_modules/typescript/lib/tr/diagnosticMessages.generated.json
code-server-4.91.1-linux-amd64/lib/vscode/extensions/node_modules/typescript/lib/lib.es2020.bigint.d.ts
code-server-4.91.1-linux-amd64/lib/vscode/extensions/node_modules/typescript/lib/lib.es2020.full.d.ts
code-server-4.91.1-linux-amd64/lib/vscode/extensions/node_modules/typescript/lib/tsserver.js
code-server-4.91.1-linux-amd64/lib/vscode/extensions/node_modules/typescript/lib/lib.es2023.collection.d.ts
code-server-4.91.1-linux-amd64/lib/vscode/extensions/node_modules/typescript/lib/lib.es2019.symbol.d.ts
code-server-4.91.1-linux-amd64/lib/vscode/extensions/node_modules/typescript/lib/ko/
code-server-4.91.1-linux-amd64/lib/vscode/extensions/node_modules/typescript/lib/ko/diagnosticMessages.generated.json
code-server-4.91.1-linux-amd64/lib/vscode/extensions/node_modules/typescript/lib/ja/
code-server-4.91.1-linux-amd64/lib/vscode/extensions/node_modules/typescript/lib/ja/diagnosticMessages.generated.json
code-server-4.91.1-linux-amd64/lib/vscode/extensions/node_modules/typescript/lib/lib.es2023.full.d.ts
code-server-4.91.1-linux-amd64/lib/vscode/extensions/node_modules/typescript/lib/lib.es2015.iterable.d.ts
code-server-4.91.1-linux-amd64/lib/vscode/extensions/node_modules/typescript/lib/lib.es2019.intl.d.ts
code-server-4.91.1-linux-amd64/lib/vscode/extensions/node_modules/typescript/lib/lib.es2020.symbol.wellknown.d.ts
code-server-4.91.1-linux-amd64/lib/vscode/extensions/node_modules/typescript/lib/cs/
code-server-4.91.1-linux-amd64/lib/vscode/extensions/node_modules/typescript/lib/cs/diagnosticMessages.generated.json
code-server-4.91.1-linux-amd64/lib/vscode/extensions/node_modules/typescript/lib/es/
code-server-4.91.1-linux-amd64/lib/vscode/extensions/node_modules/typescript/lib/es/diagnosticMessages.generated.json
code-server-4.91.1-linux-amd64/lib/vscode/extensions/node_modules/typescript/lib/lib.decorators.d.ts
code-server-4.91.1-linux-amd64/lib/vscode/extensions/node_modules/typescript/lib/lib.es2018.d.ts
code-server-4.91.1-linux-amd64/lib/vscode/extensions/node_modules/typescript/lib/lib.es2023.d.ts
code-server-4.91.1-linux-amd64/lib/vscode/extensions/node_modules/typescript/lib/lib.es2023.intl.d.ts
code-server-4.91.1-linux-amd64/lib/vscode/extensions/node_modules/typescript/lib/lib.es2022.intl.d.ts
code-server-4.91.1-linux-amd64/lib/vscode/extensions/node_modules/typescript/lib/lib.es2017.sharedmemory.d.ts
code-server-4.91.1-linux-amd64/lib/vscode/extensions/node_modules/typescript/lib/lib.es2015.proxy.d.ts
code-server-4.91.1-linux-amd64/lib/vscode/extensions/node_modules/typescript/lib/lib.es2022.error.d.ts
code-server-4.91.1-linux-amd64/lib/vscode/extensions/node_modules/typescript/lib/lib.scripthost.d.ts
code-server-4.91.1-linux-amd64/lib/vscode/extensions/node_modules/typescript/lib/lib.esnext.object.d.ts
code-server-4.91.1-linux-amd64/lib/vscode/extensions/node_modules/typescript/lib/typescript.d.ts
code-server-4.91.1-linux-amd64/lib/vscode/extensions/node_modules/typescript/lib/watchGuard.js
code-server-4.91.1-linux-amd64/lib/vscode/extensions/node_modules/typescript/lib/lib.decorators.legacy.d.ts
code-server-4.91.1-linux-amd64/lib/vscode/extensions/node_modules/typescript/lib/typescript.js
code-server-4.91.1-linux-amd64/lib/vscode/extensions/node_modules/typescript/lib/lib.es2015.promise.d.ts
code-server-4.91.1-linux-amd64/lib/vscode/extensions/node_modules/typescript/lib/tsserverlibrary.js
code-server-4.91.1-linux-amd64/lib/vscode/extensions/node_modules/typescript/lib/lib.es2016.array.include.d.ts
code-server-4.91.1-linux-amd64/lib/vscode/extensions/node_modules/typescript/lib/lib.es2017.d.ts
code-server-4.91.1-linux-amd64/lib/vscode/extensions/node_modules/typescript/lib/lib.es2015.generator.d.ts
code-server-4.91.1-linux-amd64/lib/vscode/extensions/node_modules/typescript/lib/lib.es2018.regexp.d.ts
code-server-4.91.1-linux-amd64/lib/vscode/extensions/node_modules/typescript/lib/lib.es2017.string.d.ts
code-server-4.91.1-linux-amd64/lib/vscode/extensions/node_modules/typescript/lib/lib.esnext.array.d.ts
code-server-4.91.1-linux-amd64/lib/vscode/extensions/node_modules/typescript/lib/lib.es2021.full.d.ts
code-server-4.91.1-linux-amd64/lib/vscode/extensions/node_modules/typescript/lib/lib.esnext.promise.d.ts
code-server-4.91.1-linux-amd64/lib/vscode/extensions/node_modules/typescript/lib/lib.webworker.asynciterable.d.ts
code-server-4.91.1-linux-amd64/lib/vscode/extensions/node_modules/typescript/lib/lib.es2021.promise.d.ts
code-server-4.91.1-linux-amd64/lib/vscode/extensions/node_modules/typescript/lib/lib.es2017.typedarrays.d.ts
code-server-4.91.1-linux-amd64/lib/vscode/extensions/node_modules/typescript/lib/lib.es2022.string.d.ts
code-server-4.91.1-linux-amd64/lib/vscode/extensions/node_modules/typescript/lib/pl/
code-server-4.91.1-linux-amd64/lib/vscode/extensions/node_modules/typescript/lib/pl/diagnosticMessages.generated.json
code-server-4.91.1-linux-amd64/lib/vscode/extensions/node_modules/typescript/lib/lib.es2021.d.ts
code-server-4.91.1-linux-amd64/lib/vscode/extensions/node_modules/typescript/lib/lib.esnext.intl.d.ts
code-server-4.91.1-linux-amd64/lib/vscode/extensions/node_modules/typescript/lib/it/
code-server-4.91.1-linux-amd64/lib/vscode/extensions/node_modules/typescript/lib/it/diagnosticMessages.generated.json
code-server-4.91.1-linux-amd64/lib/vscode/extensions/node_modules/typescript/lib/cancellationToken.js
code-server-4.91.1-linux-amd64/lib/vscode/extensions/node_modules/typescript/lib/lib.webworker.d.ts
code-server-4.91.1-linux-amd64/lib/vscode/extensions/node_modules/typescript/lib/lib.es2022.regexp.d.ts
code-server-4.91.1-linux-amd64/lib/vscode/extensions/node_modules/typescript/lib/lib.esnext.full.d.ts
code-server-4.91.1-linux-amd64/lib/vscode/extensions/node_modules/typescript/lib/fr/
code-server-4.91.1-linux-amd64/lib/vscode/extensions/node_modules/typescript/lib/fr/diagnosticMessages.generated.json
code-server-4.91.1-linux-amd64/lib/vscode/extensions/node_modules/typescript/lib/lib.es2018.intl.d.ts
code-server-4.91.1-linux-amd64/lib/vscode/extensions/node_modules/typescript/lib/lib.es2019.object.d.ts
code-server-4.91.1-linux-amd64/lib/vscode/extensions/node_modules/typescript/lib/lib.esnext.string.d.ts
code-server-4.91.1-linux-amd64/lib/vscode/extensions/node_modules/typescript/lib/lib.es2015.symbol.wellknown.d.ts
code-server-4.91.1-linux-amd64/lib/vscode/extensions/node_modules/typescript/lib/lib.dom.asynciterable.d.ts
code-server-4.91.1-linux-amd64/lib/vscode/extensions/node_modules/typescript/lib/ru/
code-server-4.91.1-linux-amd64/lib/vscode/extensions/node_modules/typescript/lib/ru/diagnosticMessages.generated.json
code-server-4.91.1-linux-amd64/lib/vscode/extensions/node_modules/typescript/lib/lib.es2017.intl.d.ts
code-server-4.91.1-linux-amd64/lib/vscode/extensions/node_modules/typescript/lib/lib.es2023.array.d.ts
code-server-4.91.1-linux-amd64/lib/vscode/extensions/node_modules/typescript/lib/lib.es2022.sharedmemory.d.ts
code-server-4.91.1-linux-amd64/lib/vscode/extensions/node_modules/typescript/lib/lib.es2022.d.ts
code-server-4.91.1-linux-amd64/lib/vscode/extensions/node_modules/typescript/lib/lib.webworker.iterable.d.ts
code-server-4.91.1-linux-amd64/lib/vscode/extensions/node_modules/typescript/lib/lib.es2019.array.d.ts
code-server-4.91.1-linux-amd64/lib/vscode/extensions/node_modules/typescript/lib/lib.es6.d.ts
code-server-4.91.1-linux-amd64/lib/vscode/extensions/node_modules/typescript/lib/lib.es2019.full.d.ts
code-server-4.91.1-linux-amd64/lib/vscode/extensions/node_modules/typescript/lib/zh-cn/
code-server-4.91.1-linux-amd64/lib/vscode/extensions/node_modules/typescript/lib/zh-cn/diagnosticMessages.generated.json
code-server-4.91.1-linux-amd64/lib/vscode/extensions/node_modules/typescript/lib/typingsInstaller.js
code-server-4.91.1-linux-amd64/lib/vscode/extensions/node_modules/typescript/lib/lib.es2016.intl.d.ts
code-server-4.91.1-linux-amd64/lib/vscode/extensions/node_modules/typescript/lib/lib.dom.iterable.d.ts
code-server-4.91.1-linux-amd64/lib/vscode/extensions/node_modules/typescript/lib/lib.es2019.d.ts
code-server-4.91.1-linux-amd64/lib/vscode/extensions/node_modules/typescript/lib/lib.es2020.number.d.ts
code-server-4.91.1-linux-amd64/lib/vscode/extensions/node_modules/typescript/lib/lib.d.ts
code-server-4.91.1-linux-amd64/lib/vscode/extensions/node_modules/typescript/lib/lib.es5.d.ts
code-server-4.91.1-linux-amd64/lib/vscode/extensions/node_modules/typescript/lib/lib.es2021.weakref.d.ts
code-server-4.91.1-linux-amd64/lib/vscode/extensions/node_modules/typescript/lib/lib.esnext.regexp.d.ts
code-server-4.91.1-linux-amd64/lib/vscode/extensions/node_modules/typescript/lib/lib.esnext.decorators.d.ts
code-server-4.91.1-linux-amd64/lib/vscode/extensions/node_modules/typescript/lib/typesMap.json
code-server-4.91.1-linux-amd64/lib/vscode/extensions/node_modules/typescript/lib/lib.es2015.core.d.ts
code-server-4.91.1-linux-amd64/lib/vscode/extensions/node_modules/typescript/lib/lib.es2019.string.d.ts
code-server-4.91.1-linux-amd64/lib/vscode/extensions/node_modules/typescript/lib/lib.es2017.full.d.ts
code-server-4.91.1-linux-amd64/lib/vscode/extensions/node_modules/typescript/lib/lib.es2020.sharedmemory.d.ts
code-server-4.91.1-linux-amd64/lib/vscode/extensions/node_modules/typescript/lib/lib.es2015.reflect.d.ts
code-server-4.91.1-linux-amd64/lib/vscode/extensions/node_modules/typescript/lib/lib.es2015.collection.d.ts
code-server-4.91.1-linux-amd64/lib/vscode/extensions/node_modules/typescript/lib/lib.dom.d.ts
code-server-4.91.1-linux-amd64/lib/vscode/extensions/node_modules/typescript/lib/lib.esnext.d.ts
code-server-4.91.1-linux-amd64/lib/vscode/extensions/node_modules/typescript/lib/lib.es2015.symbol.d.ts
code-server-4.91.1-linux-amd64/lib/vscode/extensions/node_modules/typescript/lib/lib.es2021.string.d.ts
code-server-4.91.1-linux-amd64/lib/vscode/extensions/node_modules/typescript/lib/lib.esnext.disposable.d.ts
code-server-4.91.1-linux-amd64/lib/vscode/extensions/node_modules/typescript/lib/lib.es2018.promise.d.ts
code-server-4.91.1-linux-amd64/lib/vscode/extensions/node_modules/typescript/lib/lib.es2017.object.d.ts
code-server-4.91.1-linux-amd64/lib/vscode/extensions/node_modules/typescript/lib/lib.es2022.object.d.ts
code-server-4.91.1-linux-amd64/lib/vscode/extensions/node_modules/typescript/lib/de/
code-server-4.91.1-linux-amd64/lib/vscode/extensions/node_modules/typescript/lib/de/diagnosticMessages.generated.json
code-server-4.91.1-linux-amd64/lib/vscode/extensions/node_modules/typescript/lib/lib.es2018.full.d.ts
code-server-4.91.1-linux-amd64/lib/vscode/extensions/node_modules/typescript/lib/lib.webworker.importscripts.d.ts
code-server-4.91.1-linux-amd64/lib/vscode/extensions/node_modules/typescript/lib/lib.es2022.full.d.ts
code-server-4.91.1-linux-amd64/lib/vscode/extensions/node_modules/typescript/lib/lib.es2022.array.d.ts
code-server-4.91.1-linux-amd64/lib/vscode/extensions/node_modules/typescript/lib/lib.es2018.asynciterable.d.ts
code-server-4.91.1-linux-amd64/lib/vscode/extensions/node_modules/typescript/lib/lib.es2020.d.ts
code-server-4.91.1-linux-amd64/lib/vscode/extensions/node_modules/typescript/lib/lib.es2017.date.d.ts
code-server-4.91.1-linux-amd64/lib/vscode/extensions/node_modules/typescript/lib/lib.es2015.d.ts
code-server-4.91.1-linux-amd64/lib/vscode/extensions/node_modules/typescript/lib/lib.es2018.asyncgenerator.d.ts
code-server-4.91.1-linux-amd64/lib/vscode/extensions/node_modules/typescript/lib/zh-tw/
code-server-4.91.1-linux-amd64/lib/vscode/extensions/node_modules/typescript/lib/zh-tw/diagnosticMessages.generated.json
code-server-4.91.1-linux-amd64/lib/vscode/extensions/node_modules/typescript/lib/lib.es2016.d.ts
code-server-4.91.1-linux-amd64/lib/vscode/extensions/node_modules/typescript/lib/lib.esnext.collection.d.ts
code-server-4.91.1-linux-amd64/lib/vscode/extensions/node_modules/typescript/package.json
code-server-4.91.1-linux-amd64/lib/vscode/extensions/node_modules/@parcel/
code-server-4.91.1-linux-amd64/lib/vscode/extensions/node_modules/@esbuild/
code-server-4.91.1-linux-amd64/lib/vscode/extensions/jake/
code-server-4.91.1-linux-amd64/lib/vscode/extensions/jake/README.md
code-server-4.91.1-linux-amd64/lib/vscode/extensions/jake/dist/
code-server-4.91.1-linux-amd64/lib/vscode/extensions/jake/dist/main.js
code-server-4.91.1-linux-amd64/lib/vscode/extensions/jake/dist/main.js.map
code-server-4.91.1-linux-amd64/lib/vscode/extensions/jake/package.json
code-server-4.91.1-linux-amd64/lib/vscode/extensions/jake/package.nls.json
code-server-4.91.1-linux-amd64/lib/vscode/extensions/jake/images/
code-server-4.91.1-linux-amd64/lib/vscode/extensions/jake/images/cowboy_hat.png
code-server-4.91.1-linux-amd64/lib/vscode/extensions/search-result/
code-server-4.91.1-linux-amd64/lib/vscode/extensions/search-result/README.md
code-server-4.91.1-linux-amd64/lib/vscode/extensions/search-result/dist/
code-server-4.91.1-linux-amd64/lib/vscode/extensions/search-result/dist/extension.js.map
code-server-4.91.1-linux-amd64/lib/vscode/extensions/search-result/dist/media/
code-server-4.91.1-linux-amd64/lib/vscode/extensions/search-result/dist/media/refresh-dark.svg
code-server-4.91.1-linux-amd64/lib/vscode/extensions/search-result/dist/media/refresh-light.svg
code-server-4.91.1-linux-amd64/lib/vscode/extensions/search-result/dist/extension.js
code-server-4.91.1-linux-amd64/lib/vscode/extensions/search-result/package.json
code-server-4.91.1-linux-amd64/lib/vscode/extensions/search-result/package.nls.json
code-server-4.91.1-linux-amd64/lib/vscode/extensions/search-result/syntaxes/
code-server-4.91.1-linux-amd64/lib/vscode/extensions/search-result/syntaxes/searchResult.tmLanguage.json
code-server-4.91.1-linux-amd64/lib/vscode/extensions/search-result/images/
code-server-4.91.1-linux-amd64/lib/vscode/extensions/search-result/images/icon.png
code-server-4.91.1-linux-amd64/lib/vscode/extensions/fsharp/
code-server-4.91.1-linux-amd64/lib/vscode/extensions/fsharp/snippets/
code-server-4.91.1-linux-amd64/lib/vscode/extensions/fsharp/snippets/fsharp.code-snippets
code-server-4.91.1-linux-amd64/lib/vscode/extensions/fsharp/package.json
code-server-4.91.1-linux-amd64/lib/vscode/extensions/fsharp/package.nls.json
code-server-4.91.1-linux-amd64/lib/vscode/extensions/fsharp/syntaxes/
code-server-4.91.1-linux-amd64/lib/vscode/extensions/fsharp/syntaxes/fsharp.tmLanguage.json
code-server-4.91.1-linux-amd64/lib/vscode/extensions/fsharp/language-configuration.json
code-server-4.91.1-linux-amd64/lib/vscode/extensions/notebook-renderers/
code-server-4.91.1-linux-amd64/lib/vscode/extensions/notebook-renderers/media/
code-server-4.91.1-linux-amd64/lib/vscode/extensions/notebook-renderers/media/icon.png
code-server-4.91.1-linux-amd64/lib/vscode/extensions/notebook-renderers/renderer-out/
code-server-4.91.1-linux-amd64/lib/vscode/extensions/notebook-renderers/renderer-out/index.js
code-server-4.91.1-linux-amd64/lib/vscode/extensions/notebook-renderers/README.md
code-server-4.91.1-linux-amd64/lib/vscode/extensions/notebook-renderers/package.json
code-server-4.91.1-linux-amd64/lib/vscode/extensions/notebook-renderers/package.nls.json
code-server-4.91.1-linux-amd64/lib/vscode/extensions/simple-browser/
code-server-4.91.1-linux-amd64/lib/vscode/extensions/simple-browser/media/
code-server-4.91.1-linux-amd64/lib/vscode/extensions/simple-browser/media/preview-dark.svg
code-server-4.91.1-linux-amd64/lib/vscode/extensions/simple-browser/media/index.js
code-server-4.91.1-linux-amd64/lib/vscode/extensions/simple-browser/media/codicon.css
code-server-4.91.1-linux-amd64/lib/vscode/extensions/simple-browser/media/main.css
code-server-4.91.1-linux-amd64/lib/vscode/extensions/simple-browser/media/preview-light.svg
code-server-4.91.1-linux-amd64/lib/vscode/extensions/simple-browser/media/icon.png
code-server-4.91.1-linux-amd64/lib/vscode/extensions/simple-browser/README.md
code-server-4.91.1-linux-amd64/lib/vscode/extensions/simple-browser/dist/
code-server-4.91.1-linux-amd64/lib/vscode/extensions/simple-browser/dist/extension.js.map
code-server-4.91.1-linux-amd64/lib/vscode/extensions/simple-browser/dist/extension.js
code-server-4.91.1-linux-amd64/lib/vscode/extensions/simple-browser/package.json
code-server-4.91.1-linux-amd64/lib/vscode/extensions/simple-browser/package.nls.json
code-server-4.91.1-linux-amd64/lib/vscode/extensions/theme-quietlight/
code-server-4.91.1-linux-amd64/lib/vscode/extensions/theme-quietlight/package.json
code-server-4.91.1-linux-amd64/lib/vscode/extensions/theme-quietlight/package.nls.json
code-server-4.91.1-linux-amd64/lib/vscode/extensions/theme-quietlight/themes/
code-server-4.91.1-linux-amd64/lib/vscode/extensions/theme-quietlight/themes/quietlight-color-theme.json
code-server-4.91.1-linux-amd64/lib/vscode/extensions/lua/
code-server-4.91.1-linux-amd64/lib/vscode/extensions/lua/package.json
code-server-4.91.1-linux-amd64/lib/vscode/extensions/lua/package.nls.json
code-server-4.91.1-linux-amd64/lib/vscode/extensions/lua/syntaxes/
code-server-4.91.1-linux-amd64/lib/vscode/extensions/lua/syntaxes/lua.tmLanguage.json
code-server-4.91.1-linux-amd64/lib/vscode/extensions/lua/language-configuration.json
code-server-4.91.1-linux-amd64/lib/vscode/extensions/ipynb/
code-server-4.91.1-linux-amd64/lib/vscode/extensions/ipynb/media/
code-server-4.91.1-linux-amd64/lib/vscode/extensions/ipynb/media/icon.png
code-server-4.91.1-linux-amd64/lib/vscode/extensions/ipynb/README.md
code-server-4.91.1-linux-amd64/lib/vscode/extensions/ipynb/dist/
code-server-4.91.1-linux-amd64/lib/vscode/extensions/ipynb/dist/ipynbMain.js
code-server-4.91.1-linux-amd64/lib/vscode/extensions/ipynb/dist/ipynbMain.js.map
code-server-4.91.1-linux-amd64/lib/vscode/extensions/ipynb/package.json
code-server-4.91.1-linux-amd64/lib/vscode/extensions/ipynb/package.nls.json
code-server-4.91.1-linux-amd64/lib/vscode/extensions/ipynb/notebook-out/
code-server-4.91.1-linux-amd64/lib/vscode/extensions/ipynb/notebook-out/cellAttachmentRenderer.js
code-server-4.91.1-linux-amd64/lib/vscode/extensions/bat/
code-server-4.91.1-linux-amd64/lib/vscode/extensions/bat/snippets/
code-server-4.91.1-linux-amd64/lib/vscode/extensions/bat/snippets/batchfile.code-snippets
code-server-4.91.1-linux-amd64/lib/vscode/extensions/bat/package.json
code-server-4.91.1-linux-amd64/lib/vscode/extensions/bat/package.nls.json
code-server-4.91.1-linux-amd64/lib/vscode/extensions/bat/syntaxes/
code-server-4.91.1-linux-amd64/lib/vscode/extensions/bat/syntaxes/batchfile.tmLanguage.json
code-server-4.91.1-linux-amd64/lib/vscode/extensions/bat/language-configuration.json
code-server-4.91.1-linux-amd64/lib/vscode/product.json
code-server-4.91.1-linux-amd64/lib/vscode/node_modules/
code-server-4.91.1-linux-amd64/lib/vscode/node_modules/braces/
code-server-4.91.1-linux-amd64/lib/vscode/node_modules/braces/lib/
code-server-4.91.1-linux-amd64/lib/vscode/node_modules/braces/lib/parse.js
code-server-4.91.1-linux-amd64/lib/vscode/node_modules/braces/lib/constants.js
code-server-4.91.1-linux-amd64/lib/vscode/node_modules/braces/lib/utils.js
code-server-4.91.1-linux-amd64/lib/vscode/node_modules/braces/lib/compile.js
code-server-4.91.1-linux-amd64/lib/vscode/node_modules/braces/lib/stringify.js
code-server-4.91.1-linux-amd64/lib/vscode/node_modules/braces/lib/expand.js
code-server-4.91.1-linux-amd64/lib/vscode/node_modules/braces/README.md
code-server-4.91.1-linux-amd64/lib/vscode/node_modules/braces/LICENSE
code-server-4.91.1-linux-amd64/lib/vscode/node_modules/braces/index.js
code-server-4.91.1-linux-amd64/lib/vscode/node_modules/braces/package.json
code-server-4.91.1-linux-amd64/lib/vscode/node_modules/agent-base/
code-server-4.91.1-linux-amd64/lib/vscode/node_modules/agent-base/README.md
code-server-4.91.1-linux-amd64/lib/vscode/node_modules/agent-base/dist/
code-server-4.91.1-linux-amd64/lib/vscode/node_modules/agent-base/dist/helpers.d.ts
code-server-4.91.1-linux-amd64/lib/vscode/node_modules/agent-base/dist/index.js.map
code-server-4.91.1-linux-amd64/lib/vscode/node_modules/agent-base/dist/helpers.d.ts.map
code-server-4.91.1-linux-amd64/lib/vscode/node_modules/agent-base/dist/helpers.js
code-server-4.91.1-linux-amd64/lib/vscode/node_modules/agent-base/dist/index.js
code-server-4.91.1-linux-amd64/lib/vscode/node_modules/agent-base/dist/helpers.js.map
code-server-4.91.1-linux-amd64/lib/vscode/node_modules/agent-base/dist/index.d.ts
code-server-4.91.1-linux-amd64/lib/vscode/node_modules/agent-base/dist/index.d.ts.map
code-server-4.91.1-linux-amd64/lib/vscode/node_modules/agent-base/package.json
code-server-4.91.1-linux-amd64/lib/vscode/node_modules/node-abi/
code-server-4.91.1-linux-amd64/lib/vscode/node_modules/node-abi/scripts/
code-server-4.91.1-linux-amd64/lib/vscode/node_modules/node-abi/scripts/update-abi-registry.js
code-server-4.91.1-linux-amd64/lib/vscode/node_modules/node-abi/test/
code-server-4.91.1-linux-amd64/lib/vscode/node_modules/node-abi/test/index.js
code-server-4.91.1-linux-amd64/lib/vscode/node_modules/node-abi/CONTRIBUTING.md
code-server-4.91.1-linux-amd64/lib/vscode/node_modules/node-abi/.circleci/
code-server-4.91.1-linux-amd64/lib/vscode/node_modules/node-abi/.circleci/config.yml
code-server-4.91.1-linux-amd64/lib/vscode/node_modules/node-abi/README.md
code-server-4.91.1-linux-amd64/lib/vscode/node_modules/node-abi/LICENSE
code-server-4.91.1-linux-amd64/lib/vscode/node_modules/node-abi/index.js
code-server-4.91.1-linux-amd64/lib/vscode/node_modules/node-abi/.github/
code-server-4.91.1-linux-amd64/lib/vscode/node_modules/node-abi/.github/workflows/
code-server-4.91.1-linux-amd64/lib/vscode/node_modules/node-abi/.github/workflows/update-abi.yml
code-server-4.91.1-linux-amd64/lib/vscode/node_modules/node-abi/package.json
code-server-4.91.1-linux-amd64/lib/vscode/node_modules/node-abi/.releaserc.json
code-server-4.91.1-linux-amd64/lib/vscode/node_modules/node-abi/abi_registry.json
code-server-4.91.1-linux-amd64/lib/vscode/node_modules/node-abi/CODE_OF_CONDUCT.md
code-server-4.91.1-linux-amd64/lib/vscode/node_modules/string_decoder/
code-server-4.91.1-linux-amd64/lib/vscode/node_modules/string_decoder/lib/
code-server-4.91.1-linux-amd64/lib/vscode/node_modules/string_decoder/lib/string_decoder.js
code-server-4.91.1-linux-amd64/lib/vscode/node_modules/string_decoder/README.md
code-server-4.91.1-linux-amd64/lib/vscode/node_modules/string_decoder/LICENSE
code-server-4.91.1-linux-amd64/lib/vscode/node_modules/string_decoder/package.json
code-server-4.91.1-linux-amd64/lib/vscode/node_modules/minimist/
code-server-4.91.1-linux-amd64/lib/vscode/node_modules/minimist/.travis.yml
code-server-4.91.1-linux-amd64/lib/vscode/node_modules/minimist/test/
code-server-4.91.1-linux-amd64/lib/vscode/node_modules/minimist/test/whitespace.js
code-server-4.91.1-linux-amd64/lib/vscode/node_modules/minimist/test/unknown.js
code-server-4.91.1-linux-amd64/lib/vscode/node_modules/minimist/test/all_bool.js
code-server-4.91.1-linux-amd64/lib/vscode/node_modules/minimist/test/parse.js
code-server-4.91.1-linux-amd64/lib/vscode/node_modules/minimist/test/bool.js
code-server-4.91.1-linux-amd64/lib/vscode/node_modules/minimist/test/kv_short.js
code-server-4.91.1-linux-amd64/lib/vscode/node_modules/minimist/test/dash.js
code-server-4.91.1-linux-amd64/lib/vscode/node_modules/minimist/test/stop_early.js
code-server-4.91.1-linux-amd64/lib/vscode/node_modules/minimist/test/short.js
code-server-4.91.1-linux-amd64/lib/vscode/node_modules/minimist/test/default_bool.js
code-server-4.91.1-linux-amd64/lib/vscode/node_modules/minimist/test/dotted.js
code-server-4.91.1-linux-amd64/lib/vscode/node_modules/minimist/test/long.js
code-server-4.91.1-linux-amd64/lib/vscode/node_modules/minimist/test/proto.js
code-server-4.91.1-linux-amd64/lib/vscode/node_modules/minimist/test/parse_modified.js
code-server-4.91.1-linux-amd64/lib/vscode/node_modules/minimist/test/num.js
code-server-4.91.1-linux-amd64/lib/vscode/node_modules/minimist/LICENSE
code-server-4.91.1-linux-amd64/lib/vscode/node_modules/minimist/readme.markdown
code-server-4.91.1-linux-amd64/lib/vscode/node_modules/minimist/index.js
code-server-4.91.1-linux-amd64/lib/vscode/node_modules/minimist/package.json
code-server-4.91.1-linux-amd64/lib/vscode/node_modules/minimist/example/
code-server-4.91.1-linux-amd64/lib/vscode/node_modules/minimist/example/parse.js
code-server-4.91.1-linux-amd64/lib/vscode/node_modules/is-extglob/
code-server-4.91.1-linux-amd64/lib/vscode/node_modules/is-extglob/README.md
code-server-4.91.1-linux-amd64/lib/vscode/node_modules/is-extglob/LICENSE
code-server-4.91.1-linux-amd64/lib/vscode/node_modules/is-extglob/index.js
code-server-4.91.1-linux-amd64/lib/vscode/node_modules/is-extglob/package.json
code-server-4.91.1-linux-amd64/lib/vscode/node_modules/.package-lock.json
code-server-4.91.1-linux-amd64/lib/vscode/node_modules/bl/
code-server-4.91.1-linux-amd64/lib/vscode/node_modules/bl/.travis.yml
code-server-4.91.1-linux-amd64/lib/vscode/node_modules/bl/LICENSE.md
code-server-4.91.1-linux-amd64/lib/vscode/node_modules/bl/test/
code-server-4.91.1-linux-amd64/lib/vscode/node_modules/bl/test/test.js
code-server-4.91.1-linux-amd64/lib/vscode/node_modules/bl/test/indexOf.js
code-server-4.91.1-linux-amd64/lib/vscode/node_modules/bl/test/convert.js
code-server-4.91.1-linux-amd64/lib/vscode/node_modules/bl/test/isBufferList.js
code-server-4.91.1-linux-amd64/lib/vscode/node_modules/bl/README.md
code-server-4.91.1-linux-amd64/lib/vscode/node_modules/bl/bl.js
code-server-4.91.1-linux-amd64/lib/vscode/node_modules/bl/package.json
code-server-4.91.1-linux-amd64/lib/vscode/node_modules/bl/BufferList.js
code-server-4.91.1-linux-amd64/lib/vscode/node_modules/base64-js/
code-server-4.91.1-linux-amd64/lib/vscode/node_modules/base64-js/README.md
code-server-4.91.1-linux-amd64/lib/vscode/node_modules/base64-js/LICENSE
code-server-4.91.1-linux-amd64/lib/vscode/node_modules/base64-js/index.js
code-server-4.91.1-linux-amd64/lib/vscode/node_modules/base64-js/package.json
code-server-4.91.1-linux-amd64/lib/vscode/node_modules/base64-js/base64js.min.js
code-server-4.91.1-linux-amd64/lib/vscode/node_modules/base64-js/index.d.ts
code-server-4.91.1-linux-amd64/lib/vscode/node_modules/ieee754/
code-server-4.91.1-linux-amd64/lib/vscode/node_modules/ieee754/README.md
code-server-4.91.1-linux-amd64/lib/vscode/node_modules/ieee754/LICENSE
code-server-4.91.1-linux-amd64/lib/vscode/node_modules/ieee754/index.js
code-server-4.91.1-linux-amd64/lib/vscode/node_modules/ieee754/package.json
code-server-4.91.1-linux-amd64/lib/vscode/node_modules/ieee754/index.d.ts
code-server-4.91.1-linux-amd64/lib/vscode/node_modules/@tootallnate/
code-server-4.91.1-linux-amd64/lib/vscode/node_modules/@tootallnate/once/
code-server-4.91.1-linux-amd64/lib/vscode/node_modules/@tootallnate/once/README.md
code-server-4.91.1-linux-amd64/lib/vscode/node_modules/@tootallnate/once/LICENSE
code-server-4.91.1-linux-amd64/lib/vscode/node_modules/@tootallnate/once/dist/
code-server-4.91.1-linux-amd64/lib/vscode/node_modules/@tootallnate/once/dist/overloaded-parameters.js.map
code-server-4.91.1-linux-amd64/lib/vscode/node_modules/@tootallnate/once/dist/overloaded-parameters.d.ts
code-server-4.91.1-linux-amd64/lib/vscode/node_modules/@tootallnate/once/dist/index.js.map
code-server-4.91.1-linux-amd64/lib/vscode/node_modules/@tootallnate/once/dist/overloaded-parameters.js
code-server-4.91.1-linux-amd64/lib/vscode/node_modules/@tootallnate/once/dist/index.js
code-server-4.91.1-linux-amd64/lib/vscode/node_modules/@tootallnate/once/dist/types.js
code-server-4.91.1-linux-amd64/lib/vscode/node_modules/@tootallnate/once/dist/index.d.ts
code-server-4.91.1-linux-amd64/lib/vscode/node_modules/@tootallnate/once/dist/types.js.map
code-server-4.91.1-linux-amd64/lib/vscode/node_modules/@tootallnate/once/dist/types.d.ts
code-server-4.91.1-linux-amd64/lib/vscode/node_modules/@tootallnate/once/package.json
code-server-4.91.1-linux-amd64/lib/vscode/node_modules/@tootallnate/once/src/
code-server-4.91.1-linux-amd64/lib/vscode/node_modules/@tootallnate/once/src/overloaded-parameters.ts
code-server-4.91.1-linux-amd64/lib/vscode/node_modules/@tootallnate/once/src/index.ts
code-server-4.91.1-linux-amd64/lib/vscode/node_modules/@tootallnate/once/src/types.ts
code-server-4.91.1-linux-amd64/lib/vscode/node_modules/wrappy/
code-server-4.91.1-linux-amd64/lib/vscode/node_modules/wrappy/README.md
code-server-4.91.1-linux-amd64/lib/vscode/node_modules/wrappy/LICENSE
code-server-4.91.1-linux-amd64/lib/vscode/node_modules/wrappy/wrappy.js
code-server-4.91.1-linux-amd64/lib/vscode/node_modules/wrappy/package.json
code-server-4.91.1-linux-amd64/lib/vscode/node_modules/ini/
code-server-4.91.1-linux-amd64/lib/vscode/node_modules/ini/ini.js
code-server-4.91.1-linux-amd64/lib/vscode/node_modules/ini/README.md
code-server-4.91.1-linux-amd64/lib/vscode/node_modules/ini/LICENSE
code-server-4.91.1-linux-amd64/lib/vscode/node_modules/ini/package.json
code-server-4.91.1-linux-amd64/lib/vscode/node_modules/.bin/
code-server-4.91.1-linux-amd64/lib/vscode/node_modules/.bin/vscode-languagedetection
code-server-4.91.1-linux-amd64/lib/vscode/node_modules/.bin/uuid
code-server-4.91.1-linux-amd64/lib/vscode/node_modules/.bin/node-gyp-build-test
code-server-4.91.1-linux-amd64/lib/vscode/node_modules/.bin/mkdirp
code-server-4.91.1-linux-amd64/lib/vscode/node_modules/.bin/semver
code-server-4.91.1-linux-amd64/lib/vscode/node_modules/.bin/node-gyp-build
code-server-4.91.1-linux-amd64/lib/vscode/node_modules/.bin/rc
code-server-4.91.1-linux-amd64/lib/vscode/node_modules/.bin/node-gyp-build-optional
code-server-4.91.1-linux-amd64/lib/vscode/node_modules/.bin/prebuild-install
code-server-4.91.1-linux-amd64/lib/vscode/node_modules/mkdirp-classic/
code-server-4.91.1-linux-amd64/lib/vscode/node_modules/mkdirp-classic/README.md
code-server-4.91.1-linux-amd64/lib/vscode/node_modules/mkdirp-classic/LICENSE
code-server-4.91.1-linux-amd64/lib/vscode/node_modules/mkdirp-classic/index.js
code-server-4.91.1-linux-amd64/lib/vscode/node_modules/mkdirp-classic/package.json
code-server-4.91.1-linux-amd64/lib/vscode/node_modules/ip/
code-server-4.91.1-linux-amd64/lib/vscode/node_modules/ip/lib/
code-server-4.91.1-linux-amd64/lib/vscode/node_modules/ip/lib/ip.js
code-server-4.91.1-linux-amd64/lib/vscode/node_modules/ip/README.md
code-server-4.91.1-linux-amd64/lib/vscode/node_modules/ip/package.json
code-server-4.91.1-linux-amd64/lib/vscode/node_modules/jschardet/
code-server-4.91.1-linux-amd64/lib/vscode/node_modules/jschardet/scripts/
code-server-4.91.1-linux-amd64/lib/vscode/node_modules/jschardet/scripts/run-workflow.sh
code-server-4.91.1-linux-amd64/lib/vscode/node_modules/jschardet/scripts/show-size-changes.sh
code-server-4.91.1-linux-amd64/lib/vscode/node_modules/jschardet/CONTRIBUTORS
code-server-4.91.1-linux-amd64/lib/vscode/node_modules/jschardet/README.md
code-server-4.91.1-linux-amd64/lib/vscode/node_modules/jschardet/LICENSE
code-server-4.91.1-linux-amd64/lib/vscode/node_modules/jschardet/index.js
code-server-4.91.1-linux-amd64/lib/vscode/node_modules/jschardet/.github/
code-server-4.91.1-linux-amd64/lib/vscode/node_modules/jschardet/.github/workflows/
code-server-4.91.1-linux-amd64/lib/vscode/node_modules/jschardet/.github/workflows/build.yml
code-server-4.91.1-linux-amd64/lib/vscode/node_modules/jschardet/.github/workflows/npm-publish.yml
code-server-4.91.1-linux-amd64/lib/vscode/node_modules/jschardet/.github/workflows/github-release.yml
code-server-4.91.1-linux-amd64/lib/vscode/node_modules/jschardet/dist/
code-server-4.91.1-linux-amd64/lib/vscode/node_modules/jschardet/dist/jschardet.js
code-server-4.91.1-linux-amd64/lib/vscode/node_modules/jschardet/dist/jschardet.min.js
code-server-4.91.1-linux-amd64/lib/vscode/node_modules/jschardet/package.json
code-server-4.91.1-linux-amd64/lib/vscode/node_modules/jschardet/src/
code-server-4.91.1-linux-amd64/lib/vscode/node_modules/jschardet/src/mbcssm/
code-server-4.91.1-linux-amd64/lib/vscode/node_modules/jschardet/src/mbcssm/gb2312.js
code-server-4.91.1-linux-amd64/lib/vscode/node_modules/jschardet/src/mbcssm/ucs2be.js
code-server-4.91.1-linux-amd64/lib/vscode/node_modules/jschardet/src/mbcssm/euckr.js
code-server-4.91.1-linux-amd64/lib/vscode/node_modules/jschardet/src/mbcssm/sjis.js
code-server-4.91.1-linux-amd64/lib/vscode/node_modules/jschardet/src/mbcssm/eucjp.js
code-server-4.91.1-linux-amd64/lib/vscode/node_modules/jschardet/src/mbcssm/euctw.js
code-server-4.91.1-linux-amd64/lib/vscode/node_modules/jschardet/src/mbcssm/big5.js
code-server-4.91.1-linux-amd64/lib/vscode/node_modules/jschardet/src/mbcssm/ucs2le.js
code-server-4.91.1-linux-amd64/lib/vscode/node_modules/jschardet/src/mbcssm/utf8.js
code-server-4.91.1-linux-amd64/lib/vscode/node_modules/jschardet/src/langhebrewmodel.js
code-server-4.91.1-linux-amd64/lib/vscode/node_modules/jschardet/src/langbulgarianmodel.js
code-server-4.91.1-linux-amd64/lib/vscode/node_modules/jschardet/src/escsm.js
code-server-4.91.1-linux-amd64/lib/vscode/node_modules/jschardet/src/jisfreq.js
code-server-4.91.1-linux-amd64/lib/vscode/node_modules/jschardet/src/sbcharsetprober.js
code-server-4.91.1-linux-amd64/lib/vscode/node_modules/jschardet/src/eucjpprober.js
code-server-4.91.1-linux-amd64/lib/vscode/node_modules/jschardet/src/euctwprober.js
code-server-4.91.1-linux-amd64/lib/vscode/node_modules/jschardet/src/sbcsgroupprober.js
code-server-4.91.1-linux-amd64/lib/vscode/node_modules/jschardet/src/chardistribution.js
code-server-4.91.1-linux-amd64/lib/vscode/node_modules/jschardet/src/gb2312prober.js
code-server-4.91.1-linux-amd64/lib/vscode/node_modules/jschardet/src/langgreekmodel.js
code-server-4.91.1-linux-amd64/lib/vscode/node_modules/jschardet/src/universaldetector.js
code-server-4.91.1-linux-amd64/lib/vscode/node_modules/jschardet/src/mbcsgroupprober.js
code-server-4.91.1-linux-amd64/lib/vscode/node_modules/jschardet/src/euckrprober.js
code-server-4.91.1-linux-amd64/lib/vscode/node_modules/jschardet/src/charsetgroupprober.js
code-server-4.91.1-linux-amd64/lib/vscode/node_modules/jschardet/src/charsetprober.js
code-server-4.91.1-linux-amd64/lib/vscode/node_modules/jschardet/src/langhungarianmodel.js
code-server-4.91.1-linux-amd64/lib/vscode/node_modules/jschardet/src/sjisprober.js
code-server-4.91.1-linux-amd64/lib/vscode/node_modules/jschardet/src/langcyrillicmodel.js
code-server-4.91.1-linux-amd64/lib/vscode/node_modules/jschardet/src/constants.js
code-server-4.91.1-linux-amd64/lib/vscode/node_modules/jschardet/src/jpcntx.js
code-server-4.91.1-linux-amd64/lib/vscode/node_modules/jschardet/src/index.js
code-server-4.91.1-linux-amd64/lib/vscode/node_modules/jschardet/src/hebrewprober.js
code-server-4.91.1-linux-amd64/lib/vscode/node_modules/jschardet/src/mbcharsetprober.js
code-server-4.91.1-linux-amd64/lib/vscode/node_modules/jschardet/src/utf8prober.js
code-server-4.91.1-linux-amd64/lib/vscode/node_modules/jschardet/src/escprober.js
code-server-4.91.1-linux-amd64/lib/vscode/node_modules/jschardet/src/latin1prober.js
code-server-4.91.1-linux-amd64/lib/vscode/node_modules/jschardet/src/big5freq.js
code-server-4.91.1-linux-amd64/lib/vscode/node_modules/jschardet/src/big5prober.js
code-server-4.91.1-linux-amd64/lib/vscode/node_modules/jschardet/src/codingstatemachine.js
code-server-4.91.1-linux-amd64/lib/vscode/node_modules/jschardet/src/euckrfreq.js
code-server-4.91.1-linux-amd64/lib/vscode/node_modules/jschardet/src/gb2312freq.js
code-server-4.91.1-linux-amd64/lib/vscode/node_modules/jschardet/src/langthaimodel.js
code-server-4.91.1-linux-amd64/lib/vscode/node_modules/jschardet/src/euctwfreq.js
code-server-4.91.1-linux-amd64/lib/vscode/node_modules/jschardet/src/logger.js
code-server-4.91.1-linux-amd64/lib/vscode/node_modules/jschardet/index.d.ts
code-server-4.91.1-linux-amd64/lib/vscode/node_modules/socks-proxy-agent/
code-server-4.91.1-linux-amd64/lib/vscode/node_modules/socks-proxy-agent/README.md
code-server-4.91.1-linux-amd64/lib/vscode/node_modules/socks-proxy-agent/dist/
code-server-4.91.1-linux-amd64/lib/vscode/node_modules/socks-proxy-agent/dist/index.js.map
code-server-4.91.1-linux-amd64/lib/vscode/node_modules/socks-proxy-agent/dist/index.js
code-server-4.91.1-linux-amd64/lib/vscode/node_modules/socks-proxy-agent/dist/index.d.ts
code-server-4.91.1-linux-amd64/lib/vscode/node_modules/socks-proxy-agent/dist/index.d.ts.map
code-server-4.91.1-linux-amd64/lib/vscode/node_modules/socks-proxy-agent/package.json
code-server-4.91.1-linux-amd64/lib/vscode/node_modules/github-from-package/
code-server-4.91.1-linux-amd64/lib/vscode/node_modules/github-from-package/.travis.yml
code-server-4.91.1-linux-amd64/lib/vscode/node_modules/github-from-package/test/
code-server-4.91.1-linux-amd64/lib/vscode/node_modules/github-from-package/test/url.js
code-server-4.91.1-linux-amd64/lib/vscode/node_modules/github-from-package/test/d.json
code-server-4.91.1-linux-amd64/lib/vscode/node_modules/github-from-package/test/a.json
code-server-4.91.1-linux-amd64/lib/vscode/node_modules/github-from-package/test/b.json
code-server-4.91.1-linux-amd64/lib/vscode/node_modules/github-from-package/test/e.json
code-server-4.91.1-linux-amd64/lib/vscode/node_modules/github-from-package/test/c.json
code-server-4.91.1-linux-amd64/lib/vscode/node_modules/github-from-package/LICENSE
code-server-4.91.1-linux-amd64/lib/vscode/node_modules/github-from-package/readme.markdown
code-server-4.91.1-linux-amd64/lib/vscode/node_modules/github-from-package/index.js
code-server-4.91.1-linux-amd64/lib/vscode/node_modules/github-from-package/package.json
code-server-4.91.1-linux-amd64/lib/vscode/node_modules/github-from-package/example/
code-server-4.91.1-linux-amd64/lib/vscode/node_modules/github-from-package/example/url.js
code-server-4.91.1-linux-amd64/lib/vscode/node_modules/github-from-package/example/package.json
code-server-4.91.1-linux-amd64/lib/vscode/node_modules/native-watchdog/
code-server-4.91.1-linux-amd64/lib/vscode/node_modules/native-watchdog/SECURITY.md
code-server-4.91.1-linux-amd64/lib/vscode/node_modules/native-watchdog/binding.gyp
code-server-4.91.1-linux-amd64/lib/vscode/node_modules/native-watchdog/README.md
code-server-4.91.1-linux-amd64/lib/vscode/node_modules/native-watchdog/LICENSE
code-server-4.91.1-linux-amd64/lib/vscode/node_modules/native-watchdog/index.js
code-server-4.91.1-linux-amd64/lib/vscode/node_modules/native-watchdog/package.json
code-server-4.91.1-linux-amd64/lib/vscode/node_modules/native-watchdog/src/
code-server-4.91.1-linux-amd64/lib/vscode/node_modules/native-watchdog/src/common.h
code-server-4.91.1-linux-amd64/lib/vscode/node_modules/native-watchdog/src/watchdog.cc
code-server-4.91.1-linux-amd64/lib/vscode/node_modules/native-watchdog/build/
code-server-4.91.1-linux-amd64/lib/vscode/node_modules/native-watchdog/build/binding.Makefile
code-server-4.91.1-linux-amd64/lib/vscode/node_modules/native-watchdog/build/Release/
code-server-4.91.1-linux-amd64/lib/vscode/node_modules/native-watchdog/build/Release/.deps/
code-server-4.91.1-linux-amd64/lib/vscode/node_modules/native-watchdog/build/Release/.deps/Release/
code-server-4.91.1-linux-amd64/lib/vscode/node_modules/native-watchdog/build/Release/.deps/Release/watchdog.node.d
code-server-4.91.1-linux-amd64/lib/vscode/node_modules/native-watchdog/build/Release/.deps/Release/obj.target/
code-server-4.91.1-linux-amd64/lib/vscode/node_modules/native-watchdog/build/Release/.deps/Release/obj.target/watchdog.node.d
code-server-4.91.1-linux-amd64/lib/vscode/node_modules/native-watchdog/build/Release/.deps/Release/obj.target/watchdog/
code-server-4.91.1-linux-amd64/lib/vscode/node_modules/native-watchdog/build/Release/.deps/Release/obj.target/watchdog/src/
code-server-4.91.1-linux-amd64/lib/vscode/node_modules/native-watchdog/build/Release/.deps/Release/obj.target/watchdog/src/watchdog.o.d
code-server-4.91.1-linux-amd64/lib/vscode/node_modules/native-watchdog/build/Release/watchdog.node
code-server-4.91.1-linux-amd64/lib/vscode/node_modules/native-watchdog/build/Release/obj.target/
code-server-4.91.1-linux-amd64/lib/vscode/node_modules/native-watchdog/build/Release/obj.target/watchdog/
code-server-4.91.1-linux-amd64/lib/vscode/node_modules/native-watchdog/build/Release/obj.target/watchdog/src/
code-server-4.91.1-linux-amd64/lib/vscode/node_modules/native-watchdog/build/Release/obj.target/watchdog/src/watchdog.o
code-server-4.91.1-linux-amd64/lib/vscode/node_modules/native-watchdog/build/Release/obj.target/watchdog.node
code-server-4.91.1-linux-amd64/lib/vscode/node_modules/native-watchdog/build/Makefile
code-server-4.91.1-linux-amd64/lib/vscode/node_modules/native-watchdog/build/watchdog.target.mk
code-server-4.91.1-linux-amd64/lib/vscode/node_modules/native-watchdog/build/config.gypi
code-server-4.91.1-linux-amd64/lib/vscode/node_modules/native-watchdog/index.d.ts
code-server-4.91.1-linux-amd64/lib/vscode/node_modules/pump/
code-server-4.91.1-linux-amd64/lib/vscode/node_modules/pump/.travis.yml
code-server-4.91.1-linux-amd64/lib/vscode/node_modules/pump/test-browser.js
code-server-4.91.1-linux-amd64/lib/vscode/node_modules/pump/README.md
code-server-4.91.1-linux-amd64/lib/vscode/node_modules/pump/LICENSE
code-server-4.91.1-linux-amd64/lib/vscode/node_modules/pump/index.js
code-server-4.91.1-linux-amd64/lib/vscode/node_modules/pump/package.json
code-server-4.91.1-linux-amd64/lib/vscode/node_modules/pump/test-node.js
code-server-4.91.1-linux-amd64/lib/vscode/node_modules/js-base64/
code-server-4.91.1-linux-amd64/lib/vscode/node_modules/js-base64/LICENSE.md
code-server-4.91.1-linux-amd64/lib/vscode/node_modules/js-base64/README.md
code-server-4.91.1-linux-amd64/lib/vscode/node_modules/js-base64/base64.d.ts
code-server-4.91.1-linux-amd64/lib/vscode/node_modules/js-base64/package.json
code-server-4.91.1-linux-amd64/lib/vscode/node_modules/js-base64/base64.js
code-server-4.91.1-linux-amd64/lib/vscode/node_modules/js-base64/base64.mjs
code-server-4.91.1-linux-amd64/lib/vscode/node_modules/js-base64/base64.d.mts
code-server-4.91.1-linux-amd64/lib/vscode/node_modules/vscode-oniguruma/
code-server-4.91.1-linux-amd64/lib/vscode/node_modules/vscode-oniguruma/SECURITY.md
code-server-4.91.1-linux-amd64/lib/vscode/node_modules/vscode-oniguruma/main.d.ts
code-server-4.91.1-linux-amd64/lib/vscode/node_modules/vscode-oniguruma/README.md
code-server-4.91.1-linux-amd64/lib/vscode/node_modules/vscode-oniguruma/release/
code-server-4.91.1-linux-amd64/lib/vscode/node_modules/vscode-oniguruma/release/main.js
code-server-4.91.1-linux-amd64/lib/vscode/node_modules/vscode-oniguruma/release/onig.wasm
code-server-4.91.1-linux-amd64/lib/vscode/node_modules/vscode-oniguruma/package.json
code-server-4.91.1-linux-amd64/lib/vscode/node_modules/vscode-oniguruma/LICENSE.txt
code-server-4.91.1-linux-amd64/lib/vscode/node_modules/vscode-oniguruma/NOTICES.txt
code-server-4.91.1-linux-amd64/lib/vscode/node_modules/expand-template/
code-server-4.91.1-linux-amd64/lib/vscode/node_modules/expand-template/.travis.yml
code-server-4.91.1-linux-amd64/lib/vscode/node_modules/expand-template/README.md
code-server-4.91.1-linux-amd64/lib/vscode/node_modules/expand-template/LICENSE
code-server-4.91.1-linux-amd64/lib/vscode/node_modules/expand-template/test.js
code-server-4.91.1-linux-amd64/lib/vscode/node_modules/expand-template/index.js
code-server-4.91.1-linux-amd64/lib/vscode/node_modules/expand-template/package.json
code-server-4.91.1-linux-amd64/lib/vscode/node_modules/mimic-response/
code-server-4.91.1-linux-amd64/lib/vscode/node_modules/mimic-response/license
code-server-4.91.1-linux-amd64/lib/vscode/node_modules/mimic-response/index.js
code-server-4.91.1-linux-amd64/lib/vscode/node_modules/mimic-response/package.json
code-server-4.91.1-linux-amd64/lib/vscode/node_modules/mimic-response/readme.md
code-server-4.91.1-linux-amd64/lib/vscode/node_modules/mimic-response/index.d.ts
code-server-4.91.1-linux-amd64/lib/vscode/node_modules/@microsoft/
code-server-4.91.1-linux-amd64/lib/vscode/node_modules/@microsoft/1ds-core-js/
code-server-4.91.1-linux-amd64/lib/vscode/node_modules/@microsoft/1ds-core-js/SECURITY.md
code-server-4.91.1-linux-amd64/lib/vscode/node_modules/@microsoft/1ds-core-js/tsconfig.json
code-server-4.91.1-linux-amd64/lib/vscode/node_modules/@microsoft/1ds-core-js/CONTRIBUTING.md
code-server-4.91.1-linux-amd64/lib/vscode/node_modules/@microsoft/1ds-core-js/dist-esm/
code-server-4.91.1-linux-amd64/lib/vscode/node_modules/@microsoft/1ds-core-js/dist-esm/src/
code-server-4.91.1-linux-amd64/lib/vscode/node_modules/@microsoft/1ds-core-js/dist-esm/src/AppInsightsCore.js.map
code-server-4.91.1-linux-amd64/lib/vscode/node_modules/@microsoft/1ds-core-js/dist-esm/src/ESPromiseScheduler.js.map
code-server-4.91.1-linux-amd64/lib/vscode/node_modules/@microsoft/1ds-core-js/dist-esm/src/AppInsightsCore.js
code-server-4.91.1-linux-amd64/lib/vscode/node_modules/@microsoft/1ds-core-js/dist-esm/src/AppInsightsCore.d.ts
code-server-4.91.1-linux-amd64/lib/vscode/node_modules/@microsoft/1ds-core-js/dist-esm/src/Enums.js
code-server-4.91.1-linux-amd64/lib/vscode/node_modules/@microsoft/1ds-core-js/dist-esm/src/ESPromise.js
code-server-4.91.1-linux-amd64/lib/vscode/node_modules/@microsoft/1ds-core-js/dist-esm/src/Utils.js.map
code-server-4.91.1-linux-amd64/lib/vscode/node_modules/@microsoft/1ds-core-js/dist-esm/src/DataModels.d.ts
code-server-4.91.1-linux-amd64/lib/vscode/node_modules/@microsoft/1ds-core-js/dist-esm/src/InternalConstants.js
code-server-4.91.1-linux-amd64/lib/vscode/node_modules/@microsoft/1ds-core-js/dist-esm/src/Utils.d.ts
code-server-4.91.1-linux-amd64/lib/vscode/node_modules/@microsoft/1ds-core-js/dist-esm/src/InternalConstants.d.ts
code-server-4.91.1-linux-amd64/lib/vscode/node_modules/@microsoft/1ds-core-js/dist-esm/src/BaseCore.js.map
code-server-4.91.1-linux-amd64/lib/vscode/node_modules/@microsoft/1ds-core-js/dist-esm/src/ESPromise.js.map
code-server-4.91.1-linux-amd64/lib/vscode/node_modules/@microsoft/1ds-core-js/dist-esm/src/ESPromiseScheduler.d.ts
code-server-4.91.1-linux-amd64/lib/vscode/node_modules/@microsoft/1ds-core-js/dist-esm/src/Index.js
code-server-4.91.1-linux-amd64/lib/vscode/node_modules/@microsoft/1ds-core-js/dist-esm/src/Index.d.ts
code-server-4.91.1-linux-amd64/lib/vscode/node_modules/@microsoft/1ds-core-js/dist-esm/src/DataModels.js
code-server-4.91.1-linux-amd64/lib/vscode/node_modules/@microsoft/1ds-core-js/dist-esm/src/ValueSanitizer.js.map
code-server-4.91.1-linux-amd64/lib/vscode/node_modules/@microsoft/1ds-core-js/dist-esm/src/Enums.js.map
code-server-4.91.1-linux-amd64/lib/vscode/node_modules/@microsoft/1ds-core-js/dist-esm/src/DataModels.js.map
code-server-4.91.1-linux-amd64/lib/vscode/node_modules/@microsoft/1ds-core-js/dist-esm/src/Enums.d.ts
code-server-4.91.1-linux-amd64/lib/vscode/node_modules/@microsoft/1ds-core-js/dist-esm/src/Utils.js
code-server-4.91.1-linux-amd64/lib/vscode/node_modules/@microsoft/1ds-core-js/dist-esm/src/ValueSanitizer.js
code-server-4.91.1-linux-amd64/lib/vscode/node_modules/@microsoft/1ds-core-js/dist-esm/src/Index.js.map
code-server-4.91.1-linux-amd64/lib/vscode/node_modules/@microsoft/1ds-core-js/dist-esm/src/BaseCore.d.ts
code-server-4.91.1-linux-amd64/lib/vscode/node_modules/@microsoft/1ds-core-js/dist-esm/src/BaseCore.js
code-server-4.91.1-linux-amd64/lib/vscode/node_modules/@microsoft/1ds-core-js/dist-esm/src/ESPromise.d.ts
code-server-4.91.1-linux-amd64/lib/vscode/node_modules/@microsoft/1ds-core-js/dist-esm/src/ESPromiseScheduler.js
code-server-4.91.1-linux-amd64/lib/vscode/node_modules/@microsoft/1ds-core-js/dist-esm/src/InternalConstants.js.map
code-server-4.91.1-linux-amd64/lib/vscode/node_modules/@microsoft/1ds-core-js/dist-esm/src/ValueSanitizer.d.ts
code-server-4.91.1-linux-amd64/lib/vscode/node_modules/@microsoft/1ds-core-js/README.md
code-server-4.91.1-linux-amd64/lib/vscode/node_modules/@microsoft/1ds-core-js/bundle/
code-server-4.91.1-linux-amd64/lib/vscode/node_modules/@microsoft/1ds-core-js/bundle/ms.core-3.2.13.js.map
code-server-4.91.1-linux-amd64/lib/vscode/node_modules/@microsoft/1ds-core-js/bundle/ms.core.gbl.min.js
code-server-4.91.1-linux-amd64/lib/vscode/node_modules/@microsoft/1ds-core-js/bundle/ms.core-3.2.13.min.js.map
code-server-4.91.1-linux-amd64/lib/vscode/node_modules/@microsoft/1ds-core-js/bundle/ms.core.gbl.js
code-server-4.91.1-linux-amd64/lib/vscode/node_modules/@microsoft/1ds-core-js/bundle/ms.core.integrity.json
code-server-4.91.1-linux-amd64/lib/vscode/node_modules/@microsoft/1ds-core-js/bundle/ms.core-3.2.13.gbl.js
code-server-4.91.1-linux-amd64/lib/vscode/node_modules/@microsoft/1ds-core-js/bundle/ms.core.js
code-server-4.91.1-linux-amd64/lib/vscode/node_modules/@microsoft/1ds-core-js/bundle/ms.core-3.2.13.js
code-server-4.91.1-linux-amd64/lib/vscode/node_modules/@microsoft/1ds-core-js/bundle/ms.core-3.2.13.gbl.js.map
code-server-4.91.1-linux-amd64/lib/vscode/node_modules/@microsoft/1ds-core-js/bundle/ms.core.min.js
code-server-4.91.1-linux-amd64/lib/vscode/node_modules/@microsoft/1ds-core-js/bundle/ms.core.min.js.map
code-server-4.91.1-linux-amd64/lib/vscode/node_modules/@microsoft/1ds-core-js/bundle/ms.core-3.2.13.integrity.json
code-server-4.91.1-linux-amd64/lib/vscode/node_modules/@microsoft/1ds-core-js/bundle/ms.core-3.2.13.gbl.min.js.map
code-server-4.91.1-linux-amd64/lib/vscode/node_modules/@microsoft/1ds-core-js/bundle/ms.core.gbl.min.js.map
code-server-4.91.1-linux-amd64/lib/vscode/node_modules/@microsoft/1ds-core-js/bundle/ms.core.js.map
code-server-4.91.1-linux-amd64/lib/vscode/node_modules/@microsoft/1ds-core-js/bundle/ms.core-3.2.13.gbl.min.js
code-server-4.91.1-linux-amd64/lib/vscode/node_modules/@microsoft/1ds-core-js/bundle/ms.core-3.2.13.min.js
code-server-4.91.1-linux-amd64/lib/vscode/node_modules/@microsoft/1ds-core-js/bundle/ms.core.gbl.js.map
code-server-4.91.1-linux-amd64/lib/vscode/node_modules/@microsoft/1ds-core-js/PRIVACY
code-server-4.91.1-linux-amd64/lib/vscode/node_modules/@microsoft/1ds-core-js/dist/
code-server-4.91.1-linux-amd64/lib/vscode/node_modules/@microsoft/1ds-core-js/dist/ms.core.js
code-server-4.91.1-linux-amd64/lib/vscode/node_modules/@microsoft/1ds-core-js/dist/ms.core.min.js
code-server-4.91.1-linux-amd64/lib/vscode/node_modules/@microsoft/1ds-core-js/dist/ms.core.min.js.map
code-server-4.91.1-linux-amd64/lib/vscode/node_modules/@microsoft/1ds-core-js/dist/ms.core.js.map
code-server-4.91.1-linux-amd64/lib/vscode/node_modules/@microsoft/1ds-core-js/LICENSE.TXT
code-server-4.91.1-linux-amd64/lib/vscode/node_modules/@microsoft/1ds-core-js/package.json
code-server-4.91.1-linux-amd64/lib/vscode/node_modules/@microsoft/1ds-core-js/SUPPORT.md
code-server-4.91.1-linux-amd64/lib/vscode/node_modules/@microsoft/1ds-core-js/src/
code-server-4.91.1-linux-amd64/lib/vscode/node_modules/@microsoft/1ds-core-js/src/ESPromise.ts
code-server-4.91.1-linux-amd64/lib/vscode/node_modules/@microsoft/1ds-core-js/src/Index.ts
code-server-4.91.1-linux-amd64/lib/vscode/node_modules/@microsoft/1ds-core-js/src/InternalConstants.ts
code-server-4.91.1-linux-amd64/lib/vscode/node_modules/@microsoft/1ds-core-js/src/AppInsightsCore.ts
code-server-4.91.1-linux-amd64/lib/vscode/node_modules/@microsoft/1ds-core-js/src/ESPromiseScheduler.ts
code-server-4.91.1-linux-amd64/lib/vscode/node_modules/@microsoft/1ds-core-js/src/BaseCore.ts
code-server-4.91.1-linux-amd64/lib/vscode/node_modules/@microsoft/1ds-core-js/src/Utils.ts
code-server-4.91.1-linux-amd64/lib/vscode/node_modules/@microsoft/1ds-core-js/src/Enums.ts
code-server-4.91.1-linux-amd64/lib/vscode/node_modules/@microsoft/1ds-core-js/src/ValueSanitizer.ts
code-server-4.91.1-linux-amd64/lib/vscode/node_modules/@microsoft/1ds-core-js/src/DataModels.ts
code-server-4.91.1-linux-amd64/lib/vscode/node_modules/@microsoft/1ds-core-js/CODE_OF_CONDUCT.md
code-server-4.91.1-linux-amd64/lib/vscode/node_modules/@microsoft/1ds-core-js/NOTICE
code-server-4.91.1-linux-amd64/lib/vscode/node_modules/@microsoft/applicationinsights-shims/
code-server-4.91.1-linux-amd64/lib/vscode/node_modules/@microsoft/applicationinsights-shims/tsconfig.json
code-server-4.91.1-linux-amd64/lib/vscode/node_modules/@microsoft/applicationinsights-shims/dist-esm/
code-server-4.91.1-linux-amd64/lib/vscode/node_modules/@microsoft/applicationinsights-shims/dist-esm/TsLibGlobals.js.map
code-server-4.91.1-linux-amd64/lib/vscode/node_modules/@microsoft/applicationinsights-shims/dist-esm/Constants.js.map
code-server-4.91.1-linux-amd64/lib/vscode/node_modules/@microsoft/applicationinsights-shims/dist-esm/Helpers.js.map
code-server-4.91.1-linux-amd64/lib/vscode/node_modules/@microsoft/applicationinsights-shims/dist-esm/Helpers.js
code-server-4.91.1-linux-amd64/lib/vscode/node_modules/@microsoft/applicationinsights-shims/dist-esm/TsLibGlobals.js
code-server-4.91.1-linux-amd64/lib/vscode/node_modules/@microsoft/applicationinsights-shims/dist-esm/Constants.js
code-server-4.91.1-linux-amd64/lib/vscode/node_modules/@microsoft/applicationinsights-shims/dist-esm/TsLibShims.js.map
code-server-4.91.1-linux-amd64/lib/vscode/node_modules/@microsoft/applicationinsights-shims/dist-esm/TsLibShims.js
code-server-4.91.1-linux-amd64/lib/vscode/node_modules/@microsoft/applicationinsights-shims/dist-esm/applicationinsights-shims.js.map
code-server-4.91.1-linux-amd64/lib/vscode/node_modules/@microsoft/applicationinsights-shims/dist-esm/applicationinsights-shims.js
code-server-4.91.1-linux-amd64/lib/vscode/node_modules/@microsoft/applicationinsights-shims/README.md
code-server-4.91.1-linux-amd64/lib/vscode/node_modules/@microsoft/applicationinsights-shims/LICENSE
code-server-4.91.1-linux-amd64/lib/vscode/node_modules/@microsoft/applicationinsights-shims/dist/
code-server-4.91.1-linux-amd64/lib/vscode/node_modules/@microsoft/applicationinsights-shims/dist/umd/
code-server-4.91.1-linux-amd64/lib/vscode/node_modules/@microsoft/applicationinsights-shims/dist/umd/applicationinsights-shims.min.js
code-server-4.91.1-linux-amd64/lib/vscode/node_modules/@microsoft/applicationinsights-shims/dist/umd/applicationinsights-shims.js
code-server-4.91.1-linux-amd64/lib/vscode/node_modules/@microsoft/applicationinsights-shims/dist/esm/
code-server-4.91.1-linux-amd64/lib/vscode/node_modules/@microsoft/applicationinsights-shims/dist/esm/applicationinsights-shims.min.js
code-server-4.91.1-linux-amd64/lib/vscode/node_modules/@microsoft/applicationinsights-shims/dist/esm/applicationinsights-shims.js
code-server-4.91.1-linux-amd64/lib/vscode/node_modules/@microsoft/applicationinsights-shims/package.json
code-server-4.91.1-linux-amd64/lib/vscode/node_modules/@microsoft/applicationinsights-shims/browser/
code-server-4.91.1-linux-amd64/lib/vscode/node_modules/@microsoft/applicationinsights-shims/browser/applicationinsights-shims.min.js
code-server-4.91.1-linux-amd64/lib/vscode/node_modules/@microsoft/applicationinsights-shims/browser/applicationinsights-shims.js
code-server-4.91.1-linux-amd64/lib/vscode/node_modules/@microsoft/applicationinsights-shims/types/
code-server-4.91.1-linux-amd64/lib/vscode/node_modules/@microsoft/applicationinsights-shims/types/TsLibShims.d.ts
code-server-4.91.1-linux-amd64/lib/vscode/node_modules/@microsoft/applicationinsights-shims/types/applicationinsights-shims.d.ts
code-server-4.91.1-linux-amd64/lib/vscode/node_modules/@microsoft/applicationinsights-shims/types/Constants.d.ts
code-server-4.91.1-linux-amd64/lib/vscode/node_modules/@microsoft/applicationinsights-shims/types/Helpers.d.ts
code-server-4.91.1-linux-amd64/lib/vscode/node_modules/@microsoft/applicationinsights-shims/types/TsLibGlobals.d.ts
code-server-4.91.1-linux-amd64/lib/vscode/node_modules/@microsoft/applicationinsights-shims/NOTICE
code-server-4.91.1-linux-amd64/lib/vscode/node_modules/@microsoft/1ds-post-js/
code-server-4.91.1-linux-amd64/lib/vscode/node_modules/@microsoft/1ds-post-js/SECURITY.md
code-server-4.91.1-linux-amd64/lib/vscode/node_modules/@microsoft/1ds-post-js/tsconfig.json
code-server-4.91.1-linux-amd64/lib/vscode/node_modules/@microsoft/1ds-post-js/CONTRIBUTING.md
code-server-4.91.1-linux-amd64/lib/vscode/node_modules/@microsoft/1ds-post-js/dist-esm/
code-server-4.91.1-linux-amd64/lib/vscode/node_modules/@microsoft/1ds-post-js/dist-esm/src/
code-server-4.91.1-linux-amd64/lib/vscode/node_modules/@microsoft/1ds-post-js/dist-esm/src/EventBatch.js.map
code-server-4.91.1-linux-amd64/lib/vscode/node_modules/@microsoft/1ds-post-js/dist-esm/src/KillSwitch.d.ts
code-server-4.91.1-linux-amd64/lib/vscode/node_modules/@microsoft/1ds-post-js/dist-esm/src/BatchNotificationActions.d.ts
code-server-4.91.1-linux-amd64/lib/vscode/node_modules/@microsoft/1ds-post-js/dist-esm/src/RetryPolicy.js
code-server-4.91.1-linux-amd64/lib/vscode/node_modules/@microsoft/1ds-post-js/dist-esm/src/TimeoutOverrideWrapper.js
code-server-4.91.1-linux-amd64/lib/vscode/node_modules/@microsoft/1ds-post-js/dist-esm/src/ClockSkewManager.js.map
code-server-4.91.1-linux-amd64/lib/vscode/node_modules/@microsoft/1ds-post-js/dist-esm/src/DataModels.d.ts
code-server-4.91.1-linux-amd64/lib/vscode/node_modules/@microsoft/1ds-post-js/dist-esm/src/InternalConstants.js
code-server-4.91.1-linux-amd64/lib/vscode/node_modules/@microsoft/1ds-post-js/dist-esm/src/TimeoutOverrideWrapper.js.map
code-server-4.91.1-linux-amd64/lib/vscode/node_modules/@microsoft/1ds-post-js/dist-esm/src/InternalConstants.d.ts
code-server-4.91.1-linux-amd64/lib/vscode/node_modules/@microsoft/1ds-post-js/dist-esm/src/BatchNotificationActions.js
code-server-4.91.1-linux-amd64/lib/vscode/node_modules/@microsoft/1ds-post-js/dist-esm/src/ClockSkewManager.js
code-server-4.91.1-linux-amd64/lib/vscode/node_modules/@microsoft/1ds-post-js/dist-esm/src/RetryPolicy.d.ts
code-server-4.91.1-linux-amd64/lib/vscode/node_modules/@microsoft/1ds-post-js/dist-esm/src/typings/
code-server-4.91.1-linux-amd64/lib/vscode/node_modules/@microsoft/1ds-post-js/dist-esm/src/typings/XDomainRequest.d.ts
code-server-4.91.1-linux-amd64/lib/vscode/node_modules/@microsoft/1ds-post-js/dist-esm/src/typings/XDomainRequest.js.map
code-server-4.91.1-linux-amd64/lib/vscode/node_modules/@microsoft/1ds-post-js/dist-esm/src/typings/XDomainRequest.js
code-server-4.91.1-linux-amd64/lib/vscode/node_modules/@microsoft/1ds-post-js/dist-esm/src/PostChannel.js.map
code-server-4.91.1-linux-amd64/lib/vscode/node_modules/@microsoft/1ds-post-js/dist-esm/src/HttpManager.js
code-server-4.91.1-linux-amd64/lib/vscode/node_modules/@microsoft/1ds-post-js/dist-esm/src/Serializer.js
code-server-4.91.1-linux-amd64/lib/vscode/node_modules/@microsoft/1ds-post-js/dist-esm/src/Index.js
code-server-4.91.1-linux-amd64/lib/vscode/node_modules/@microsoft/1ds-post-js/dist-esm/src/RetryPolicy.js.map
code-server-4.91.1-linux-amd64/lib/vscode/node_modules/@microsoft/1ds-post-js/dist-esm/src/Index.d.ts
code-server-4.91.1-linux-amd64/lib/vscode/node_modules/@microsoft/1ds-post-js/dist-esm/src/DataModels.js
code-server-4.91.1-linux-amd64/lib/vscode/node_modules/@microsoft/1ds-post-js/dist-esm/src/TimeoutOverrideWrapper.d.ts
code-server-4.91.1-linux-amd64/lib/vscode/node_modules/@microsoft/1ds-post-js/dist-esm/src/PostChannel.js
code-server-4.91.1-linux-amd64/lib/vscode/node_modules/@microsoft/1ds-post-js/dist-esm/src/DataModels.js.map
code-server-4.91.1-linux-amd64/lib/vscode/node_modules/@microsoft/1ds-post-js/dist-esm/src/HttpManager.js.map
code-server-4.91.1-linux-amd64/lib/vscode/node_modules/@microsoft/1ds-post-js/dist-esm/src/KillSwitch.js
code-server-4.91.1-linux-amd64/lib/vscode/node_modules/@microsoft/1ds-post-js/dist-esm/src/PostChannel.d.ts
code-server-4.91.1-linux-amd64/lib/vscode/node_modules/@microsoft/1ds-post-js/dist-esm/src/BatchNotificationActions.js.map
code-server-4.91.1-linux-amd64/lib/vscode/node_modules/@microsoft/1ds-post-js/dist-esm/src/Serializer.js.map
code-server-4.91.1-linux-amd64/lib/vscode/node_modules/@microsoft/1ds-post-js/dist-esm/src/HttpManager.d.ts
code-server-4.91.1-linux-amd64/lib/vscode/node_modules/@microsoft/1ds-post-js/dist-esm/src/Index.js.map
code-server-4.91.1-linux-amd64/lib/vscode/node_modules/@microsoft/1ds-post-js/dist-esm/src/EventBatch.d.ts
code-server-4.91.1-linux-amd64/lib/vscode/node_modules/@microsoft/1ds-post-js/dist-esm/src/ClockSkewManager.d.ts
code-server-4.91.1-linux-amd64/lib/vscode/node_modules/@microsoft/1ds-post-js/dist-esm/src/Serializer.d.ts
code-server-4.91.1-linux-amd64/lib/vscode/node_modules/@microsoft/1ds-post-js/dist-esm/src/KillSwitch.js.map
code-server-4.91.1-linux-amd64/lib/vscode/node_modules/@microsoft/1ds-post-js/dist-esm/src/InternalConstants.js.map
code-server-4.91.1-linux-amd64/lib/vscode/node_modules/@microsoft/1ds-post-js/dist-esm/src/EventBatch.js
code-server-4.91.1-linux-amd64/lib/vscode/node_modules/@microsoft/1ds-post-js/README.md
code-server-4.91.1-linux-amd64/lib/vscode/node_modules/@microsoft/1ds-post-js/bundle/
code-server-4.91.1-linux-amd64/lib/vscode/node_modules/@microsoft/1ds-post-js/bundle/ms.post.min.js
code-server-4.91.1-linux-amd64/lib/vscode/node_modules/@microsoft/1ds-post-js/bundle/ms.post.js.map
code-server-4.91.1-linux-amd64/lib/vscode/node_modules/@microsoft/1ds-post-js/bundle/ms.post-3.2.13.js
code-server-4.91.1-linux-amd64/lib/vscode/node_modules/@microsoft/1ds-post-js/bundle/ms.post-3.2.13.gbl.js
code-server-4.91.1-linux-amd64/lib/vscode/node_modules/@microsoft/1ds-post-js/bundle/ms.post-3.2.13.js.map
code-server-4.91.1-linux-amd64/lib/vscode/node_modules/@microsoft/1ds-post-js/bundle/ms.post.gbl.js.map
code-server-4.91.1-linux-amd64/lib/vscode/node_modules/@microsoft/1ds-post-js/bundle/ms.post.gbl.js
code-server-4.91.1-linux-amd64/lib/vscode/node_modules/@microsoft/1ds-post-js/bundle/ms.post-3.2.13.gbl.js.map
code-server-4.91.1-linux-amd64/lib/vscode/node_modules/@microsoft/1ds-post-js/bundle/ms.post.integrity.json
code-server-4.91.1-linux-amd64/lib/vscode/node_modules/@microsoft/1ds-post-js/bundle/ms.post-3.2.13.integrity.json
code-server-4.91.1-linux-amd64/lib/vscode/node_modules/@microsoft/1ds-post-js/bundle/ms.post-3.2.13.gbl.min.js
code-server-4.91.1-linux-amd64/lib/vscode/node_modules/@microsoft/1ds-post-js/bundle/ms.post.js
code-server-4.91.1-linux-amd64/lib/vscode/node_modules/@microsoft/1ds-post-js/bundle/ms.post.gbl.min.js.map
code-server-4.91.1-linux-amd64/lib/vscode/node_modules/@microsoft/1ds-post-js/bundle/ms.post.gbl.min.js
code-server-4.91.1-linux-amd64/lib/vscode/node_modules/@microsoft/1ds-post-js/bundle/ms.post-3.2.13.min.js.map
code-server-4.91.1-linux-amd64/lib/vscode/node_modules/@microsoft/1ds-post-js/bundle/ms.post-3.2.13.min.js
code-server-4.91.1-linux-amd64/lib/vscode/node_modules/@microsoft/1ds-post-js/bundle/ms.post.min.js.map
code-server-4.91.1-linux-amd64/lib/vscode/node_modules/@microsoft/1ds-post-js/bundle/ms.post-3.2.13.gbl.min.js.map
code-server-4.91.1-linux-amd64/lib/vscode/node_modules/@microsoft/1ds-post-js/PRIVACY
code-server-4.91.1-linux-amd64/lib/vscode/node_modules/@microsoft/1ds-post-js/dist/
code-server-4.91.1-linux-amd64/lib/vscode/node_modules/@microsoft/1ds-post-js/dist/ms.post.min.js
code-server-4.91.1-linux-amd64/lib/vscode/node_modules/@microsoft/1ds-post-js/dist/ms.post.js.map
code-server-4.91.1-linux-amd64/lib/vscode/node_modules/@microsoft/1ds-post-js/dist/ms.post.js
code-server-4.91.1-linux-amd64/lib/vscode/node_modules/@microsoft/1ds-post-js/dist/ms.post.min.js.map
code-server-4.91.1-linux-amd64/lib/vscode/node_modules/@microsoft/1ds-post-js/LICENSE.TXT
code-server-4.91.1-linux-amd64/lib/vscode/node_modules/@microsoft/1ds-post-js/package.json
code-server-4.91.1-linux-amd64/lib/vscode/node_modules/@microsoft/1ds-post-js/SUPPORT.md
code-server-4.91.1-linux-amd64/lib/vscode/node_modules/@microsoft/1ds-post-js/src/
code-server-4.91.1-linux-amd64/lib/vscode/node_modules/@microsoft/1ds-post-js/src/KillSwitch.ts
code-server-4.91.1-linux-amd64/lib/vscode/node_modules/@microsoft/1ds-post-js/src/PostChannel.ts
code-server-4.91.1-linux-amd64/lib/vscode/node_modules/@microsoft/1ds-post-js/src/TimeoutOverrideWrapper.ts
code-server-4.91.1-linux-amd64/lib/vscode/node_modules/@microsoft/1ds-post-js/src/Index.ts
code-server-4.91.1-linux-amd64/lib/vscode/node_modules/@microsoft/1ds-post-js/src/HttpManager.ts
code-server-4.91.1-linux-amd64/lib/vscode/node_modules/@microsoft/1ds-post-js/src/typings/
code-server-4.91.1-linux-amd64/lib/vscode/node_modules/@microsoft/1ds-post-js/src/typings/XDomainRequest.ts
code-server-4.91.1-linux-amd64/lib/vscode/node_modules/@microsoft/1ds-post-js/src/ClockSkewManager.ts
code-server-4.91.1-linux-amd64/lib/vscode/node_modules/@microsoft/1ds-post-js/src/BatchNotificationActions.ts
code-server-4.91.1-linux-amd64/lib/vscode/node_modules/@microsoft/1ds-post-js/src/InternalConstants.ts
code-server-4.91.1-linux-amd64/lib/vscode/node_modules/@microsoft/1ds-post-js/src/EventBatch.ts
code-server-4.91.1-linux-amd64/lib/vscode/node_modules/@microsoft/1ds-post-js/src/Serializer.ts
code-server-4.91.1-linux-amd64/lib/vscode/node_modules/@microsoft/1ds-post-js/src/RetryPolicy.ts
code-server-4.91.1-linux-amd64/lib/vscode/node_modules/@microsoft/1ds-post-js/src/DataModels.ts
code-server-4.91.1-linux-amd64/lib/vscode/node_modules/@microsoft/1ds-post-js/CODE_OF_CONDUCT.md
code-server-4.91.1-linux-amd64/lib/vscode/node_modules/@microsoft/1ds-post-js/NOTICE
code-server-4.91.1-linux-amd64/lib/vscode/node_modules/@microsoft/applicationinsights-core-js/
code-server-4.91.1-linux-amd64/lib/vscode/node_modules/@microsoft/applicationinsights-core-js/tsconfig.json
code-server-4.91.1-linux-amd64/lib/vscode/node_modules/@microsoft/applicationinsights-core-js/CONTRIBUTING.md
code-server-4.91.1-linux-amd64/lib/vscode/node_modules/@microsoft/applicationinsights-core-js/dist-esm/
code-server-4.91.1-linux-amd64/lib/vscode/node_modules/@microsoft/applicationinsights-core-js/dist-esm/JavaScriptSDK.Interfaces/
code-server-4.91.1-linux-amd64/lib/vscode/node_modules/@microsoft/applicationinsights-core-js/dist-esm/JavaScriptSDK.Interfaces/INotificationManager.js.map
code-server-4.91.1-linux-amd64/lib/vscode/node_modules/@microsoft/applicationinsights-core-js/dist-esm/JavaScriptSDK.Interfaces/ITelemetryItem.js
code-server-4.91.1-linux-amd64/lib/vscode/node_modules/@microsoft/applicationinsights-core-js/dist-esm/JavaScriptSDK.Interfaces/IPerfManager.js.map
code-server-4.91.1-linux-amd64/lib/vscode/node_modules/@microsoft/applicationinsights-core-js/dist-esm/JavaScriptSDK.Interfaces/IProcessTelemetryContext.js.map
code-server-4.91.1-linux-amd64/lib/vscode/node_modules/@microsoft/applicationinsights-core-js/dist-esm/JavaScriptSDK.Interfaces/IDistributedTraceContext.js
code-server-4.91.1-linux-amd64/lib/vscode/node_modules/@microsoft/applicationinsights-core-js/dist-esm/JavaScriptSDK.Interfaces/IDiagnosticLogger.js
code-server-4.91.1-linux-amd64/lib/vscode/node_modules/@microsoft/applicationinsights-core-js/dist-esm/JavaScriptSDK.Interfaces/ITraceParent.js.map
code-server-4.91.1-linux-amd64/lib/vscode/node_modules/@microsoft/applicationinsights-core-js/dist-esm/JavaScriptSDK.Interfaces/IInstrumentHooks.js
code-server-4.91.1-linux-amd64/lib/vscode/node_modules/@microsoft/applicationinsights-core-js/dist-esm/JavaScriptSDK.Interfaces/IConfiguration.js.map
code-server-4.91.1-linux-amd64/lib/vscode/node_modules/@microsoft/applicationinsights-core-js/dist-esm/JavaScriptSDK.Interfaces/IAppInsightsCore.js
code-server-4.91.1-linux-amd64/lib/vscode/node_modules/@microsoft/applicationinsights-core-js/dist-esm/JavaScriptSDK.Interfaces/IDistributedTraceContext.js.map
code-server-4.91.1-linux-amd64/lib/vscode/node_modules/@microsoft/applicationinsights-core-js/dist-esm/JavaScriptSDK.Interfaces/ITraceParent.js
code-server-4.91.1-linux-amd64/lib/vscode/node_modules/@microsoft/applicationinsights-core-js/dist-esm/JavaScriptSDK.Interfaces/IProcessTelemetryContext.js
code-server-4.91.1-linux-amd64/lib/vscode/node_modules/@microsoft/applicationinsights-core-js/dist-esm/JavaScriptSDK.Interfaces/INotificationManager.js
code-server-4.91.1-linux-amd64/lib/vscode/node_modules/@microsoft/applicationinsights-core-js/dist-esm/JavaScriptSDK.Interfaces/IAppInsightsCore.js.map
code-server-4.91.1-linux-amd64/lib/vscode/node_modules/@microsoft/applicationinsights-core-js/dist-esm/JavaScriptSDK.Interfaces/IInstrumentHooks.js.map
code-server-4.91.1-linux-amd64/lib/vscode/node_modules/@microsoft/applicationinsights-core-js/dist-esm/JavaScriptSDK.Interfaces/IPerfEvent.js.map
code-server-4.91.1-linux-amd64/lib/vscode/node_modules/@microsoft/applicationinsights-core-js/dist-esm/JavaScriptSDK.Interfaces/ITelemetryItem.js.map
code-server-4.91.1-linux-amd64/lib/vscode/node_modules/@microsoft/applicationinsights-core-js/dist-esm/JavaScriptSDK.Interfaces/IUnloadableComponent.js.map
code-server-4.91.1-linux-amd64/lib/vscode/node_modules/@microsoft/applicationinsights-core-js/dist-esm/JavaScriptSDK.Interfaces/IUnloadableComponent.js
code-server-4.91.1-linux-amd64/lib/vscode/node_modules/@microsoft/applicationinsights-core-js/dist-esm/JavaScriptSDK.Interfaces/INotificationListener.js
code-server-4.91.1-linux-amd64/lib/vscode/node_modules/@microsoft/applicationinsights-core-js/dist-esm/JavaScriptSDK.Interfaces/ITelemetryUpdateState.js.map
code-server-4.91.1-linux-amd64/lib/vscode/node_modules/@microsoft/applicationinsights-core-js/dist-esm/JavaScriptSDK.Interfaces/IPerfManager.js
code-server-4.91.1-linux-amd64/lib/vscode/node_modules/@microsoft/applicationinsights-core-js/dist-esm/JavaScriptSDK.Interfaces/ICookieMgr.js
code-server-4.91.1-linux-amd64/lib/vscode/node_modules/@microsoft/applicationinsights-core-js/dist-esm/JavaScriptSDK.Interfaces/IChannelControls.js.map
code-server-4.91.1-linux-amd64/lib/vscode/node_modules/@microsoft/applicationinsights-core-js/dist-esm/JavaScriptSDK.Interfaces/ITelemetryUpdateState.js
code-server-4.91.1-linux-amd64/lib/vscode/node_modules/@microsoft/applicationinsights-core-js/dist-esm/JavaScriptSDK.Interfaces/IPerfEvent.js
code-server-4.91.1-linux-amd64/lib/vscode/node_modules/@microsoft/applicationinsights-core-js/dist-esm/JavaScriptSDK.Interfaces/IDiagnosticLogger.js.map
code-server-4.91.1-linux-amd64/lib/vscode/node_modules/@microsoft/applicationinsights-core-js/dist-esm/JavaScriptSDK.Interfaces/ITelemetryInitializers.js.map
code-server-4.91.1-linux-amd64/lib/vscode/node_modules/@microsoft/applicationinsights-core-js/dist-esm/JavaScriptSDK.Interfaces/ITelemetryPluginChain.js.map
code-server-4.91.1-linux-amd64/lib/vscode/node_modules/@microsoft/applicationinsights-core-js/dist-esm/JavaScriptSDK.Interfaces/ITelemetryPlugin.js
code-server-4.91.1-linux-amd64/lib/vscode/node_modules/@microsoft/applicationinsights-core-js/dist-esm/JavaScriptSDK.Interfaces/ITelemetryUnloadState.js
code-server-4.91.1-linux-amd64/lib/vscode/node_modules/@microsoft/applicationinsights-core-js/dist-esm/JavaScriptSDK.Interfaces/IChannelControls.js
code-server-4.91.1-linux-amd64/lib/vscode/node_modules/@microsoft/applicationinsights-core-js/dist-esm/JavaScriptSDK.Interfaces/ITelemetryUnloadState.js.map
code-server-4.91.1-linux-amd64/lib/vscode/node_modules/@microsoft/applicationinsights-core-js/dist-esm/JavaScriptSDK.Interfaces/ITelemetryPlugin.js.map
code-server-4.91.1-linux-amd64/lib/vscode/node_modules/@microsoft/applicationinsights-core-js/dist-esm/JavaScriptSDK.Interfaces/IConfiguration.js
code-server-4.91.1-linux-amd64/lib/vscode/node_modules/@microsoft/applicationinsights-core-js/dist-esm/JavaScriptSDK.Interfaces/ITelemetryPluginChain.js
code-server-4.91.1-linux-amd64/lib/vscode/node_modules/@microsoft/applicationinsights-core-js/dist-esm/JavaScriptSDK.Interfaces/ICookieMgr.js.map
code-server-4.91.1-linux-amd64/lib/vscode/node_modules/@microsoft/applicationinsights-core-js/dist-esm/JavaScriptSDK.Interfaces/INotificationListener.js.map
code-server-4.91.1-linux-amd64/lib/vscode/node_modules/@microsoft/applicationinsights-core-js/dist-esm/JavaScriptSDK.Interfaces/IDbgExtension.js.map
code-server-4.91.1-linux-amd64/lib/vscode/node_modules/@microsoft/applicationinsights-core-js/dist-esm/JavaScriptSDK.Interfaces/ITelemetryInitializers.js
code-server-4.91.1-linux-amd64/lib/vscode/node_modules/@microsoft/applicationinsights-core-js/dist-esm/JavaScriptSDK.Interfaces/IDbgExtension.js
code-server-4.91.1-linux-amd64/lib/vscode/node_modules/@microsoft/applicationinsights-core-js/dist-esm/applicationinsights-core-js.js
code-server-4.91.1-linux-amd64/lib/vscode/node_modules/@microsoft/applicationinsights-core-js/dist-esm/JavaScriptSDK.Enums/
code-server-4.91.1-linux-amd64/lib/vscode/node_modules/@microsoft/applicationinsights-core-js/dist-esm/JavaScriptSDK.Enums/LoggingEnums.js
code-server-4.91.1-linux-amd64/lib/vscode/node_modules/@microsoft/applicationinsights-core-js/dist-esm/JavaScriptSDK.Enums/SendRequestReason.js.map
code-server-4.91.1-linux-amd64/lib/vscode/node_modules/@microsoft/applicationinsights-core-js/dist-esm/JavaScriptSDK.Enums/TelemetryUpdateReason.js
code-server-4.91.1-linux-amd64/lib/vscode/node_modules/@microsoft/applicationinsights-core-js/dist-esm/JavaScriptSDK.Enums/EnumHelperFuncs.js
code-server-4.91.1-linux-amd64/lib/vscode/node_modules/@microsoft/applicationinsights-core-js/dist-esm/JavaScriptSDK.Enums/EventsDiscardedReason.js.map
code-server-4.91.1-linux-amd64/lib/vscode/node_modules/@microsoft/applicationinsights-core-js/dist-esm/JavaScriptSDK.Enums/LoggingEnums.js.map
code-server-4.91.1-linux-amd64/lib/vscode/node_modules/@microsoft/applicationinsights-core-js/dist-esm/JavaScriptSDK.Enums/EnumHelperFuncs.js.map
code-server-4.91.1-linux-amd64/lib/vscode/node_modules/@microsoft/applicationinsights-core-js/dist-esm/JavaScriptSDK.Enums/TelemetryUpdateReason.js.map
code-server-4.91.1-linux-amd64/lib/vscode/node_modules/@microsoft/applicationinsights-core-js/dist-esm/JavaScriptSDK.Enums/SendRequestReason.js
code-server-4.91.1-linux-amd64/lib/vscode/node_modules/@microsoft/applicationinsights-core-js/dist-esm/JavaScriptSDK.Enums/TelemetryUnloadReason.js.map
code-server-4.91.1-linux-amd64/lib/vscode/node_modules/@microsoft/applicationinsights-core-js/dist-esm/JavaScriptSDK.Enums/EventsDiscardedReason.js
code-server-4.91.1-linux-amd64/lib/vscode/node_modules/@microsoft/applicationinsights-core-js/dist-esm/JavaScriptSDK.Enums/TelemetryUnloadReason.js
code-server-4.91.1-linux-amd64/lib/vscode/node_modules/@microsoft/applicationinsights-core-js/dist-esm/__DynamicConstants.js
code-server-4.91.1-linux-amd64/lib/vscode/node_modules/@microsoft/applicationinsights-core-js/dist-esm/__DynamicConstants.js.map
code-server-4.91.1-linux-amd64/lib/vscode/node_modules/@microsoft/applicationinsights-core-js/dist-esm/JavaScriptSDK/
code-server-4.91.1-linux-amd64/lib/vscode/node_modules/@microsoft/applicationinsights-core-js/dist-esm/JavaScriptSDK/AppInsightsCore.js.map
code-server-4.91.1-linux-amd64/lib/vscode/node_modules/@microsoft/applicationinsights-core-js/dist-esm/JavaScriptSDK/DbgExtensionUtils.js
code-server-4.91.1-linux-amd64/lib/vscode/node_modules/@microsoft/applicationinsights-core-js/dist-esm/JavaScriptSDK/CookieMgr.js.map
code-server-4.91.1-linux-amd64/lib/vscode/node_modules/@microsoft/applicationinsights-core-js/dist-esm/JavaScriptSDK/EventHelpers.js
code-server-4.91.1-linux-amd64/lib/vscode/node_modules/@microsoft/applicationinsights-core-js/dist-esm/JavaScriptSDK/PerfManager.js.map
code-server-4.91.1-linux-amd64/lib/vscode/node_modules/@microsoft/applicationinsights-core-js/dist-esm/JavaScriptSDK/AppInsightsCore.js
code-server-4.91.1-linux-amd64/lib/vscode/node_modules/@microsoft/applicationinsights-core-js/dist-esm/JavaScriptSDK/EnvUtils.js
code-server-4.91.1-linux-amd64/lib/vscode/node_modules/@microsoft/applicationinsights-core-js/dist-esm/JavaScriptSDK/EnvUtils.js.map
code-server-4.91.1-linux-amd64/lib/vscode/node_modules/@microsoft/applicationinsights-core-js/dist-esm/JavaScriptSDK/W3cTraceParent.js.map
code-server-4.91.1-linux-amd64/lib/vscode/node_modules/@microsoft/applicationinsights-core-js/dist-esm/JavaScriptSDK/InstrumentHooks.js
code-server-4.91.1-linux-amd64/lib/vscode/node_modules/@microsoft/applicationinsights-core-js/dist-esm/JavaScriptSDK/ProcessTelemetryContext.js
code-server-4.91.1-linux-amd64/lib/vscode/node_modules/@microsoft/applicationinsights-core-js/dist-esm/JavaScriptSDK/ChannelController.js.map
code-server-4.91.1-linux-amd64/lib/vscode/node_modules/@microsoft/applicationinsights-core-js/dist-esm/JavaScriptSDK/UnloadHandlerContainer.js.map
code-server-4.91.1-linux-amd64/lib/vscode/node_modules/@microsoft/applicationinsights-core-js/dist-esm/JavaScriptSDK/InstrumentHooks.js.map
code-server-4.91.1-linux-amd64/lib/vscode/node_modules/@microsoft/applicationinsights-core-js/dist-esm/JavaScriptSDK/CoreUtils.js.map
code-server-4.91.1-linux-amd64/lib/vscode/node_modules/@microsoft/applicationinsights-core-js/dist-esm/JavaScriptSDK/CoreUtils.js
code-server-4.91.1-linux-amd64/lib/vscode/node_modules/@microsoft/applicationinsights-core-js/dist-esm/JavaScriptSDK/InternalConstants.js
code-server-4.91.1-linux-amd64/lib/vscode/node_modules/@microsoft/applicationinsights-core-js/dist-esm/JavaScriptSDK/NotificationManager.js
code-server-4.91.1-linux-amd64/lib/vscode/node_modules/@microsoft/applicationinsights-core-js/dist-esm/JavaScriptSDK/BaseTelemetryPlugin.js
code-server-4.91.1-linux-amd64/lib/vscode/node_modules/@microsoft/applicationinsights-core-js/dist-esm/JavaScriptSDK/TelemetryInitializerPlugin.js
code-server-4.91.1-linux-amd64/lib/vscode/node_modules/@microsoft/applicationinsights-core-js/dist-esm/JavaScriptSDK/HelperFuncs.js
code-server-4.91.1-linux-amd64/lib/vscode/node_modules/@microsoft/applicationinsights-core-js/dist-esm/JavaScriptSDK/DiagnosticLogger.js
code-server-4.91.1-linux-amd64/lib/vscode/node_modules/@microsoft/applicationinsights-core-js/dist-esm/JavaScriptSDK/DataCacheHelper.js.map
code-server-4.91.1-linux-amd64/lib/vscode/node_modules/@microsoft/applicationinsights-core-js/dist-esm/JavaScriptSDK/ChannelController.js
code-server-4.91.1-linux-amd64/lib/vscode/node_modules/@microsoft/applicationinsights-core-js/dist-esm/JavaScriptSDK/EventHelpers.js.map
code-server-4.91.1-linux-amd64/lib/vscode/node_modules/@microsoft/applicationinsights-core-js/dist-esm/JavaScriptSDK/BaseCore.js.map
code-server-4.91.1-linux-amd64/lib/vscode/node_modules/@microsoft/applicationinsights-core-js/dist-esm/JavaScriptSDK/DataCacheHelper.js
code-server-4.91.1-linux-amd64/lib/vscode/node_modules/@microsoft/applicationinsights-core-js/dist-esm/JavaScriptSDK/PerfManager.js
code-server-4.91.1-linux-amd64/lib/vscode/node_modules/@microsoft/applicationinsights-core-js/dist-esm/JavaScriptSDK/DbgExtensionUtils.js.map
code-server-4.91.1-linux-amd64/lib/vscode/node_modules/@microsoft/applicationinsights-core-js/dist-esm/JavaScriptSDK/TelemetryHelpers.js
code-server-4.91.1-linux-amd64/lib/vscode/node_modules/@microsoft/applicationinsights-core-js/dist-esm/JavaScriptSDK/HelperFuncs.js.map
code-server-4.91.1-linux-amd64/lib/vscode/node_modules/@microsoft/applicationinsights-core-js/dist-esm/JavaScriptSDK/TelemetryHelpers.js.map
code-server-4.91.1-linux-amd64/lib/vscode/node_modules/@microsoft/applicationinsights-core-js/dist-esm/JavaScriptSDK/BaseTelemetryPlugin.js.map
code-server-4.91.1-linux-amd64/lib/vscode/node_modules/@microsoft/applicationinsights-core-js/dist-esm/JavaScriptSDK/W3cTraceParent.js
code-server-4.91.1-linux-amd64/lib/vscode/node_modules/@microsoft/applicationinsights-core-js/dist-esm/JavaScriptSDK/TelemetryInitializerPlugin.js.map
code-server-4.91.1-linux-amd64/lib/vscode/node_modules/@microsoft/applicationinsights-core-js/dist-esm/JavaScriptSDK/ProcessTelemetryContext.js.map
code-server-4.91.1-linux-amd64/lib/vscode/node_modules/@microsoft/applicationinsights-core-js/dist-esm/JavaScriptSDK/BaseCore.js
code-server-4.91.1-linux-amd64/lib/vscode/node_modules/@microsoft/applicationinsights-core-js/dist-esm/JavaScriptSDK/NotificationManager.js.map
code-server-4.91.1-linux-amd64/lib/vscode/node_modules/@microsoft/applicationinsights-core-js/dist-esm/JavaScriptSDK/DiagnosticLogger.js.map
code-server-4.91.1-linux-amd64/lib/vscode/node_modules/@microsoft/applicationinsights-core-js/dist-esm/JavaScriptSDK/RandomHelper.js.map
code-server-4.91.1-linux-amd64/lib/vscode/node_modules/@microsoft/applicationinsights-core-js/dist-esm/JavaScriptSDK/InternalConstants.js.map
code-server-4.91.1-linux-amd64/lib/vscode/node_modules/@microsoft/applicationinsights-core-js/dist-esm/JavaScriptSDK/UnloadHandlerContainer.js
code-server-4.91.1-linux-amd64/lib/vscode/node_modules/@microsoft/applicationinsights-core-js/dist-esm/JavaScriptSDK/RandomHelper.js
code-server-4.91.1-linux-amd64/lib/vscode/node_modules/@microsoft/applicationinsights-core-js/dist-esm/JavaScriptSDK/CookieMgr.js
code-server-4.91.1-linux-amd64/lib/vscode/node_modules/@microsoft/applicationinsights-core-js/dist-esm/applicationinsights-core-js.js.map
code-server-4.91.1-linux-amd64/lib/vscode/node_modules/@microsoft/applicationinsights-core-js/README.md
code-server-4.91.1-linux-amd64/lib/vscode/node_modules/@microsoft/applicationinsights-core-js/LICENSE
code-server-4.91.1-linux-amd64/lib/vscode/node_modules/@microsoft/applicationinsights-core-js/PRIVACY
code-server-4.91.1-linux-amd64/lib/vscode/node_modules/@microsoft/applicationinsights-core-js/dist/
code-server-4.91.1-linux-amd64/lib/vscode/node_modules/@microsoft/applicationinsights-core-js/dist/applicationinsights-core-js.min.js
code-server-4.91.1-linux-amd64/lib/vscode/node_modules/@microsoft/applicationinsights-core-js/dist/applicationinsights-core-js.js
code-server-4.91.1-linux-amd64/lib/vscode/node_modules/@microsoft/applicationinsights-core-js/dist/applicationinsights-core-js.api.md
code-server-4.91.1-linux-amd64/lib/vscode/node_modules/@microsoft/applicationinsights-core-js/dist/applicationinsights-core-js.api.json
code-server-4.91.1-linux-amd64/lib/vscode/node_modules/@microsoft/applicationinsights-core-js/dist/applicationinsights-core-js.d.ts
code-server-4.91.1-linux-amd64/lib/vscode/node_modules/@microsoft/applicationinsights-core-js/dist/applicationinsights-core-js.js.map
code-server-4.91.1-linux-amd64/lib/vscode/node_modules/@microsoft/applicationinsights-core-js/dist/applicationinsights-core-js.rollup.d.ts
code-server-4.91.1-linux-amd64/lib/vscode/node_modules/@microsoft/applicationinsights-core-js/dist/applicationinsights-core-js.min.js.map
code-server-4.91.1-linux-amd64/lib/vscode/node_modules/@microsoft/applicationinsights-core-js/package.json
code-server-4.91.1-linux-amd64/lib/vscode/node_modules/@microsoft/applicationinsights-core-js/src/
code-server-4.91.1-linux-amd64/lib/vscode/node_modules/@microsoft/applicationinsights-core-js/src/JavaScriptSDK.Interfaces/
code-server-4.91.1-linux-amd64/lib/vscode/node_modules/@microsoft/applicationinsights-core-js/src/JavaScriptSDK.Interfaces/IDbgExtension.ts
code-server-4.91.1-linux-amd64/lib/vscode/node_modules/@microsoft/applicationinsights-core-js/src/JavaScriptSDK.Interfaces/ITelemetryUpdateState.ts
code-server-4.91.1-linux-amd64/lib/vscode/node_modules/@microsoft/applicationinsights-core-js/src/JavaScriptSDK.Interfaces/ICookieMgr.ts
code-server-4.91.1-linux-amd64/lib/vscode/node_modules/@microsoft/applicationinsights-core-js/src/JavaScriptSDK.Interfaces/ITraceParent.ts
code-server-4.91.1-linux-amd64/lib/vscode/node_modules/@microsoft/applicationinsights-core-js/src/JavaScriptSDK.Interfaces/IConfiguration.ts
code-server-4.91.1-linux-amd64/lib/vscode/node_modules/@microsoft/applicationinsights-core-js/src/JavaScriptSDK.Interfaces/ITelemetryUnloadState.ts
code-server-4.91.1-linux-amd64/lib/vscode/node_modules/@microsoft/applicationinsights-core-js/src/JavaScriptSDK.Interfaces/IChannelControls.ts
code-server-4.91.1-linux-amd64/lib/vscode/node_modules/@microsoft/applicationinsights-core-js/src/JavaScriptSDK.Interfaces/ITelemetryInitializers.ts
code-server-4.91.1-linux-amd64/lib/vscode/node_modules/@microsoft/applicationinsights-core-js/src/JavaScriptSDK.Interfaces/INotificationManager.ts
code-server-4.91.1-linux-amd64/lib/vscode/node_modules/@microsoft/applicationinsights-core-js/src/JavaScriptSDK.Interfaces/IPerfManager.ts
code-server-4.91.1-linux-amd64/lib/vscode/node_modules/@microsoft/applicationinsights-core-js/src/JavaScriptSDK.Interfaces/IAppInsightsCore.ts
code-server-4.91.1-linux-amd64/lib/vscode/node_modules/@microsoft/applicationinsights-core-js/src/JavaScriptSDK.Interfaces/IDiagnosticLogger.ts
code-server-4.91.1-linux-amd64/lib/vscode/node_modules/@microsoft/applicationinsights-core-js/src/JavaScriptSDK.Interfaces/IInstrumentHooks.ts
code-server-4.91.1-linux-amd64/lib/vscode/node_modules/@microsoft/applicationinsights-core-js/src/JavaScriptSDK.Interfaces/IProcessTelemetryContext.ts
code-server-4.91.1-linux-amd64/lib/vscode/node_modules/@microsoft/applicationinsights-core-js/src/JavaScriptSDK.Interfaces/ITelemetryPluginChain.ts
code-server-4.91.1-linux-amd64/lib/vscode/node_modules/@microsoft/applicationinsights-core-js/src/JavaScriptSDK.Interfaces/IPerfEvent.ts
code-server-4.91.1-linux-amd64/lib/vscode/node_modules/@microsoft/applicationinsights-core-js/src/JavaScriptSDK.Interfaces/IUnloadableComponent.ts
code-server-4.91.1-linux-amd64/lib/vscode/node_modules/@microsoft/applicationinsights-core-js/src/JavaScriptSDK.Interfaces/INotificationListener.ts
code-server-4.91.1-linux-amd64/lib/vscode/node_modules/@microsoft/applicationinsights-core-js/src/JavaScriptSDK.Interfaces/IDistributedTraceContext.ts
code-server-4.91.1-linux-amd64/lib/vscode/node_modules/@microsoft/applicationinsights-core-js/src/JavaScriptSDK.Interfaces/ITelemetryPlugin.ts
code-server-4.91.1-linux-amd64/lib/vscode/node_modules/@microsoft/applicationinsights-core-js/src/JavaScriptSDK.Interfaces/ITelemetryItem.ts
code-server-4.91.1-linux-amd64/lib/vscode/node_modules/@microsoft/applicationinsights-core-js/src/JavaScriptSDK.Enums/
code-server-4.91.1-linux-amd64/lib/vscode/node_modules/@microsoft/applicationinsights-core-js/src/JavaScriptSDK.Enums/TelemetryUpdateReason.ts
code-server-4.91.1-linux-amd64/lib/vscode/node_modules/@microsoft/applicationinsights-core-js/src/JavaScriptSDK.Enums/EnumHelperFuncs.ts
code-server-4.91.1-linux-amd64/lib/vscode/node_modules/@microsoft/applicationinsights-core-js/src/JavaScriptSDK.Enums/TelemetryUnloadReason.ts
code-server-4.91.1-linux-amd64/lib/vscode/node_modules/@microsoft/applicationinsights-core-js/src/JavaScriptSDK.Enums/SendRequestReason.ts
code-server-4.91.1-linux-amd64/lib/vscode/node_modules/@microsoft/applicationinsights-core-js/src/JavaScriptSDK.Enums/EventsDiscardedReason.ts
code-server-4.91.1-linux-amd64/lib/vscode/node_modules/@microsoft/applicationinsights-core-js/src/JavaScriptSDK.Enums/LoggingEnums.ts
code-server-4.91.1-linux-amd64/lib/vscode/node_modules/@microsoft/applicationinsights-core-js/src/JavaScriptSDK/
code-server-4.91.1-linux-amd64/lib/vscode/node_modules/@microsoft/applicationinsights-core-js/src/JavaScriptSDK/NotificationManager.ts
code-server-4.91.1-linux-amd64/lib/vscode/node_modules/@microsoft/applicationinsights-core-js/src/JavaScriptSDK/PerfManager.ts
code-server-4.91.1-linux-amd64/lib/vscode/node_modules/@microsoft/applicationinsights-core-js/src/JavaScriptSDK/EnvUtils.ts
code-server-4.91.1-linux-amd64/lib/vscode/node_modules/@microsoft/applicationinsights-core-js/src/JavaScriptSDK/ChannelController.ts
code-server-4.91.1-linux-amd64/lib/vscode/node_modules/@microsoft/applicationinsights-core-js/src/JavaScriptSDK/TelemetryHelpers.ts
code-server-4.91.1-linux-amd64/lib/vscode/node_modules/@microsoft/applicationinsights-core-js/src/JavaScriptSDK/RandomHelper.ts
code-server-4.91.1-linux-amd64/lib/vscode/node_modules/@microsoft/applicationinsights-core-js/src/JavaScriptSDK/InternalConstants.ts
code-server-4.91.1-linux-amd64/lib/vscode/node_modules/@microsoft/applicationinsights-core-js/src/JavaScriptSDK/W3cTraceParent.ts
code-server-4.91.1-linux-amd64/lib/vscode/node_modules/@microsoft/applicationinsights-core-js/src/JavaScriptSDK/AppInsightsCore.ts
code-server-4.91.1-linux-amd64/lib/vscode/node_modules/@microsoft/applicationinsights-core-js/src/JavaScriptSDK/DbgExtensionUtils.ts
code-server-4.91.1-linux-amd64/lib/vscode/node_modules/@microsoft/applicationinsights-core-js/src/JavaScriptSDK/CookieMgr.ts
code-server-4.91.1-linux-amd64/lib/vscode/node_modules/@microsoft/applicationinsights-core-js/src/JavaScriptSDK/BaseCore.ts
code-server-4.91.1-linux-amd64/lib/vscode/node_modules/@microsoft/applicationinsights-core-js/src/JavaScriptSDK/BaseTelemetryPlugin.ts
code-server-4.91.1-linux-amd64/lib/vscode/node_modules/@microsoft/applicationinsights-core-js/src/JavaScriptSDK/ProcessTelemetryContext.ts
code-server-4.91.1-linux-amd64/lib/vscode/node_modules/@microsoft/applicationinsights-core-js/src/JavaScriptSDK/EventHelpers.ts
code-server-4.91.1-linux-amd64/lib/vscode/node_modules/@microsoft/applicationinsights-core-js/src/JavaScriptSDK/CoreUtils.ts
code-server-4.91.1-linux-amd64/lib/vscode/node_modules/@microsoft/applicationinsights-core-js/src/JavaScriptSDK/DiagnosticLogger.ts
code-server-4.91.1-linux-amd64/lib/vscode/node_modules/@microsoft/applicationinsights-core-js/src/JavaScriptSDK/TelemetryInitializerPlugin.ts
code-server-4.91.1-linux-amd64/lib/vscode/node_modules/@microsoft/applicationinsights-core-js/src/JavaScriptSDK/DataCacheHelper.ts
code-server-4.91.1-linux-amd64/lib/vscode/node_modules/@microsoft/applicationinsights-core-js/src/JavaScriptSDK/HelperFuncs.ts
code-server-4.91.1-linux-amd64/lib/vscode/node_modules/@microsoft/applicationinsights-core-js/src/JavaScriptSDK/InstrumentHooks.ts
code-server-4.91.1-linux-amd64/lib/vscode/node_modules/@microsoft/applicationinsights-core-js/src/JavaScriptSDK/UnloadHandlerContainer.ts
code-server-4.91.1-linux-amd64/lib/vscode/node_modules/@microsoft/applicationinsights-core-js/browser/
code-server-4.91.1-linux-amd64/lib/vscode/node_modules/@microsoft/applicationinsights-core-js/browser/applicationinsights-core-js.min.js
code-server-4.91.1-linux-amd64/lib/vscode/node_modules/@microsoft/applicationinsights-core-js/browser/applicationinsights-core-js.js
code-server-4.91.1-linux-amd64/lib/vscode/node_modules/@microsoft/applicationinsights-core-js/browser/applicationinsights-core-js.integrity.json
code-server-4.91.1-linux-amd64/lib/vscode/node_modules/@microsoft/applicationinsights-core-js/browser/applicationinsights-core-js.js.map
code-server-4.91.1-linux-amd64/lib/vscode/node_modules/@microsoft/applicationinsights-core-js/browser/applicationinsights-core-js.min.js.map
code-server-4.91.1-linux-amd64/lib/vscode/node_modules/@microsoft/applicationinsights-core-js/types/
code-server-4.91.1-linux-amd64/lib/vscode/node_modules/@microsoft/applicationinsights-core-js/types/__DynamicConstants.d.ts
code-server-4.91.1-linux-amd64/lib/vscode/node_modules/@microsoft/applicationinsights-core-js/types/JavaScriptSDK.Interfaces/
code-server-4.91.1-linux-amd64/lib/vscode/node_modules/@microsoft/applicationinsights-core-js/types/JavaScriptSDK.Interfaces/IConfiguration.d.ts
code-server-4.91.1-linux-amd64/lib/vscode/node_modules/@microsoft/applicationinsights-core-js/types/JavaScriptSDK.Interfaces/ITelemetryInitializers.d.ts
code-server-4.91.1-linux-amd64/lib/vscode/node_modules/@microsoft/applicationinsights-core-js/types/JavaScriptSDK.Interfaces/IProcessTelemetryContext.d.ts
code-server-4.91.1-linux-amd64/lib/vscode/node_modules/@microsoft/applicationinsights-core-js/types/JavaScriptSDK.Interfaces/ITelemetryUpdateState.d.ts
code-server-4.91.1-linux-amd64/lib/vscode/node_modules/@microsoft/applicationinsights-core-js/types/JavaScriptSDK.Interfaces/IAppInsightsCore.d.ts
code-server-4.91.1-linux-amd64/lib/vscode/node_modules/@microsoft/applicationinsights-core-js/types/JavaScriptSDK.Interfaces/IUnloadableComponent.d.ts
code-server-4.91.1-linux-amd64/lib/vscode/node_modules/@microsoft/applicationinsights-core-js/types/JavaScriptSDK.Interfaces/IPerfManager.d.ts
code-server-4.91.1-linux-amd64/lib/vscode/node_modules/@microsoft/applicationinsights-core-js/types/JavaScriptSDK.Interfaces/IDistributedTraceContext.d.ts
code-server-4.91.1-linux-amd64/lib/vscode/node_modules/@microsoft/applicationinsights-core-js/types/JavaScriptSDK.Interfaces/IDiagnosticLogger.d.ts
code-server-4.91.1-linux-amd64/lib/vscode/node_modules/@microsoft/applicationinsights-core-js/types/JavaScriptSDK.Interfaces/ITraceParent.d.ts
code-server-4.91.1-linux-amd64/lib/vscode/node_modules/@microsoft/applicationinsights-core-js/types/JavaScriptSDK.Interfaces/IChannelControls.d.ts
code-server-4.91.1-linux-amd64/lib/vscode/node_modules/@microsoft/applicationinsights-core-js/types/JavaScriptSDK.Interfaces/ITelemetryPluginChain.d.ts
code-server-4.91.1-linux-amd64/lib/vscode/node_modules/@microsoft/applicationinsights-core-js/types/JavaScriptSDK.Interfaces/IInstrumentHooks.d.ts
code-server-4.91.1-linux-amd64/lib/vscode/node_modules/@microsoft/applicationinsights-core-js/types/JavaScriptSDK.Interfaces/IPerfEvent.d.ts
code-server-4.91.1-linux-amd64/lib/vscode/node_modules/@microsoft/applicationinsights-core-js/types/JavaScriptSDK.Interfaces/IDbgExtension.d.ts
code-server-4.91.1-linux-amd64/lib/vscode/node_modules/@microsoft/applicationinsights-core-js/types/JavaScriptSDK.Interfaces/INotificationListener.d.ts
code-server-4.91.1-linux-amd64/lib/vscode/node_modules/@microsoft/applicationinsights-core-js/types/JavaScriptSDK.Interfaces/INotificationManager.d.ts
code-server-4.91.1-linux-amd64/lib/vscode/node_modules/@microsoft/applicationinsights-core-js/types/JavaScriptSDK.Interfaces/ITelemetryItem.d.ts
code-server-4.91.1-linux-amd64/lib/vscode/node_modules/@microsoft/applicationinsights-core-js/types/JavaScriptSDK.Interfaces/ITelemetryUnloadState.d.ts
code-server-4.91.1-linux-amd64/lib/vscode/node_modules/@microsoft/applicationinsights-core-js/types/JavaScriptSDK.Interfaces/ITelemetryPlugin.d.ts
code-server-4.91.1-linux-amd64/lib/vscode/node_modules/@microsoft/applicationinsights-core-js/types/JavaScriptSDK.Interfaces/ICookieMgr.d.ts
code-server-4.91.1-linux-amd64/lib/vscode/node_modules/@microsoft/applicationinsights-core-js/types/tsdoc-metadata.json
code-server-4.91.1-linux-amd64/lib/vscode/node_modules/@microsoft/applicationinsights-core-js/types/JavaScriptSDK.Enums/
code-server-4.91.1-linux-amd64/lib/vscode/node_modules/@microsoft/applicationinsights-core-js/types/JavaScriptSDK.Enums/LoggingEnums.d.ts
code-server-4.91.1-linux-amd64/lib/vscode/node_modules/@microsoft/applicationinsights-core-js/types/JavaScriptSDK.Enums/TelemetryUpdateReason.d.ts
code-server-4.91.1-linux-amd64/lib/vscode/node_modules/@microsoft/applicationinsights-core-js/types/JavaScriptSDK.Enums/EnumHelperFuncs.d.ts
code-server-4.91.1-linux-amd64/lib/vscode/node_modules/@microsoft/applicationinsights-core-js/types/JavaScriptSDK.Enums/SendRequestReason.d.ts
code-server-4.91.1-linux-amd64/lib/vscode/node_modules/@microsoft/applicationinsights-core-js/types/JavaScriptSDK.Enums/TelemetryUnloadReason.d.ts
code-server-4.91.1-linux-amd64/lib/vscode/node_modules/@microsoft/applicationinsights-core-js/types/JavaScriptSDK.Enums/EventsDiscardedReason.d.ts
code-server-4.91.1-linux-amd64/lib/vscode/node_modules/@microsoft/applicationinsights-core-js/types/applicationinsights-core-js.d.ts
code-server-4.91.1-linux-amd64/lib/vscode/node_modules/@microsoft/applicationinsights-core-js/types/JavaScriptSDK/
code-server-4.91.1-linux-amd64/lib/vscode/node_modules/@microsoft/applicationinsights-core-js/types/JavaScriptSDK/UnloadHandlerContainer.d.ts
code-server-4.91.1-linux-amd64/lib/vscode/node_modules/@microsoft/applicationinsights-core-js/types/JavaScriptSDK/PerfManager.d.ts
code-server-4.91.1-linux-amd64/lib/vscode/node_modules/@microsoft/applicationinsights-core-js/types/JavaScriptSDK/EnvUtils.d.ts
code-server-4.91.1-linux-amd64/lib/vscode/node_modules/@microsoft/applicationinsights-core-js/types/JavaScriptSDK/InstrumentHooks.d.ts
code-server-4.91.1-linux-amd64/lib/vscode/node_modules/@microsoft/applicationinsights-core-js/types/JavaScriptSDK/AppInsightsCore.d.ts
code-server-4.91.1-linux-amd64/lib/vscode/node_modules/@microsoft/applicationinsights-core-js/types/JavaScriptSDK/ProcessTelemetryContext.d.ts
code-server-4.91.1-linux-amd64/lib/vscode/node_modules/@microsoft/applicationinsights-core-js/types/JavaScriptSDK/DataCacheHelper.d.ts
code-server-4.91.1-linux-amd64/lib/vscode/node_modules/@microsoft/applicationinsights-core-js/types/JavaScriptSDK/NotificationManager.d.ts
code-server-4.91.1-linux-amd64/lib/vscode/node_modules/@microsoft/applicationinsights-core-js/types/JavaScriptSDK/InternalConstants.d.ts
code-server-4.91.1-linux-amd64/lib/vscode/node_modules/@microsoft/applicationinsights-core-js/types/JavaScriptSDK/CoreUtils.d.ts
code-server-4.91.1-linux-amd64/lib/vscode/node_modules/@microsoft/applicationinsights-core-js/types/JavaScriptSDK/DiagnosticLogger.d.ts
code-server-4.91.1-linux-amd64/lib/vscode/node_modules/@microsoft/applicationinsights-core-js/types/JavaScriptSDK/DbgExtensionUtils.d.ts
code-server-4.91.1-linux-amd64/lib/vscode/node_modules/@microsoft/applicationinsights-core-js/types/JavaScriptSDK/TelemetryInitializerPlugin.d.ts
code-server-4.91.1-linux-amd64/lib/vscode/node_modules/@microsoft/applicationinsights-core-js/types/JavaScriptSDK/EventHelpers.d.ts
code-server-4.91.1-linux-amd64/lib/vscode/node_modules/@microsoft/applicationinsights-core-js/types/JavaScriptSDK/ChannelController.d.ts
code-server-4.91.1-linux-amd64/lib/vscode/node_modules/@microsoft/applicationinsights-core-js/types/JavaScriptSDK/BaseCore.d.ts
code-server-4.91.1-linux-amd64/lib/vscode/node_modules/@microsoft/applicationinsights-core-js/types/JavaScriptSDK/HelperFuncs.d.ts
code-server-4.91.1-linux-amd64/lib/vscode/node_modules/@microsoft/applicationinsights-core-js/types/JavaScriptSDK/RandomHelper.d.ts
code-server-4.91.1-linux-amd64/lib/vscode/node_modules/@microsoft/applicationinsights-core-js/types/JavaScriptSDK/W3cTraceParent.d.ts
code-server-4.91.1-linux-amd64/lib/vscode/node_modules/@microsoft/applicationinsights-core-js/types/JavaScriptSDK/BaseTelemetryPlugin.d.ts
code-server-4.91.1-linux-amd64/lib/vscode/node_modules/@microsoft/applicationinsights-core-js/types/JavaScriptSDK/TelemetryHelpers.d.ts
code-server-4.91.1-linux-amd64/lib/vscode/node_modules/@microsoft/applicationinsights-core-js/types/JavaScriptSDK/CookieMgr.d.ts
code-server-4.91.1-linux-amd64/lib/vscode/node_modules/@microsoft/applicationinsights-core-js/NOTICE
code-server-4.91.1-linux-amd64/lib/vscode/node_modules/@microsoft/dynamicproto-js/
code-server-4.91.1-linux-amd64/lib/vscode/node_modules/@microsoft/dynamicproto-js/SECURITY.md
code-server-4.91.1-linux-amd64/lib/vscode/node_modules/@microsoft/dynamicproto-js/lib/
code-server-4.91.1-linux-amd64/lib/vscode/node_modules/@microsoft/dynamicproto-js/lib/dist/
code-server-4.91.1-linux-amd64/lib/vscode/node_modules/@microsoft/dynamicproto-js/lib/dist/umd/
code-server-4.91.1-linux-amd64/lib/vscode/node_modules/@microsoft/dynamicproto-js/lib/dist/umd/dynamicproto-js.min.js.map
code-server-4.91.1-linux-amd64/lib/vscode/node_modules/@microsoft/dynamicproto-js/lib/dist/umd/dynamicproto-js.min.js
code-server-4.91.1-linux-amd64/lib/vscode/node_modules/@microsoft/dynamicproto-js/lib/dist/umd/dynamicproto-js.js
code-server-4.91.1-linux-amd64/lib/vscode/node_modules/@microsoft/dynamicproto-js/lib/dist/umd/dynamicproto-js.js.map
code-server-4.91.1-linux-amd64/lib/vscode/node_modules/@microsoft/dynamicproto-js/lib/dist/amd/
code-server-4.91.1-linux-amd64/lib/vscode/node_modules/@microsoft/dynamicproto-js/lib/dist/amd/dynamicproto-js.min.js.map
code-server-4.91.1-linux-amd64/lib/vscode/node_modules/@microsoft/dynamicproto-js/lib/dist/amd/dynamicproto-js.min.js
code-server-4.91.1-linux-amd64/lib/vscode/node_modules/@microsoft/dynamicproto-js/lib/dist/amd/dynamicproto-js.js
code-server-4.91.1-linux-amd64/lib/vscode/node_modules/@microsoft/dynamicproto-js/lib/dist/amd/dynamicproto-js.js.map
code-server-4.91.1-linux-amd64/lib/vscode/node_modules/@microsoft/dynamicproto-js/lib/dist/node/
code-server-4.91.1-linux-amd64/lib/vscode/node_modules/@microsoft/dynamicproto-js/lib/dist/node/dynamicproto-js.min.js.map
code-server-4.91.1-linux-amd64/lib/vscode/node_modules/@microsoft/dynamicproto-js/lib/dist/node/dynamicproto-js.min.js
code-server-4.91.1-linux-amd64/lib/vscode/node_modules/@microsoft/dynamicproto-js/lib/dist/node/dynamicproto-js.js
code-server-4.91.1-linux-amd64/lib/vscode/node_modules/@microsoft/dynamicproto-js/lib/dist/node/dynamicproto-js.js.map
code-server-4.91.1-linux-amd64/lib/vscode/node_modules/@microsoft/dynamicproto-js/lib/dist/esm/
code-server-4.91.1-linux-amd64/lib/vscode/node_modules/@microsoft/dynamicproto-js/lib/dist/esm/dynamicproto-js.min.js.map
code-server-4.91.1-linux-amd64/lib/vscode/node_modules/@microsoft/dynamicproto-js/lib/dist/esm/dynamicproto-js.min.js
code-server-4.91.1-linux-amd64/lib/vscode/node_modules/@microsoft/dynamicproto-js/lib/dist/esm/dynamicproto-js.js
code-server-4.91.1-linux-amd64/lib/vscode/node_modules/@microsoft/dynamicproto-js/lib/dist/esm/dynamicproto-js.js.map
code-server-4.91.1-linux-amd64/lib/vscode/node_modules/@microsoft/dynamicproto-js/lib/dist/iife/
code-server-4.91.1-linux-amd64/lib/vscode/node_modules/@microsoft/dynamicproto-js/lib/dist/iife/dynamicproto-js.min.js.map
code-server-4.91.1-linux-amd64/lib/vscode/node_modules/@microsoft/dynamicproto-js/lib/dist/iife/dynamicproto-js.min.js
code-server-4.91.1-linux-amd64/lib/vscode/node_modules/@microsoft/dynamicproto-js/lib/dist/iife/dynamicproto-js.js
code-server-4.91.1-linux-amd64/lib/vscode/node_modules/@microsoft/dynamicproto-js/lib/dist/iife/dynamicproto-js.js.map
code-server-4.91.1-linux-amd64/lib/vscode/node_modules/@microsoft/dynamicproto-js/lib/dist/system/
code-server-4.91.1-linux-amd64/lib/vscode/node_modules/@microsoft/dynamicproto-js/lib/dist/system/dynamicproto-js.min.js.map
code-server-4.91.1-linux-amd64/lib/vscode/node_modules/@microsoft/dynamicproto-js/lib/dist/system/dynamicproto-js.min.js
code-server-4.91.1-linux-amd64/lib/vscode/node_modules/@microsoft/dynamicproto-js/lib/dist/system/dynamicproto-js.js
code-server-4.91.1-linux-amd64/lib/vscode/node_modules/@microsoft/dynamicproto-js/lib/dist/system/dynamicproto-js.js.map
code-server-4.91.1-linux-amd64/lib/vscode/node_modules/@microsoft/dynamicproto-js/lib/dist/cjs/
code-server-4.91.1-linux-amd64/lib/vscode/node_modules/@microsoft/dynamicproto-js/lib/dist/cjs/dynamicproto-js.min.js.map
code-server-4.91.1-linux-amd64/lib/vscode/node_modules/@microsoft/dynamicproto-js/lib/dist/cjs/dynamicproto-js.min.js
code-server-4.91.1-linux-amd64/lib/vscode/node_modules/@microsoft/dynamicproto-js/lib/dist/cjs/dynamicproto-js.js
code-server-4.91.1-linux-amd64/lib/vscode/node_modules/@microsoft/dynamicproto-js/lib/dist/cjs/dynamicproto-js.js.map
code-server-4.91.1-linux-amd64/lib/vscode/node_modules/@microsoft/dynamicproto-js/lib/types/
code-server-4.91.1-linux-amd64/lib/vscode/node_modules/@microsoft/dynamicproto-js/lib/types/dynamicproto-js.d.ts
code-server-4.91.1-linux-amd64/lib/vscode/node_modules/@microsoft/dynamicproto-js/CONTRIBUTING.md
code-server-4.91.1-linux-amd64/lib/vscode/node_modules/@microsoft/dynamicproto-js/tools/
code-server-4.91.1-linux-amd64/lib/vscode/node_modules/@microsoft/dynamicproto-js/tools/rollup/
code-server-4.91.1-linux-amd64/lib/vscode/node_modules/@microsoft/dynamicproto-js/tools/rollup/node/
code-server-4.91.1-linux-amd64/lib/vscode/node_modules/@microsoft/dynamicproto-js/tools/rollup/node/removedynamic.js
code-server-4.91.1-linux-amd64/lib/vscode/node_modules/@microsoft/dynamicproto-js/tools/rollup/esm/
code-server-4.91.1-linux-amd64/lib/vscode/node_modules/@microsoft/dynamicproto-js/tools/rollup/esm/removedynamic.js
code-server-4.91.1-linux-amd64/lib/vscode/node_modules/@microsoft/dynamicproto-js/tools/rollup/types/
code-server-4.91.1-linux-amd64/lib/vscode/node_modules/@microsoft/dynamicproto-js/tools/rollup/types/removedynamic.d.ts
code-server-4.91.1-linux-amd64/lib/vscode/node_modules/@microsoft/dynamicproto-js/README.md
code-server-4.91.1-linux-amd64/lib/vscode/node_modules/@microsoft/dynamicproto-js/LICENSE
code-server-4.91.1-linux-amd64/lib/vscode/node_modules/@microsoft/dynamicproto-js/RELEASES.md
code-server-4.91.1-linux-amd64/lib/vscode/node_modules/@microsoft/dynamicproto-js/package.json
code-server-4.91.1-linux-amd64/lib/vscode/node_modules/@microsoft/dynamicproto-js/SUPPORT.md
code-server-4.91.1-linux-amd64/lib/vscode/node_modules/@microsoft/dynamicproto-js/CODE_OF_CONDUCT.md
code-server-4.91.1-linux-amd64/lib/vscode/node_modules/@microsoft/dynamicproto-js/NOTICE
code-server-4.91.1-linux-amd64/lib/vscode/node_modules/tas-client-umd/
code-server-4.91.1-linux-amd64/lib/vscode/node_modules/tas-client-umd/lib/
code-server-4.91.1-linux-amd64/lib/vscode/node_modules/tas-client-umd/lib/tas-client/
code-server-4.91.1-linux-amd64/lib/vscode/node_modules/tas-client-umd/lib/tas-client/Util/
code-server-4.91.1-linux-amd64/lib/vscode/node_modules/tas-client-umd/lib/tas-client/Util/HttpClient.d.ts
code-server-4.91.1-linux-amd64/lib/vscode/node_modules/tas-client-umd/lib/tas-client/Util/MemoryKeyValueStorage.d.ts
code-server-4.91.1-linux-amd64/lib/vscode/node_modules/tas-client-umd/lib/tas-client/Util/PollingService.d.ts
code-server-4.91.1-linux-amd64/lib/vscode/node_modules/tas-client-umd/lib/tas-client/ExperimentationServiceBase.d.ts
code-server-4.91.1-linux-amd64/lib/vscode/node_modules/tas-client-umd/lib/tas-client/ExperimentationService.d.ts
code-server-4.91.1-linux-amd64/lib/vscode/node_modules/tas-client-umd/lib/tas-client/FeatureProvider/
code-server-4.91.1-linux-amd64/lib/vscode/node_modules/tas-client-umd/lib/tas-client/FeatureProvider/IFeatureProvider.d.ts
code-server-4.91.1-linux-amd64/lib/vscode/node_modules/tas-client-umd/lib/tas-client/FeatureProvider/TasApiFeatureProvider.d.ts
code-server-4.91.1-linux-amd64/lib/vscode/node_modules/tas-client-umd/lib/tas-client/FeatureProvider/FilteredFeatureProvider.d.ts
code-server-4.91.1-linux-amd64/lib/vscode/node_modules/tas-client-umd/lib/tas-client/FeatureProvider/BaseFeatureProvider.d.ts
code-server-4.91.1-linux-amd64/lib/vscode/node_modules/tas-client-umd/lib/tas-client/ExperimentationServiceAutoPolling.d.ts
code-server-4.91.1-linux-amd64/lib/vscode/node_modules/tas-client-umd/lib/contracts/
code-server-4.91.1-linux-amd64/lib/vscode/node_modules/tas-client-umd/lib/contracts/ExperimentationServiceConfig.d.ts
code-server-4.91.1-linux-amd64/lib/vscode/node_modules/tas-client-umd/lib/contracts/IKeyValueStorage.d.ts
code-server-4.91.1-linux-amd64/lib/vscode/node_modules/tas-client-umd/lib/contracts/IExperimentationService.d.ts
code-server-4.91.1-linux-amd64/lib/vscode/node_modules/tas-client-umd/lib/contracts/IExperimentationTelemetry.d.ts
code-server-4.91.1-linux-amd64/lib/vscode/node_modules/tas-client-umd/lib/contracts/IExperimentationFilterProvider.d.ts
code-server-4.91.1-linux-amd64/lib/vscode/node_modules/tas-client-umd/lib/index.d.ts
code-server-4.91.1-linux-amd64/lib/vscode/node_modules/tas-client-umd/lib/tas-client-umd.js
code-server-4.91.1-linux-amd64/lib/vscode/node_modules/tas-client-umd/README.md
code-server-4.91.1-linux-amd64/lib/vscode/node_modules/tas-client-umd/LICENSE
code-server-4.91.1-linux-amd64/lib/vscode/node_modules/tas-client-umd/package.json
code-server-4.91.1-linux-amd64/lib/vscode/node_modules/uuid/
code-server-4.91.1-linux-amd64/lib/vscode/node_modules/uuid/wrapper.mjs
code-server-4.91.1-linux-amd64/lib/vscode/node_modules/uuid/LICENSE.md
code-server-4.91.1-linux-amd64/lib/vscode/node_modules/uuid/CONTRIBUTING.md
code-server-4.91.1-linux-amd64/lib/vscode/node_modules/uuid/README.md
code-server-4.91.1-linux-amd64/lib/vscode/node_modules/uuid/dist/
code-server-4.91.1-linux-amd64/lib/vscode/node_modules/uuid/dist/md5-browser.js
code-server-4.91.1-linux-amd64/lib/vscode/node_modules/uuid/dist/sha1-browser.js
code-server-4.91.1-linux-amd64/lib/vscode/node_modules/uuid/dist/uuid-bin.js
code-server-4.91.1-linux-amd64/lib/vscode/node_modules/uuid/dist/parse.js
code-server-4.91.1-linux-amd64/lib/vscode/node_modules/uuid/dist/v3.js
code-server-4.91.1-linux-amd64/lib/vscode/node_modules/uuid/dist/index.js
code-server-4.91.1-linux-amd64/lib/vscode/node_modules/uuid/dist/native-browser.js
code-server-4.91.1-linux-amd64/lib/vscode/node_modules/uuid/dist/rng.js
code-server-4.91.1-linux-amd64/lib/vscode/node_modules/uuid/dist/commonjs-browser/
code-server-4.91.1-linux-amd64/lib/vscode/node_modules/uuid/dist/commonjs-browser/parse.js
code-server-4.91.1-linux-amd64/lib/vscode/node_modules/uuid/dist/commonjs-browser/v3.js
code-server-4.91.1-linux-amd64/lib/vscode/node_modules/uuid/dist/commonjs-browser/index.js
code-server-4.91.1-linux-amd64/lib/vscode/node_modules/uuid/dist/commonjs-browser/rng.js
code-server-4.91.1-linux-amd64/lib/vscode/node_modules/uuid/dist/commonjs-browser/nil.js
code-server-4.91.1-linux-amd64/lib/vscode/node_modules/uuid/dist/commonjs-browser/v5.js
code-server-4.91.1-linux-amd64/lib/vscode/node_modules/uuid/dist/commonjs-browser/validate.js
code-server-4.91.1-linux-amd64/lib/vscode/node_modules/uuid/dist/commonjs-browser/md5.js
code-server-4.91.1-linux-amd64/lib/vscode/node_modules/uuid/dist/commonjs-browser/regex.js
code-server-4.91.1-linux-amd64/lib/vscode/node_modules/uuid/dist/commonjs-browser/native.js
code-server-4.91.1-linux-amd64/lib/vscode/node_modules/uuid/dist/commonjs-browser/v4.js
code-server-4.91.1-linux-amd64/lib/vscode/node_modules/uuid/dist/commonjs-browser/stringify.js
code-server-4.91.1-linux-amd64/lib/vscode/node_modules/uuid/dist/commonjs-browser/v35.js
code-server-4.91.1-linux-amd64/lib/vscode/node_modules/uuid/dist/commonjs-browser/v1.js
code-server-4.91.1-linux-amd64/lib/vscode/node_modules/uuid/dist/commonjs-browser/sha1.js
code-server-4.91.1-linux-amd64/lib/vscode/node_modules/uuid/dist/commonjs-browser/version.js
code-server-4.91.1-linux-amd64/lib/vscode/node_modules/uuid/dist/nil.js
code-server-4.91.1-linux-amd64/lib/vscode/node_modules/uuid/dist/v5.js
code-server-4.91.1-linux-amd64/lib/vscode/node_modules/uuid/dist/validate.js
code-server-4.91.1-linux-amd64/lib/vscode/node_modules/uuid/dist/bin/
code-server-4.91.1-linux-amd64/lib/vscode/node_modules/uuid/dist/bin/uuid
code-server-4.91.1-linux-amd64/lib/vscode/node_modules/uuid/dist/rng-browser.js
code-server-4.91.1-linux-amd64/lib/vscode/node_modules/uuid/dist/md5.js
code-server-4.91.1-linux-amd64/lib/vscode/node_modules/uuid/dist/regex.js
code-server-4.91.1-linux-amd64/lib/vscode/node_modules/uuid/dist/native.js
code-server-4.91.1-linux-amd64/lib/vscode/node_modules/uuid/dist/v4.js
code-server-4.91.1-linux-amd64/lib/vscode/node_modules/uuid/dist/stringify.js
code-server-4.91.1-linux-amd64/lib/vscode/node_modules/uuid/dist/v35.js
code-server-4.91.1-linux-amd64/lib/vscode/node_modules/uuid/dist/v1.js
code-server-4.91.1-linux-amd64/lib/vscode/node_modules/uuid/dist/sha1.js
code-server-4.91.1-linux-amd64/lib/vscode/node_modules/uuid/dist/version.js
code-server-4.91.1-linux-amd64/lib/vscode/node_modules/uuid/dist/esm-node/
code-server-4.91.1-linux-amd64/lib/vscode/node_modules/uuid/dist/esm-node/parse.js
code-server-4.91.1-linux-amd64/lib/vscode/node_modules/uuid/dist/esm-node/v3.js
code-server-4.91.1-linux-amd64/lib/vscode/node_modules/uuid/dist/esm-node/index.js
code-server-4.91.1-linux-amd64/lib/vscode/node_modules/uuid/dist/esm-node/rng.js
code-server-4.91.1-linux-amd64/lib/vscode/node_modules/uuid/dist/esm-node/nil.js
code-server-4.91.1-linux-amd64/lib/vscode/node_modules/uuid/dist/esm-node/v5.js
code-server-4.91.1-linux-amd64/lib/vscode/node_modules/uuid/dist/esm-node/validate.js
code-server-4.91.1-linux-amd64/lib/vscode/node_modules/uuid/dist/esm-node/md5.js
code-server-4.91.1-linux-amd64/lib/vscode/node_modules/uuid/dist/esm-node/regex.js
code-server-4.91.1-linux-amd64/lib/vscode/node_modules/uuid/dist/esm-node/native.js
code-server-4.91.1-linux-amd64/lib/vscode/node_modules/uuid/dist/esm-node/v4.js
code-server-4.91.1-linux-amd64/lib/vscode/node_modules/uuid/dist/esm-node/stringify.js
code-server-4.91.1-linux-amd64/lib/vscode/node_modules/uuid/dist/esm-node/v35.js
code-server-4.91.1-linux-amd64/lib/vscode/node_modules/uuid/dist/esm-node/v1.js
code-server-4.91.1-linux-amd64/lib/vscode/node_modules/uuid/dist/esm-node/sha1.js
code-server-4.91.1-linux-amd64/lib/vscode/node_modules/uuid/dist/esm-node/version.js
code-server-4.91.1-linux-amd64/lib/vscode/node_modules/uuid/dist/esm-browser/
code-server-4.91.1-linux-amd64/lib/vscode/node_modules/uuid/dist/esm-browser/parse.js
code-server-4.91.1-linux-amd64/lib/vscode/node_modules/uuid/dist/esm-browser/v3.js
code-server-4.91.1-linux-amd64/lib/vscode/node_modules/uuid/dist/esm-browser/index.js
code-server-4.91.1-linux-amd64/lib/vscode/node_modules/uuid/dist/esm-browser/rng.js
code-server-4.91.1-linux-amd64/lib/vscode/node_modules/uuid/dist/esm-browser/nil.js
code-server-4.91.1-linux-amd64/lib/vscode/node_modules/uuid/dist/esm-browser/v5.js
code-server-4.91.1-linux-amd64/lib/vscode/node_modules/uuid/dist/esm-browser/validate.js
code-server-4.91.1-linux-amd64/lib/vscode/node_modules/uuid/dist/esm-browser/md5.js
code-server-4.91.1-linux-amd64/lib/vscode/node_modules/uuid/dist/esm-browser/regex.js
code-server-4.91.1-linux-amd64/lib/vscode/node_modules/uuid/dist/esm-browser/native.js
code-server-4.91.1-linux-amd64/lib/vscode/node_modules/uuid/dist/esm-browser/v4.js
code-server-4.91.1-linux-amd64/lib/vscode/node_modules/uuid/dist/esm-browser/stringify.js
code-server-4.91.1-linux-amd64/lib/vscode/node_modules/uuid/dist/esm-browser/v35.js
code-server-4.91.1-linux-amd64/lib/vscode/node_modules/uuid/dist/esm-browser/v1.js
code-server-4.91.1-linux-amd64/lib/vscode/node_modules/uuid/dist/esm-browser/sha1.js
code-server-4.91.1-linux-amd64/lib/vscode/node_modules/uuid/dist/esm-browser/version.js
code-server-4.91.1-linux-amd64/lib/vscode/node_modules/uuid/package.json
code-server-4.91.1-linux-amd64/lib/vscode/node_modules/uuid/CHANGELOG.md
code-server-4.91.1-linux-amd64/lib/vscode/node_modules/bindings/
code-server-4.91.1-linux-amd64/lib/vscode/node_modules/bindings/LICENSE.md
code-server-4.91.1-linux-amd64/lib/vscode/node_modules/bindings/README.md
code-server-4.91.1-linux-amd64/lib/vscode/node_modules/bindings/package.json
code-server-4.91.1-linux-amd64/lib/vscode/node_modules/bindings/bindings.js
code-server-4.91.1-linux-amd64/lib/vscode/node_modules/util-deprecate/
code-server-4.91.1-linux-amd64/lib/vscode/node_modules/util-deprecate/README.md
code-server-4.91.1-linux-amd64/lib/vscode/node_modules/util-deprecate/LICENSE
code-server-4.91.1-linux-amd64/lib/vscode/node_modules/util-deprecate/browser.js
code-server-4.91.1-linux-amd64/lib/vscode/node_modules/util-deprecate/package.json
code-server-4.91.1-linux-amd64/lib/vscode/node_modules/util-deprecate/node.js
code-server-4.91.1-linux-amd64/lib/vscode/node_modules/util-deprecate/History.md
code-server-4.91.1-linux-amd64/lib/vscode/node_modules/tar-fs/
code-server-4.91.1-linux-amd64/lib/vscode/node_modules/tar-fs/.travis.yml
code-server-4.91.1-linux-amd64/lib/vscode/node_modules/tar-fs/test/
code-server-4.91.1-linux-amd64/lib/vscode/node_modules/tar-fs/test/index.js
code-server-4.91.1-linux-amd64/lib/vscode/node_modules/tar-fs/test/fixtures/
code-server-4.91.1-linux-amd64/lib/vscode/node_modules/tar-fs/test/fixtures/b/
code-server-4.91.1-linux-amd64/lib/vscode/node_modules/tar-fs/test/fixtures/b/a/
code-server-4.91.1-linux-amd64/lib/vscode/node_modules/tar-fs/test/fixtures/b/a/test.txt
code-server-4.91.1-linux-amd64/lib/vscode/node_modules/tar-fs/test/fixtures/e/
code-server-4.91.1-linux-amd64/lib/vscode/node_modules/tar-fs/test/fixtures/e/directory/
code-server-4.91.1-linux-amd64/lib/vscode/node_modules/tar-fs/test/fixtures/e/directory/.ignore
code-server-4.91.1-linux-amd64/lib/vscode/node_modules/tar-fs/test/fixtures/e/file
code-server-4.91.1-linux-amd64/lib/vscode/node_modules/tar-fs/test/fixtures/a/
code-server-4.91.1-linux-amd64/lib/vscode/node_modules/tar-fs/test/fixtures/a/hello.txt
code-server-4.91.1-linux-amd64/lib/vscode/node_modules/tar-fs/test/fixtures/d/
code-server-4.91.1-linux-amd64/lib/vscode/node_modules/tar-fs/test/fixtures/d/file1
code-server-4.91.1-linux-amd64/lib/vscode/node_modules/tar-fs/test/fixtures/d/sub-dir/
code-server-4.91.1-linux-amd64/lib/vscode/node_modules/tar-fs/test/fixtures/d/sub-dir/file5
code-server-4.91.1-linux-amd64/lib/vscode/node_modules/tar-fs/test/fixtures/d/sub-files/
code-server-4.91.1-linux-amd64/lib/vscode/node_modules/tar-fs/test/fixtures/d/sub-files/file4
code-server-4.91.1-linux-amd64/lib/vscode/node_modules/tar-fs/test/fixtures/d/sub-files/file3
code-server-4.91.1-linux-amd64/lib/vscode/node_modules/tar-fs/test/fixtures/d/file2
code-server-4.91.1-linux-amd64/lib/vscode/node_modules/tar-fs/test/fixtures/invalid.tar
code-server-4.91.1-linux-amd64/lib/vscode/node_modules/tar-fs/README.md
code-server-4.91.1-linux-amd64/lib/vscode/node_modules/tar-fs/LICENSE
code-server-4.91.1-linux-amd64/lib/vscode/node_modules/tar-fs/index.js
code-server-4.91.1-linux-amd64/lib/vscode/node_modules/tar-fs/package.json
code-server-4.91.1-linux-amd64/lib/vscode/node_modules/@parcel/
code-server-4.91.1-linux-amd64/lib/vscode/node_modules/@parcel/watcher/
code-server-4.91.1-linux-amd64/lib/vscode/node_modules/@parcel/watcher/binding.gyp
code-server-4.91.1-linux-amd64/lib/vscode/node_modules/@parcel/watcher/README.md
code-server-4.91.1-linux-amd64/lib/vscode/node_modules/@parcel/watcher/LICENSE
code-server-4.91.1-linux-amd64/lib/vscode/node_modules/@parcel/watcher/index.js
code-server-4.91.1-linux-amd64/lib/vscode/node_modules/@parcel/watcher/package.json
code-server-4.91.1-linux-amd64/lib/vscode/node_modules/@parcel/watcher/index.js.flow
code-server-4.91.1-linux-amd64/lib/vscode/node_modules/@parcel/watcher/src/
code-server-4.91.1-linux-amd64/lib/vscode/node_modules/@parcel/watcher/src/DirTree.cc
code-server-4.91.1-linux-amd64/lib/vscode/node_modules/@parcel/watcher/src/linux/
code-server-4.91.1-linux-amd64/lib/vscode/node_modules/@parcel/watcher/src/linux/InotifyBackend.cc
code-server-4.91.1-linux-amd64/lib/vscode/node_modules/@parcel/watcher/src/linux/InotifyBackend.hh
code-server-4.91.1-linux-amd64/lib/vscode/node_modules/@parcel/watcher/src/Signal.hh
code-server-4.91.1-linux-amd64/lib/vscode/node_modules/@parcel/watcher/src/Backend.cc
code-server-4.91.1-linux-amd64/lib/vscode/node_modules/@parcel/watcher/src/windows/
code-server-4.91.1-linux-amd64/lib/vscode/node_modules/@parcel/watcher/src/windows/WindowsBackend.cc
code-server-4.91.1-linux-amd64/lib/vscode/node_modules/@parcel/watcher/src/windows/win_utils.hh
code-server-4.91.1-linux-amd64/lib/vscode/node_modules/@parcel/watcher/src/windows/win_utils.cc
code-server-4.91.1-linux-amd64/lib/vscode/node_modules/@parcel/watcher/src/windows/WindowsBackend.hh
code-server-4.91.1-linux-amd64/lib/vscode/node_modules/@parcel/watcher/src/shared/
code-server-4.91.1-linux-amd64/lib/vscode/node_modules/@parcel/watcher/src/shared/BruteForceBackend.cc
code-server-4.91.1-linux-amd64/lib/vscode/node_modules/@parcel/watcher/src/shared/BruteForceBackend.hh
code-server-4.91.1-linux-amd64/lib/vscode/node_modules/@parcel/watcher/src/Debounce.hh
code-server-4.91.1-linux-amd64/lib/vscode/node_modules/@parcel/watcher/src/unix/
code-server-4.91.1-linux-amd64/lib/vscode/node_modules/@parcel/watcher/src/unix/legacy.cc
code-server-4.91.1-linux-amd64/lib/vscode/node_modules/@parcel/watcher/src/unix/fts.cc
code-server-4.91.1-linux-amd64/lib/vscode/node_modules/@parcel/watcher/src/Watcher.hh
code-server-4.91.1-linux-amd64/lib/vscode/node_modules/@parcel/watcher/src/Event.hh
code-server-4.91.1-linux-amd64/lib/vscode/node_modules/@parcel/watcher/src/macos/
code-server-4.91.1-linux-amd64/lib/vscode/node_modules/@parcel/watcher/src/macos/FSEventsBackend.hh
code-server-4.91.1-linux-amd64/lib/vscode/node_modules/@parcel/watcher/src/macos/FSEventsBackend.cc
code-server-4.91.1-linux-amd64/lib/vscode/node_modules/@parcel/watcher/src/PromiseRunner.hh
code-server-4.91.1-linux-amd64/lib/vscode/node_modules/@parcel/watcher/src/Glob.cc
code-server-4.91.1-linux-amd64/lib/vscode/node_modules/@parcel/watcher/src/watchman/
code-server-4.91.1-linux-amd64/lib/vscode/node_modules/@parcel/watcher/src/watchman/BSER.cc
code-server-4.91.1-linux-amd64/lib/vscode/node_modules/@parcel/watcher/src/watchman/IPC.hh
code-server-4.91.1-linux-amd64/lib/vscode/node_modules/@parcel/watcher/src/watchman/WatchmanBackend.hh
code-server-4.91.1-linux-amd64/lib/vscode/node_modules/@parcel/watcher/src/watchman/WatchmanBackend.cc
code-server-4.91.1-linux-amd64/lib/vscode/node_modules/@parcel/watcher/src/watchman/BSER.hh
code-server-4.91.1-linux-amd64/lib/vscode/node_modules/@parcel/watcher/src/Watcher.cc
code-server-4.91.1-linux-amd64/lib/vscode/node_modules/@parcel/watcher/src/DirTree.hh
code-server-4.91.1-linux-amd64/lib/vscode/node_modules/@parcel/watcher/src/binding.cc
code-server-4.91.1-linux-amd64/lib/vscode/node_modules/@parcel/watcher/src/Glob.hh
code-server-4.91.1-linux-amd64/lib/vscode/node_modules/@parcel/watcher/src/Backend.hh
code-server-4.91.1-linux-amd64/lib/vscode/node_modules/@parcel/watcher/node_modules/
code-server-4.91.1-linux-amd64/lib/vscode/node_modules/@parcel/watcher/node_modules/node-addon-api/
code-server-4.91.1-linux-amd64/lib/vscode/node_modules/@parcel/watcher/node_modules/node-addon-api/noexcept.gypi
code-server-4.91.1-linux-amd64/lib/vscode/node_modules/@parcel/watcher/node_modules/node-addon-api/LICENSE.md
code-server-4.91.1-linux-amd64/lib/vscode/node_modules/@parcel/watcher/node_modules/node-addon-api/napi-inl.h
code-server-4.91.1-linux-amd64/lib/vscode/node_modules/@parcel/watcher/node_modules/node-addon-api/except.gypi
code-server-4.91.1-linux-amd64/lib/vscode/node_modules/@parcel/watcher/node_modules/node-addon-api/tools/
code-server-4.91.1-linux-amd64/lib/vscode/node_modules/@parcel/watcher/node_modules/node-addon-api/tools/README.md
code-server-4.91.1-linux-amd64/lib/vscode/node_modules/@parcel/watcher/node_modules/node-addon-api/tools/clang-format.js
code-server-4.91.1-linux-amd64/lib/vscode/node_modules/@parcel/watcher/node_modules/node-addon-api/tools/conversion.js
code-server-4.91.1-linux-amd64/lib/vscode/node_modules/@parcel/watcher/node_modules/node-addon-api/tools/check-napi.js
code-server-4.91.1-linux-amd64/lib/vscode/node_modules/@parcel/watcher/node_modules/node-addon-api/README.md
code-server-4.91.1-linux-amd64/lib/vscode/node_modules/@parcel/watcher/node_modules/node-addon-api/common.gypi
code-server-4.91.1-linux-amd64/lib/vscode/node_modules/@parcel/watcher/node_modules/node-addon-api/index.js
code-server-4.91.1-linux-amd64/lib/vscode/node_modules/@parcel/watcher/node_modules/node-addon-api/package.json
code-server-4.91.1-linux-amd64/lib/vscode/node_modules/@parcel/watcher/node_modules/node-addon-api/nothing.c
code-server-4.91.1-linux-amd64/lib/vscode/node_modules/@parcel/watcher/node_modules/node-addon-api/napi-inl.deprecated.h
code-server-4.91.1-linux-amd64/lib/vscode/node_modules/@parcel/watcher/node_modules/node-addon-api/package-support.json
code-server-4.91.1-linux-amd64/lib/vscode/node_modules/@parcel/watcher/node_modules/node-addon-api/node_api.gyp
code-server-4.91.1-linux-amd64/lib/vscode/node_modules/@parcel/watcher/node_modules/node-addon-api/napi.h
code-server-4.91.1-linux-amd64/lib/vscode/node_modules/@parcel/watcher/node_modules/node-addon-api/CHANGELOG.md
code-server-4.91.1-linux-amd64/lib/vscode/node_modules/@parcel/watcher/index.d.ts
code-server-4.91.1-linux-amd64/lib/vscode/node_modules/@parcel/watcher/prebuilds/
code-server-4.91.1-linux-amd64/lib/vscode/node_modules/@parcel/watcher/prebuilds/darwin-x64/
code-server-4.91.1-linux-amd64/lib/vscode/node_modules/@parcel/watcher/prebuilds/darwin-x64/node.napi.glibc.node
code-server-4.91.1-linux-amd64/lib/vscode/node_modules/@parcel/watcher/prebuilds/win32-x64/
code-server-4.91.1-linux-amd64/lib/vscode/node_modules/@parcel/watcher/prebuilds/win32-x64/node.napi.glibc.node
code-server-4.91.1-linux-amd64/lib/vscode/node_modules/@parcel/watcher/prebuilds/darwin-arm64/
code-server-4.91.1-linux-amd64/lib/vscode/node_modules/@parcel/watcher/prebuilds/darwin-arm64/node.napi.glibc.node
code-server-4.91.1-linux-amd64/lib/vscode/node_modules/@parcel/watcher/prebuilds/linux-x64/
code-server-4.91.1-linux-amd64/lib/vscode/node_modules/@parcel/watcher/prebuilds/linux-x64/node.napi.glibc.node
code-server-4.91.1-linux-amd64/lib/vscode/node_modules/@parcel/watcher/prebuilds/linux-x64/node.napi.musl.node
code-server-4.91.1-linux-amd64/lib/vscode/node_modules/universalify/
code-server-4.91.1-linux-amd64/lib/vscode/node_modules/universalify/README.md
code-server-4.91.1-linux-amd64/lib/vscode/node_modules/universalify/LICENSE
code-server-4.91.1-linux-amd64/lib/vscode/node_modules/universalify/index.js
code-server-4.91.1-linux-amd64/lib/vscode/node_modules/universalify/package.json
code-server-4.91.1-linux-amd64/lib/vscode/node_modules/tunnel-agent/
code-server-4.91.1-linux-amd64/lib/vscode/node_modules/tunnel-agent/README.md
code-server-4.91.1-linux-amd64/lib/vscode/node_modules/tunnel-agent/LICENSE
code-server-4.91.1-linux-amd64/lib/vscode/node_modules/tunnel-agent/index.js
code-server-4.91.1-linux-amd64/lib/vscode/node_modules/tunnel-agent/package.json
code-server-4.91.1-linux-amd64/lib/vscode/node_modules/deep-extend/
code-server-4.91.1-linux-amd64/lib/vscode/node_modules/deep-extend/lib/
code-server-4.91.1-linux-amd64/lib/vscode/node_modules/deep-extend/lib/deep-extend.js
code-server-4.91.1-linux-amd64/lib/vscode/node_modules/deep-extend/README.md
code-server-4.91.1-linux-amd64/lib/vscode/node_modules/deep-extend/LICENSE
code-server-4.91.1-linux-amd64/lib/vscode/node_modules/deep-extend/index.js
code-server-4.91.1-linux-amd64/lib/vscode/node_modules/deep-extend/package.json
code-server-4.91.1-linux-amd64/lib/vscode/node_modules/deep-extend/CHANGELOG.md
code-server-4.91.1-linux-amd64/lib/vscode/node_modules/to-regex-range/
code-server-4.91.1-linux-amd64/lib/vscode/node_modules/to-regex-range/README.md
code-server-4.91.1-linux-amd64/lib/vscode/node_modules/to-regex-range/LICENSE
code-server-4.91.1-linux-amd64/lib/vscode/node_modules/to-regex-range/index.js
code-server-4.91.1-linux-amd64/lib/vscode/node_modules/to-regex-range/package.json
code-server-4.91.1-linux-amd64/lib/vscode/node_modules/napi-build-utils/
code-server-4.91.1-linux-amd64/lib/vscode/node_modules/napi-build-utils/index.md
code-server-4.91.1-linux-amd64/lib/vscode/node_modules/napi-build-utils/README.md
code-server-4.91.1-linux-amd64/lib/vscode/node_modules/napi-build-utils/LICENSE
code-server-4.91.1-linux-amd64/lib/vscode/node_modules/napi-build-utils/index.js
code-server-4.91.1-linux-amd64/lib/vscode/node_modules/napi-build-utils/package.json
code-server-4.91.1-linux-amd64/lib/vscode/node_modules/proxy-from-env/
code-server-4.91.1-linux-amd64/lib/vscode/node_modules/proxy-from-env/.travis.yml
code-server-4.91.1-linux-amd64/lib/vscode/node_modules/proxy-from-env/.eslintrc
code-server-4.91.1-linux-amd64/lib/vscode/node_modules/proxy-from-env/README.md
code-server-4.91.1-linux-amd64/lib/vscode/node_modules/proxy-from-env/LICENSE
code-server-4.91.1-linux-amd64/lib/vscode/node_modules/proxy-from-env/test.js
code-server-4.91.1-linux-amd64/lib/vscode/node_modules/proxy-from-env/index.js
code-server-4.91.1-linux-amd64/lib/vscode/node_modules/proxy-from-env/package.json
code-server-4.91.1-linux-amd64/lib/vscode/node_modules/tar-stream/
code-server-4.91.1-linux-amd64/lib/vscode/node_modules/tar-stream/sandbox.js
code-server-4.91.1-linux-amd64/lib/vscode/node_modules/tar-stream/README.md
code-server-4.91.1-linux-amd64/lib/vscode/node_modules/tar-stream/LICENSE
code-server-4.91.1-linux-amd64/lib/vscode/node_modules/tar-stream/index.js
code-server-4.91.1-linux-amd64/lib/vscode/node_modules/tar-stream/package.json
code-server-4.91.1-linux-amd64/lib/vscode/node_modules/tar-stream/pack.js
code-server-4.91.1-linux-amd64/lib/vscode/node_modules/tar-stream/headers.js
code-server-4.91.1-linux-amd64/lib/vscode/node_modules/tar-stream/extract.js
code-server-4.91.1-linux-amd64/lib/vscode/node_modules/strip-json-comments/
code-server-4.91.1-linux-amd64/lib/vscode/node_modules/strip-json-comments/license
code-server-4.91.1-linux-amd64/lib/vscode/node_modules/strip-json-comments/index.js
code-server-4.91.1-linux-amd64/lib/vscode/node_modules/strip-json-comments/package.json
code-server-4.91.1-linux-amd64/lib/vscode/node_modules/strip-json-comments/readme.md
code-server-4.91.1-linux-amd64/lib/vscode/node_modules/fs-extra/
code-server-4.91.1-linux-amd64/lib/vscode/node_modules/fs-extra/lib/
code-server-4.91.1-linux-amd64/lib/vscode/node_modules/fs-extra/lib/esm.mjs
code-server-4.91.1-linux-amd64/lib/vscode/node_modules/fs-extra/lib/util/
code-server-4.91.1-linux-amd64/lib/vscode/node_modules/fs-extra/lib/util/stat.js
code-server-4.91.1-linux-amd64/lib/vscode/node_modules/fs-extra/lib/util/utimes.js
code-server-4.91.1-linux-amd64/lib/vscode/node_modules/fs-extra/lib/path-exists/
code-server-4.91.1-linux-amd64/lib/vscode/node_modules/fs-extra/lib/path-exists/index.js
code-server-4.91.1-linux-amd64/lib/vscode/node_modules/fs-extra/lib/index.js
code-server-4.91.1-linux-amd64/lib/vscode/node_modules/fs-extra/lib/empty/
code-server-4.91.1-linux-amd64/lib/vscode/node_modules/fs-extra/lib/empty/index.js
code-server-4.91.1-linux-amd64/lib/vscode/node_modules/fs-extra/lib/remove/
code-server-4.91.1-linux-amd64/lib/vscode/node_modules/fs-extra/lib/remove/index.js
code-server-4.91.1-linux-amd64/lib/vscode/node_modules/fs-extra/lib/move/
code-server-4.91.1-linux-amd64/lib/vscode/node_modules/fs-extra/lib/move/move-sync.js
code-server-4.91.1-linux-amd64/lib/vscode/node_modules/fs-extra/lib/move/move.js
code-server-4.91.1-linux-amd64/lib/vscode/node_modules/fs-extra/lib/move/index.js
code-server-4.91.1-linux-amd64/lib/vscode/node_modules/fs-extra/lib/fs/
code-server-4.91.1-linux-amd64/lib/vscode/node_modules/fs-extra/lib/fs/index.js
code-server-4.91.1-linux-amd64/lib/vscode/node_modules/fs-extra/lib/json/
code-server-4.91.1-linux-amd64/lib/vscode/node_modules/fs-extra/lib/json/output-json.js
code-server-4.91.1-linux-amd64/lib/vscode/node_modules/fs-extra/lib/json/index.js
code-server-4.91.1-linux-amd64/lib/vscode/node_modules/fs-extra/lib/json/jsonfile.js
code-server-4.91.1-linux-amd64/lib/vscode/node_modules/fs-extra/lib/json/output-json-sync.js
code-server-4.91.1-linux-amd64/lib/vscode/node_modules/fs-extra/lib/ensure/
code-server-4.91.1-linux-amd64/lib/vscode/node_modules/fs-extra/lib/ensure/symlink-paths.js
code-server-4.91.1-linux-amd64/lib/vscode/node_modules/fs-extra/lib/ensure/symlink-type.js
code-server-4.91.1-linux-amd64/lib/vscode/node_modules/fs-extra/lib/ensure/index.js
code-server-4.91.1-linux-amd64/lib/vscode/node_modules/fs-extra/lib/ensure/link.js
code-server-4.91.1-linux-amd64/lib/vscode/node_modules/fs-extra/lib/ensure/file.js
code-server-4.91.1-linux-amd64/lib/vscode/node_modules/fs-extra/lib/ensure/symlink.js
code-server-4.91.1-linux-amd64/lib/vscode/node_modules/fs-extra/lib/mkdirs/
code-server-4.91.1-linux-amd64/lib/vscode/node_modules/fs-extra/lib/mkdirs/index.js
code-server-4.91.1-linux-amd64/lib/vscode/node_modules/fs-extra/lib/mkdirs/make-dir.js
code-server-4.91.1-linux-amd64/lib/vscode/node_modules/fs-extra/lib/mkdirs/utils.js
code-server-4.91.1-linux-amd64/lib/vscode/node_modules/fs-extra/lib/copy/
code-server-4.91.1-linux-amd64/lib/vscode/node_modules/fs-extra/lib/copy/index.js
code-server-4.91.1-linux-amd64/lib/vscode/node_modules/fs-extra/lib/copy/copy-sync.js
code-server-4.91.1-linux-amd64/lib/vscode/node_modules/fs-extra/lib/copy/copy.js
code-server-4.91.1-linux-amd64/lib/vscode/node_modules/fs-extra/lib/output-file/
code-server-4.91.1-linux-amd64/lib/vscode/node_modules/fs-extra/lib/output-file/index.js
code-server-4.91.1-linux-amd64/lib/vscode/node_modules/fs-extra/README.md
code-server-4.91.1-linux-amd64/lib/vscode/node_modules/fs-extra/LICENSE
code-server-4.91.1-linux-amd64/lib/vscode/node_modules/fs-extra/package.json
code-server-4.91.1-linux-amd64/lib/vscode/node_modules/https-proxy-agent/
code-server-4.91.1-linux-amd64/lib/vscode/node_modules/https-proxy-agent/README.md
code-server-4.91.1-linux-amd64/lib/vscode/node_modules/https-proxy-agent/dist/
code-server-4.91.1-linux-amd64/lib/vscode/node_modules/https-proxy-agent/dist/parse-proxy-response.d.ts
code-server-4.91.1-linux-amd64/lib/vscode/node_modules/https-proxy-agent/dist/index.js.map
code-server-4.91.1-linux-amd64/lib/vscode/node_modules/https-proxy-agent/dist/parse-proxy-response.js.map
code-server-4.91.1-linux-amd64/lib/vscode/node_modules/https-proxy-agent/dist/parse-proxy-response.js
code-server-4.91.1-linux-amd64/lib/vscode/node_modules/https-proxy-agent/dist/index.js
code-server-4.91.1-linux-amd64/lib/vscode/node_modules/https-proxy-agent/dist/parse-proxy-response.d.ts.map
code-server-4.91.1-linux-amd64/lib/vscode/node_modules/https-proxy-agent/dist/index.d.ts
code-server-4.91.1-linux-amd64/lib/vscode/node_modules/https-proxy-agent/dist/index.d.ts.map
code-server-4.91.1-linux-amd64/lib/vscode/node_modules/https-proxy-agent/package.json
code-server-4.91.1-linux-amd64/lib/vscode/node_modules/yauzl/
code-server-4.91.1-linux-amd64/lib/vscode/node_modules/yauzl/README.md
code-server-4.91.1-linux-amd64/lib/vscode/node_modules/yauzl/LICENSE
code-server-4.91.1-linux-amd64/lib/vscode/node_modules/yauzl/index.js
code-server-4.91.1-linux-amd64/lib/vscode/node_modules/yauzl/package.json
code-server-4.91.1-linux-amd64/lib/vscode/node_modules/yauzl/fd-slicer.js
code-server-4.91.1-linux-amd64/lib/vscode/node_modules/socks/
code-server-4.91.1-linux-amd64/lib/vscode/node_modules/socks/README.md
code-server-4.91.1-linux-amd64/lib/vscode/node_modules/socks/LICENSE
code-server-4.91.1-linux-amd64/lib/vscode/node_modules/socks/typings/
code-server-4.91.1-linux-amd64/lib/vscode/node_modules/socks/typings/common/
code-server-4.91.1-linux-amd64/lib/vscode/node_modules/socks/typings/common/helpers.d.ts
code-server-4.91.1-linux-amd64/lib/vscode/node_modules/socks/typings/common/constants.d.ts
code-server-4.91.1-linux-amd64/lib/vscode/node_modules/socks/typings/common/util.d.ts
code-server-4.91.1-linux-amd64/lib/vscode/node_modules/socks/typings/common/receivebuffer.d.ts
code-server-4.91.1-linux-amd64/lib/vscode/node_modules/socks/typings/client/
code-server-4.91.1-linux-amd64/lib/vscode/node_modules/socks/typings/client/socksclient.d.ts
code-server-4.91.1-linux-amd64/lib/vscode/node_modules/socks/typings/index.d.ts
code-server-4.91.1-linux-amd64/lib/vscode/node_modules/socks/package.json
code-server-4.91.1-linux-amd64/lib/vscode/node_modules/socks/.prettierrc.yaml
code-server-4.91.1-linux-amd64/lib/vscode/node_modules/socks/.eslintrc.cjs
code-server-4.91.1-linux-amd64/lib/vscode/node_modules/socks/build/
code-server-4.91.1-linux-amd64/lib/vscode/node_modules/socks/build/index.js.map
code-server-4.91.1-linux-amd64/lib/vscode/node_modules/socks/build/index.js
code-server-4.91.1-linux-amd64/lib/vscode/node_modules/socks/build/common/
code-server-4.91.1-linux-amd64/lib/vscode/node_modules/socks/build/common/util.js
code-server-4.91.1-linux-amd64/lib/vscode/node_modules/socks/build/common/helpers.js
code-server-4.91.1-linux-amd64/lib/vscode/node_modules/socks/build/common/receivebuffer.js
code-server-4.91.1-linux-amd64/lib/vscode/node_modules/socks/build/common/constants.js.map
code-server-4.91.1-linux-amd64/lib/vscode/node_modules/socks/build/common/constants.js
code-server-4.91.1-linux-amd64/lib/vscode/node_modules/socks/build/common/receivebuffer.js.map
code-server-4.91.1-linux-amd64/lib/vscode/node_modules/socks/build/common/util.js.map
code-server-4.91.1-linux-amd64/lib/vscode/node_modules/socks/build/common/helpers.js.map
code-server-4.91.1-linux-amd64/lib/vscode/node_modules/socks/build/client/
code-server-4.91.1-linux-amd64/lib/vscode/node_modules/socks/build/client/socksclient.js.map
code-server-4.91.1-linux-amd64/lib/vscode/node_modules/socks/build/client/socksclient.js
code-server-4.91.1-linux-amd64/lib/vscode/node_modules/socks/docs/
code-server-4.91.1-linux-amd64/lib/vscode/node_modules/socks/docs/index.md
code-server-4.91.1-linux-amd64/lib/vscode/node_modules/socks/docs/migratingFromV1.md
code-server-4.91.1-linux-amd64/lib/vscode/node_modules/socks/docs/examples/
code-server-4.91.1-linux-amd64/lib/vscode/node_modules/socks/docs/examples/index.md
code-server-4.91.1-linux-amd64/lib/vscode/node_modules/socks/docs/examples/typescript/
code-server-4.91.1-linux-amd64/lib/vscode/node_modules/socks/docs/examples/typescript/bindExample.md
code-server-4.91.1-linux-amd64/lib/vscode/node_modules/socks/docs/examples/typescript/connectExample.md
code-server-4.91.1-linux-amd64/lib/vscode/node_modules/socks/docs/examples/typescript/associateExample.md
code-server-4.91.1-linux-amd64/lib/vscode/node_modules/socks/docs/examples/javascript/
code-server-4.91.1-linux-amd64/lib/vscode/node_modules/socks/docs/examples/javascript/bindExample.md
code-server-4.91.1-linux-amd64/lib/vscode/node_modules/socks/docs/examples/javascript/connectExample.md
code-server-4.91.1-linux-amd64/lib/vscode/node_modules/socks/docs/examples/javascript/associateExample.md
code-server-4.91.1-linux-amd64/lib/vscode/node_modules/pend/
code-server-4.91.1-linux-amd64/lib/vscode/node_modules/pend/README.md
code-server-4.91.1-linux-amd64/lib/vscode/node_modules/pend/LICENSE
code-server-4.91.1-linux-amd64/lib/vscode/node_modules/pend/test.js
code-server-4.91.1-linux-amd64/lib/vscode/node_modules/pend/index.js
code-server-4.91.1-linux-amd64/lib/vscode/node_modules/pend/package.json
code-server-4.91.1-linux-amd64/lib/vscode/node_modules/safe-buffer/
code-server-4.91.1-linux-amd64/lib/vscode/node_modules/safe-buffer/README.md
code-server-4.91.1-linux-amd64/lib/vscode/node_modules/safe-buffer/LICENSE
code-server-4.91.1-linux-amd64/lib/vscode/node_modules/safe-buffer/index.js
code-server-4.91.1-linux-amd64/lib/vscode/node_modules/safe-buffer/package.json
code-server-4.91.1-linux-amd64/lib/vscode/node_modules/safe-buffer/index.d.ts
code-server-4.91.1-linux-amd64/lib/vscode/node_modules/buffer-crc32/
code-server-4.91.1-linux-amd64/lib/vscode/node_modules/buffer-crc32/README.md
code-server-4.91.1-linux-amd64/lib/vscode/node_modules/buffer-crc32/LICENSE
code-server-4.91.1-linux-amd64/lib/vscode/node_modules/buffer-crc32/index.js
code-server-4.91.1-linux-amd64/lib/vscode/node_modules/buffer-crc32/package.json
code-server-4.91.1-linux-amd64/lib/vscode/node_modules/graceful-fs/
code-server-4.91.1-linux-amd64/lib/vscode/node_modules/graceful-fs/clone.js
code-server-4.91.1-linux-amd64/lib/vscode/node_modules/graceful-fs/README.md
code-server-4.91.1-linux-amd64/lib/vscode/node_modules/graceful-fs/LICENSE
code-server-4.91.1-linux-amd64/lib/vscode/node_modules/graceful-fs/package.json
code-server-4.91.1-linux-amd64/lib/vscode/node_modules/graceful-fs/legacy-streams.js
code-server-4.91.1-linux-amd64/lib/vscode/node_modules/graceful-fs/polyfills.js
code-server-4.91.1-linux-amd64/lib/vscode/node_modules/graceful-fs/graceful-fs.js
code-server-4.91.1-linux-amd64/lib/vscode/node_modules/mkdirp/
code-server-4.91.1-linux-amd64/lib/vscode/node_modules/mkdirp/lib/
code-server-4.91.1-linux-amd64/lib/vscode/node_modules/mkdirp/lib/find-made.js
code-server-4.91.1-linux-amd64/lib/vscode/node_modules/mkdirp/lib/opts-arg.js
code-server-4.91.1-linux-amd64/lib/vscode/node_modules/mkdirp/lib/mkdirp-native.js
code-server-4.91.1-linux-amd64/lib/vscode/node_modules/mkdirp/lib/path-arg.js
code-server-4.91.1-linux-amd64/lib/vscode/node_modules/mkdirp/lib/use-native.js
code-server-4.91.1-linux-amd64/lib/vscode/node_modules/mkdirp/lib/mkdirp-manual.js
code-server-4.91.1-linux-amd64/lib/vscode/node_modules/mkdirp/LICENSE
code-server-4.91.1-linux-amd64/lib/vscode/node_modules/mkdirp/readme.markdown
code-server-4.91.1-linux-amd64/lib/vscode/node_modules/mkdirp/index.js
code-server-4.91.1-linux-amd64/lib/vscode/node_modules/mkdirp/package.json
code-server-4.91.1-linux-amd64/lib/vscode/node_modules/mkdirp/bin/
code-server-4.91.1-linux-amd64/lib/vscode/node_modules/mkdirp/bin/cmd.js
code-server-4.91.1-linux-amd64/lib/vscode/node_modules/mkdirp/CHANGELOG.md
code-server-4.91.1-linux-amd64/lib/vscode/node_modules/simple-get/
code-server-4.91.1-linux-amd64/lib/vscode/node_modules/simple-get/README.md
code-server-4.91.1-linux-amd64/lib/vscode/node_modules/simple-get/LICENSE
code-server-4.91.1-linux-amd64/lib/vscode/node_modules/simple-get/index.js
code-server-4.91.1-linux-amd64/lib/vscode/node_modules/simple-get/.github/
code-server-4.91.1-linux-amd64/lib/vscode/node_modules/simple-get/.github/dependabot.yml
code-server-4.91.1-linux-amd64/lib/vscode/node_modules/simple-get/.github/workflows/
code-server-4.91.1-linux-amd64/lib/vscode/node_modules/simple-get/.github/workflows/ci.yml
code-server-4.91.1-linux-amd64/lib/vscode/node_modules/simple-get/package.json
code-server-4.91.1-linux-amd64/lib/vscode/node_modules/yazl/
code-server-4.91.1-linux-amd64/lib/vscode/node_modules/yazl/README.md
code-server-4.91.1-linux-amd64/lib/vscode/node_modules/yazl/LICENSE
code-server-4.91.1-linux-amd64/lib/vscode/node_modules/yazl/index.js
code-server-4.91.1-linux-amd64/lib/vscode/node_modules/yazl/package.json
code-server-4.91.1-linux-amd64/lib/vscode/node_modules/semver/
code-server-4.91.1-linux-amd64/lib/vscode/node_modules/semver/README.md
code-server-4.91.1-linux-amd64/lib/vscode/node_modules/semver/LICENSE
code-server-4.91.1-linux-amd64/lib/vscode/node_modules/semver/range.bnf
code-server-4.91.1-linux-amd64/lib/vscode/node_modules/semver/index.js
code-server-4.91.1-linux-amd64/lib/vscode/node_modules/semver/ranges/
code-server-4.91.1-linux-amd64/lib/vscode/node_modules/semver/ranges/min-version.js
code-server-4.91.1-linux-amd64/lib/vscode/node_modules/semver/ranges/intersects.js
code-server-4.91.1-linux-amd64/lib/vscode/node_modules/semver/ranges/min-satisfying.js
code-server-4.91.1-linux-amd64/lib/vscode/node_modules/semver/ranges/outside.js
code-server-4.91.1-linux-amd64/lib/vscode/node_modules/semver/ranges/max-satisfying.js
code-server-4.91.1-linux-amd64/lib/vscode/node_modules/semver/ranges/subset.js
code-server-4.91.1-linux-amd64/lib/vscode/node_modules/semver/ranges/ltr.js
code-server-4.91.1-linux-amd64/lib/vscode/node_modules/semver/ranges/to-comparators.js
code-server-4.91.1-linux-amd64/lib/vscode/node_modules/semver/ranges/valid.js
code-server-4.91.1-linux-amd64/lib/vscode/node_modules/semver/ranges/gtr.js
code-server-4.91.1-linux-amd64/lib/vscode/node_modules/semver/ranges/simplify.js
code-server-4.91.1-linux-amd64/lib/vscode/node_modules/semver/package.json
code-server-4.91.1-linux-amd64/lib/vscode/node_modules/semver/internal/
code-server-4.91.1-linux-amd64/lib/vscode/node_modules/semver/internal/identifiers.js
code-server-4.91.1-linux-amd64/lib/vscode/node_modules/semver/internal/debug.js
code-server-4.91.1-linux-amd64/lib/vscode/node_modules/semver/internal/parse-options.js
code-server-4.91.1-linux-amd64/lib/vscode/node_modules/semver/internal/constants.js
code-server-4.91.1-linux-amd64/lib/vscode/node_modules/semver/internal/re.js
code-server-4.91.1-linux-amd64/lib/vscode/node_modules/semver/bin/
code-server-4.91.1-linux-amd64/lib/vscode/node_modules/semver/bin/semver.js
code-server-4.91.1-linux-amd64/lib/vscode/node_modules/semver/functions/
code-server-4.91.1-linux-amd64/lib/vscode/node_modules/semver/functions/inc.js
code-server-4.91.1-linux-amd64/lib/vscode/node_modules/semver/functions/eq.js
code-server-4.91.1-linux-amd64/lib/vscode/node_modules/semver/functions/parse.js
code-server-4.91.1-linux-amd64/lib/vscode/node_modules/semver/functions/gt.js
code-server-4.91.1-linux-amd64/lib/vscode/node_modules/semver/functions/major.js
code-server-4.91.1-linux-amd64/lib/vscode/node_modules/semver/functions/cmp.js
code-server-4.91.1-linux-amd64/lib/vscode/node_modules/semver/functions/lt.js
code-server-4.91.1-linux-amd64/lib/vscode/node_modules/semver/functions/gte.js
code-server-4.91.1-linux-amd64/lib/vscode/node_modules/semver/functions/rsort.js
code-server-4.91.1-linux-amd64/lib/vscode/node_modules/semver/functions/neq.js
code-server-4.91.1-linux-amd64/lib/vscode/node_modules/semver/functions/clean.js
code-server-4.91.1-linux-amd64/lib/vscode/node_modules/semver/functions/coerce.js
code-server-4.91.1-linux-amd64/lib/vscode/node_modules/semver/functions/lte.js
code-server-4.91.1-linux-amd64/lib/vscode/node_modules/semver/functions/diff.js
code-server-4.91.1-linux-amd64/lib/vscode/node_modules/semver/functions/compare-build.js
code-server-4.91.1-linux-amd64/lib/vscode/node_modules/semver/functions/minor.js
code-server-4.91.1-linux-amd64/lib/vscode/node_modules/semver/functions/satisfies.js
code-server-4.91.1-linux-amd64/lib/vscode/node_modules/semver/functions/sort.js
code-server-4.91.1-linux-amd64/lib/vscode/node_modules/semver/functions/rcompare.js
code-server-4.91.1-linux-amd64/lib/vscode/node_modules/semver/functions/compare.js
code-server-4.91.1-linux-amd64/lib/vscode/node_modules/semver/functions/prerelease.js
code-server-4.91.1-linux-amd64/lib/vscode/node_modules/semver/functions/compare-loose.js
code-server-4.91.1-linux-amd64/lib/vscode/node_modules/semver/functions/patch.js
code-server-4.91.1-linux-amd64/lib/vscode/node_modules/semver/functions/valid.js
code-server-4.91.1-linux-amd64/lib/vscode/node_modules/semver/classes/
code-server-4.91.1-linux-amd64/lib/vscode/node_modules/semver/classes/index.js
code-server-4.91.1-linux-amd64/lib/vscode/node_modules/semver/classes/range.js
code-server-4.91.1-linux-amd64/lib/vscode/node_modules/semver/classes/comparator.js
code-server-4.91.1-linux-amd64/lib/vscode/node_modules/semver/classes/semver.js
code-server-4.91.1-linux-amd64/lib/vscode/node_modules/semver/preload.js
code-server-4.91.1-linux-amd64/lib/vscode/node_modules/yallist/
code-server-4.91.1-linux-amd64/lib/vscode/node_modules/yallist/README.md
code-server-4.91.1-linux-amd64/lib/vscode/node_modules/yallist/LICENSE
code-server-4.91.1-linux-amd64/lib/vscode/node_modules/yallist/yallist.js
code-server-4.91.1-linux-amd64/lib/vscode/node_modules/yallist/package.json
code-server-4.91.1-linux-amd64/lib/vscode/node_modules/yallist/iterator.js
code-server-4.91.1-linux-amd64/lib/vscode/node_modules/once/
code-server-4.91.1-linux-amd64/lib/vscode/node_modules/once/README.md
code-server-4.91.1-linux-amd64/lib/vscode/node_modules/once/LICENSE
code-server-4.91.1-linux-amd64/lib/vscode/node_modules/once/package.json
code-server-4.91.1-linux-amd64/lib/vscode/node_modules/once/once.js
code-server-4.91.1-linux-amd64/lib/vscode/node_modules/readable-stream/
code-server-4.91.1-linux-amd64/lib/vscode/node_modules/readable-stream/readable.js
code-server-4.91.1-linux-amd64/lib/vscode/node_modules/readable-stream/lib/
code-server-4.91.1-linux-amd64/lib/vscode/node_modules/readable-stream/lib/_stream_readable.js
code-server-4.91.1-linux-amd64/lib/vscode/node_modules/readable-stream/lib/_stream_passthrough.js
code-server-4.91.1-linux-amd64/lib/vscode/node_modules/readable-stream/lib/_stream_duplex.js
code-server-4.91.1-linux-amd64/lib/vscode/node_modules/readable-stream/lib/internal/
code-server-4.91.1-linux-amd64/lib/vscode/node_modules/readable-stream/lib/internal/streams/
code-server-4.91.1-linux-amd64/lib/vscode/node_modules/readable-stream/lib/internal/streams/state.js
code-server-4.91.1-linux-amd64/lib/vscode/node_modules/readable-stream/lib/internal/streams/end-of-stream.js
code-server-4.91.1-linux-amd64/lib/vscode/node_modules/readable-stream/lib/internal/streams/from.js
code-server-4.91.1-linux-amd64/lib/vscode/node_modules/readable-stream/lib/internal/streams/buffer_list.js
code-server-4.91.1-linux-amd64/lib/vscode/node_modules/readable-stream/lib/internal/streams/pipeline.js
code-server-4.91.1-linux-amd64/lib/vscode/node_modules/readable-stream/lib/internal/streams/async_iterator.js
code-server-4.91.1-linux-amd64/lib/vscode/node_modules/readable-stream/lib/internal/streams/stream-browser.js
code-server-4.91.1-linux-amd64/lib/vscode/node_modules/readable-stream/lib/internal/streams/from-browser.js
code-server-4.91.1-linux-amd64/lib/vscode/node_modules/readable-stream/lib/internal/streams/destroy.js
code-server-4.91.1-linux-amd64/lib/vscode/node_modules/readable-stream/lib/internal/streams/stream.js
code-server-4.91.1-linux-amd64/lib/vscode/node_modules/readable-stream/lib/_stream_writable.js
code-server-4.91.1-linux-amd64/lib/vscode/node_modules/readable-stream/lib/_stream_transform.js
code-server-4.91.1-linux-amd64/lib/vscode/node_modules/readable-stream/errors-browser.js
code-server-4.91.1-linux-amd64/lib/vscode/node_modules/readable-stream/CONTRIBUTING.md
code-server-4.91.1-linux-amd64/lib/vscode/node_modules/readable-stream/readable-browser.js
code-server-4.91.1-linux-amd64/lib/vscode/node_modules/readable-stream/GOVERNANCE.md
code-server-4.91.1-linux-amd64/lib/vscode/node_modules/readable-stream/errors.js
code-server-4.91.1-linux-amd64/lib/vscode/node_modules/readable-stream/README.md
code-server-4.91.1-linux-amd64/lib/vscode/node_modules/readable-stream/LICENSE
code-server-4.91.1-linux-amd64/lib/vscode/node_modules/readable-stream/package.json
code-server-4.91.1-linux-amd64/lib/vscode/node_modules/readable-stream/experimentalWarning.js
code-server-4.91.1-linux-amd64/lib/vscode/node_modules/fd-slicer/
code-server-4.91.1-linux-amd64/lib/vscode/node_modules/fd-slicer/.travis.yml
code-server-4.91.1-linux-amd64/lib/vscode/node_modules/fd-slicer/test/
code-server-4.91.1-linux-amd64/lib/vscode/node_modules/fd-slicer/test/test.js
code-server-4.91.1-linux-amd64/lib/vscode/node_modules/fd-slicer/README.md
code-server-4.91.1-linux-amd64/lib/vscode/node_modules/fd-slicer/LICENSE
code-server-4.91.1-linux-amd64/lib/vscode/node_modules/fd-slicer/index.js
code-server-4.91.1-linux-amd64/lib/vscode/node_modules/fd-slicer/package.json
code-server-4.91.1-linux-amd64/lib/vscode/node_modules/fd-slicer/CHANGELOG.md
code-server-4.91.1-linux-amd64/lib/vscode/node_modules/fd-slicer/.npmignore
code-server-4.91.1-linux-amd64/lib/vscode/node_modules/smart-buffer/
code-server-4.91.1-linux-amd64/lib/vscode/node_modules/smart-buffer/.travis.yml
code-server-4.91.1-linux-amd64/lib/vscode/node_modules/smart-buffer/README.md
code-server-4.91.1-linux-amd64/lib/vscode/node_modules/smart-buffer/LICENSE
code-server-4.91.1-linux-amd64/lib/vscode/node_modules/smart-buffer/typings/
code-server-4.91.1-linux-amd64/lib/vscode/node_modules/smart-buffer/typings/utils.d.ts
code-server-4.91.1-linux-amd64/lib/vscode/node_modules/smart-buffer/typings/smartbuffer.d.ts
code-server-4.91.1-linux-amd64/lib/vscode/node_modules/smart-buffer/package.json
code-server-4.91.1-linux-amd64/lib/vscode/node_modules/smart-buffer/.prettierrc.yaml
code-server-4.91.1-linux-amd64/lib/vscode/node_modules/smart-buffer/build/
code-server-4.91.1-linux-amd64/lib/vscode/node_modules/smart-buffer/build/utils.js.map
code-server-4.91.1-linux-amd64/lib/vscode/node_modules/smart-buffer/build/smartbuffer.js.map
code-server-4.91.1-linux-amd64/lib/vscode/node_modules/smart-buffer/build/utils.js
code-server-4.91.1-linux-amd64/lib/vscode/node_modules/smart-buffer/build/smartbuffer.js
code-server-4.91.1-linux-amd64/lib/vscode/node_modules/smart-buffer/docs/
code-server-4.91.1-linux-amd64/lib/vscode/node_modules/smart-buffer/docs/ROADMAP.md
code-server-4.91.1-linux-amd64/lib/vscode/node_modules/smart-buffer/docs/README_v3.md
code-server-4.91.1-linux-amd64/lib/vscode/node_modules/smart-buffer/docs/CHANGELOG.md
code-server-4.91.1-linux-amd64/lib/vscode/node_modules/picomatch/
code-server-4.91.1-linux-amd64/lib/vscode/node_modules/picomatch/lib/
code-server-4.91.1-linux-amd64/lib/vscode/node_modules/picomatch/lib/parse.js
code-server-4.91.1-linux-amd64/lib/vscode/node_modules/picomatch/lib/constants.js
code-server-4.91.1-linux-amd64/lib/vscode/node_modules/picomatch/lib/scan.js
code-server-4.91.1-linux-amd64/lib/vscode/node_modules/picomatch/lib/utils.js
code-server-4.91.1-linux-amd64/lib/vscode/node_modules/picomatch/lib/picomatch.js
code-server-4.91.1-linux-amd64/lib/vscode/node_modules/picomatch/README.md
code-server-4.91.1-linux-amd64/lib/vscode/node_modules/picomatch/LICENSE
code-server-4.91.1-linux-amd64/lib/vscode/node_modules/picomatch/index.js
code-server-4.91.1-linux-amd64/lib/vscode/node_modules/picomatch/package.json
code-server-4.91.1-linux-amd64/lib/vscode/node_modules/picomatch/CHANGELOG.md
code-server-4.91.1-linux-amd64/lib/vscode/node_modules/lru-cache/
code-server-4.91.1-linux-amd64/lib/vscode/node_modules/lru-cache/README.md
code-server-4.91.1-linux-amd64/lib/vscode/node_modules/lru-cache/LICENSE
code-server-4.91.1-linux-amd64/lib/vscode/node_modules/lru-cache/index.js
code-server-4.91.1-linux-amd64/lib/vscode/node_modules/lru-cache/package.json
code-server-4.91.1-linux-amd64/lib/vscode/node_modules/micromatch/
code-server-4.91.1-linux-amd64/lib/vscode/node_modules/micromatch/README.md
code-server-4.91.1-linux-amd64/lib/vscode/node_modules/micromatch/LICENSE
code-server-4.91.1-linux-amd64/lib/vscode/node_modules/micromatch/index.js
code-server-4.91.1-linux-amd64/lib/vscode/node_modules/micromatch/package.json
code-server-4.91.1-linux-amd64/lib/vscode/node_modules/http-proxy-agent/
code-server-4.91.1-linux-amd64/lib/vscode/node_modules/http-proxy-agent/README.md
code-server-4.91.1-linux-amd64/lib/vscode/node_modules/http-proxy-agent/LICENSE
code-server-4.91.1-linux-amd64/lib/vscode/node_modules/http-proxy-agent/dist/
code-server-4.91.1-linux-amd64/lib/vscode/node_modules/http-proxy-agent/dist/index.js.map
code-server-4.91.1-linux-amd64/lib/vscode/node_modules/http-proxy-agent/dist/index.js
code-server-4.91.1-linux-amd64/lib/vscode/node_modules/http-proxy-agent/dist/index.d.ts
code-server-4.91.1-linux-amd64/lib/vscode/node_modules/http-proxy-agent/dist/index.d.ts.map
code-server-4.91.1-linux-amd64/lib/vscode/node_modules/http-proxy-agent/package.json
code-server-4.91.1-linux-amd64/lib/vscode/node_modules/is-number/
code-server-4.91.1-linux-amd64/lib/vscode/node_modules/is-number/README.md
code-server-4.91.1-linux-amd64/lib/vscode/node_modules/is-number/LICENSE
code-server-4.91.1-linux-amd64/lib/vscode/node_modules/is-number/index.js
code-server-4.91.1-linux-amd64/lib/vscode/node_modules/is-number/package.json
code-server-4.91.1-linux-amd64/lib/vscode/node_modules/inherits/
code-server-4.91.1-linux-amd64/lib/vscode/node_modules/inherits/README.md
code-server-4.91.1-linux-amd64/lib/vscode/node_modules/inherits/LICENSE
code-server-4.91.1-linux-amd64/lib/vscode/node_modules/inherits/package.json
code-server-4.91.1-linux-amd64/lib/vscode/node_modules/inherits/inherits.js
code-server-4.91.1-linux-amd64/lib/vscode/node_modules/inherits/inherits_browser.js
code-server-4.91.1-linux-amd64/lib/vscode/node_modules/cookie/
code-server-4.91.1-linux-amd64/lib/vscode/node_modules/cookie/README.md
code-server-4.91.1-linux-amd64/lib/vscode/node_modules/cookie/LICENSE
code-server-4.91.1-linux-amd64/lib/vscode/node_modules/cookie/index.js
code-server-4.91.1-linux-amd64/lib/vscode/node_modules/cookie/package.json
code-server-4.91.1-linux-amd64/lib/vscode/node_modules/cookie/HISTORY.md
code-server-4.91.1-linux-amd64/lib/vscode/node_modules/vscode-textmate/
code-server-4.91.1-linux-amd64/lib/vscode/node_modules/vscode-textmate/.gitattributes
code-server-4.91.1-linux-amd64/lib/vscode/node_modules/vscode-textmate/SECURITY.md
code-server-4.91.1-linux-amd64/lib/vscode/node_modules/vscode-textmate/LICENSE.md
code-server-4.91.1-linux-amd64/lib/vscode/node_modules/vscode-textmate/README.md
code-server-4.91.1-linux-amd64/lib/vscode/node_modules/vscode-textmate/release/
code-server-4.91.1-linux-amd64/lib/vscode/node_modules/vscode-textmate/release/grammar/
code-server-4.91.1-linux-amd64/lib/vscode/node_modules/vscode-textmate/release/grammar/tokenizeString.d.ts
code-server-4.91.1-linux-amd64/lib/vscode/node_modules/vscode-textmate/release/grammar/basicScopesAttributeProvider.d.ts
code-server-4.91.1-linux-amd64/lib/vscode/node_modules/vscode-textmate/release/grammar/grammar.d.ts
code-server-4.91.1-linux-amd64/lib/vscode/node_modules/vscode-textmate/release/grammar/grammarDependencies.d.ts
code-server-4.91.1-linux-amd64/lib/vscode/node_modules/vscode-textmate/release/grammar/index.d.ts
code-server-4.91.1-linux-amd64/lib/vscode/node_modules/vscode-textmate/release/rule.d.ts
code-server-4.91.1-linux-amd64/lib/vscode/node_modules/vscode-textmate/release/main.js
code-server-4.91.1-linux-amd64/lib/vscode/node_modules/vscode-textmate/release/theme.d.ts
code-server-4.91.1-linux-amd64/lib/vscode/node_modules/vscode-textmate/release/plist.d.ts
code-server-4.91.1-linux-amd64/lib/vscode/node_modules/vscode-textmate/release/main.d.ts
code-server-4.91.1-linux-amd64/lib/vscode/node_modules/vscode-textmate/release/json.d.ts
code-server-4.91.1-linux-amd64/lib/vscode/node_modules/vscode-textmate/release/tests/
code-server-4.91.1-linux-amd64/lib/vscode/node_modules/vscode-textmate/release/tests/inspect.d.ts
code-server-4.91.1-linux-amd64/lib/vscode/node_modules/vscode-textmate/release/tests/tokenization.test.d.ts
code-server-4.91.1-linux-amd64/lib/vscode/node_modules/vscode-textmate/release/tests/onigLibs.d.ts
code-server-4.91.1-linux-amd64/lib/vscode/node_modules/vscode-textmate/release/tests/json.test.d.ts
code-server-4.91.1-linux-amd64/lib/vscode/node_modules/vscode-textmate/release/tests/themeTest.d.ts
code-server-4.91.1-linux-amd64/lib/vscode/node_modules/vscode-textmate/release/tests/resolver.d.ts
code-server-4.91.1-linux-amd64/lib/vscode/node_modules/vscode-textmate/release/tests/grammar.test.d.ts
code-server-4.91.1-linux-amd64/lib/vscode/node_modules/vscode-textmate/release/tests/themedTokenizer.d.ts
code-server-4.91.1-linux-amd64/lib/vscode/node_modules/vscode-textmate/release/tests/matcher.test.d.ts
code-server-4.91.1-linux-amd64/lib/vscode/node_modules/vscode-textmate/release/tests/themes.test.d.ts
code-server-4.91.1-linux-amd64/lib/vscode/node_modules/vscode-textmate/release/tests/all.test.d.ts
code-server-4.91.1-linux-amd64/lib/vscode/node_modules/vscode-textmate/release/main.js.map
code-server-4.91.1-linux-amd64/lib/vscode/node_modules/vscode-textmate/release/utils.d.ts
code-server-4.91.1-linux-amd64/lib/vscode/node_modules/vscode-textmate/release/registry.d.ts
code-server-4.91.1-linux-amd64/lib/vscode/node_modules/vscode-textmate/release/encodedTokenAttributes.d.ts
code-server-4.91.1-linux-amd64/lib/vscode/node_modules/vscode-textmate/release/matcher.d.ts
code-server-4.91.1-linux-amd64/lib/vscode/node_modules/vscode-textmate/release/onigLib.d.ts
code-server-4.91.1-linux-amd64/lib/vscode/node_modules/vscode-textmate/release/rawGrammar.d.ts
code-server-4.91.1-linux-amd64/lib/vscode/node_modules/vscode-textmate/release/parseRawGrammar.d.ts
code-server-4.91.1-linux-amd64/lib/vscode/node_modules/vscode-textmate/release/diffStateStacks.d.ts
code-server-4.91.1-linux-amd64/lib/vscode/node_modules/vscode-textmate/release/debug.d.ts
code-server-4.91.1-linux-amd64/lib/vscode/node_modules/vscode-textmate/.github/
code-server-4.91.1-linux-amd64/lib/vscode/node_modules/vscode-textmate/.github/workflows/
code-server-4.91.1-linux-amd64/lib/vscode/node_modules/vscode-textmate/.github/workflows/ci.yml
code-server-4.91.1-linux-amd64/lib/vscode/node_modules/vscode-textmate/.github/workflows/rich-navigation.yml
code-server-4.91.1-linux-amd64/lib/vscode/node_modules/vscode-textmate/package.json
code-server-4.91.1-linux-amd64/lib/vscode/node_modules/vscode-textmate/.lsifrc.json
code-server-4.91.1-linux-amd64/lib/vscode/node_modules/node-gyp-build/
code-server-4.91.1-linux-amd64/lib/vscode/node_modules/node-gyp-build/build-test.js
code-server-4.91.1-linux-amd64/lib/vscode/node_modules/node-gyp-build/bin.js
code-server-4.91.1-linux-amd64/lib/vscode/node_modules/node-gyp-build/README.md
code-server-4.91.1-linux-amd64/lib/vscode/node_modules/node-gyp-build/LICENSE
code-server-4.91.1-linux-amd64/lib/vscode/node_modules/node-gyp-build/index.js
code-server-4.91.1-linux-amd64/lib/vscode/node_modules/node-gyp-build/package.json
code-server-4.91.1-linux-amd64/lib/vscode/node_modules/node-gyp-build/node-gyp-build.js
code-server-4.91.1-linux-amd64/lib/vscode/node_modules/node-gyp-build/optional.js
code-server-4.91.1-linux-amd64/lib/vscode/node_modules/fs-constants/
code-server-4.91.1-linux-amd64/lib/vscode/node_modules/fs-constants/README.md
code-server-4.91.1-linux-amd64/lib/vscode/node_modules/fs-constants/LICENSE
code-server-4.91.1-linux-amd64/lib/vscode/node_modules/fs-constants/index.js
code-server-4.91.1-linux-amd64/lib/vscode/node_modules/fs-constants/browser.js
code-server-4.91.1-linux-amd64/lib/vscode/node_modules/fs-constants/package.json
code-server-4.91.1-linux-amd64/lib/vscode/node_modules/end-of-stream/
code-server-4.91.1-linux-amd64/lib/vscode/node_modules/end-of-stream/README.md
code-server-4.91.1-linux-amd64/lib/vscode/node_modules/end-of-stream/LICENSE
code-server-4.91.1-linux-amd64/lib/vscode/node_modules/end-of-stream/index.js
code-server-4.91.1-linux-amd64/lib/vscode/node_modules/end-of-stream/package.json
code-server-4.91.1-linux-amd64/lib/vscode/node_modules/@vscode/
code-server-4.91.1-linux-amd64/lib/vscode/node_modules/@vscode/vscode-languagedetection/
code-server-4.91.1-linux-amd64/lib/vscode/node_modules/@vscode/vscode-languagedetection/SECURITY.md
code-server-4.91.1-linux-amd64/lib/vscode/node_modules/@vscode/vscode-languagedetection/README.md
code-server-4.91.1-linux-amd64/lib/vscode/node_modules/@vscode/vscode-languagedetection/LICENSE
code-server-4.91.1-linux-amd64/lib/vscode/node_modules/@vscode/vscode-languagedetection/model/
code-server-4.91.1-linux-amd64/lib/vscode/node_modules/@vscode/vscode-languagedetection/model/model.json
code-server-4.91.1-linux-amd64/lib/vscode/node_modules/@vscode/vscode-languagedetection/model/group1-shard1of1.bin
code-server-4.91.1-linux-amd64/lib/vscode/node_modules/@vscode/vscode-languagedetection/dist/
code-server-4.91.1-linux-amd64/lib/vscode/node_modules/@vscode/vscode-languagedetection/dist/lib/
code-server-4.91.1-linux-amd64/lib/vscode/node_modules/@vscode/vscode-languagedetection/dist/lib/index.js
code-server-4.91.1-linux-amd64/lib/vscode/node_modules/@vscode/vscode-languagedetection/dist/lib/index.js.LICENSE.txt
code-server-4.91.1-linux-amd64/lib/vscode/node_modules/@vscode/vscode-languagedetection/dist/lib/index.d.ts
code-server-4.91.1-linux-amd64/lib/vscode/node_modules/@vscode/vscode-languagedetection/package.json
code-server-4.91.1-linux-amd64/lib/vscode/node_modules/@vscode/vscode-languagedetection/SUPPORT.md
code-server-4.91.1-linux-amd64/lib/vscode/node_modules/@vscode/vscode-languagedetection/cli/
code-server-4.91.1-linux-amd64/lib/vscode/node_modules/@vscode/vscode-languagedetection/cli/index.js
code-server-4.91.1-linux-amd64/lib/vscode/node_modules/@vscode/vscode-languagedetection/CODE_OF_CONDUCT.md
code-server-4.91.1-linux-amd64/lib/vscode/node_modules/@vscode/ripgrep/
code-server-4.91.1-linux-amd64/lib/vscode/node_modules/@vscode/ripgrep/SECURITY.md
code-server-4.91.1-linux-amd64/lib/vscode/node_modules/@vscode/ripgrep/lib/
code-server-4.91.1-linux-amd64/lib/vscode/node_modules/@vscode/ripgrep/lib/postinstall.js
code-server-4.91.1-linux-amd64/lib/vscode/node_modules/@vscode/ripgrep/lib/index.js
code-server-4.91.1-linux-amd64/lib/vscode/node_modules/@vscode/ripgrep/lib/download.js
code-server-4.91.1-linux-amd64/lib/vscode/node_modules/@vscode/ripgrep/lib/index.d.ts
code-server-4.91.1-linux-amd64/lib/vscode/node_modules/@vscode/ripgrep/README.md
code-server-4.91.1-linux-amd64/lib/vscode/node_modules/@vscode/ripgrep/LICENSE
code-server-4.91.1-linux-amd64/lib/vscode/node_modules/@vscode/ripgrep/package.json
code-server-4.91.1-linux-amd64/lib/vscode/node_modules/@vscode/ripgrep/jsconfig.json
code-server-4.91.1-linux-amd64/lib/vscode/node_modules/@vscode/ripgrep/bin/
code-server-4.91.1-linux-amd64/lib/vscode/node_modules/@vscode/ripgrep/bin/rg
code-server-4.91.1-linux-amd64/lib/vscode/node_modules/@vscode/ripgrep/.vscode/
code-server-4.91.1-linux-amd64/lib/vscode/node_modules/@vscode/ripgrep/.vscode/launch.json
code-server-4.91.1-linux-amd64/lib/vscode/node_modules/@vscode/ripgrep/build/
code-server-4.91.1-linux-amd64/lib/vscode/node_modules/@vscode/ripgrep/build/pipeline.yml
code-server-4.91.1-linux-amd64/lib/vscode/node_modules/@vscode/ripgrep/node_modules/
code-server-4.91.1-linux-amd64/lib/vscode/node_modules/@vscode/ripgrep/node_modules/yauzl/
code-server-4.91.1-linux-amd64/lib/vscode/node_modules/@vscode/ripgrep/node_modules/yauzl/README.md
code-server-4.91.1-linux-amd64/lib/vscode/node_modules/@vscode/ripgrep/node_modules/yauzl/LICENSE
code-server-4.91.1-linux-amd64/lib/vscode/node_modules/@vscode/ripgrep/node_modules/yauzl/index.js
code-server-4.91.1-linux-amd64/lib/vscode/node_modules/@vscode/ripgrep/node_modules/yauzl/package.json
code-server-4.91.1-linux-amd64/lib/vscode/node_modules/@vscode/windows-registry/
code-server-4.91.1-linux-amd64/lib/vscode/node_modules/@vscode/windows-registry/SECURITY.md
code-server-4.91.1-linux-amd64/lib/vscode/node_modules/@vscode/windows-registry/binding.gyp
code-server-4.91.1-linux-amd64/lib/vscode/node_modules/@vscode/windows-registry/README.md
code-server-4.91.1-linux-amd64/lib/vscode/node_modules/@vscode/windows-registry/dist/
code-server-4.91.1-linux-amd64/lib/vscode/node_modules/@vscode/windows-registry/dist/index.js.map
code-server-4.91.1-linux-amd64/lib/vscode/node_modules/@vscode/windows-registry/dist/index.js
code-server-4.91.1-linux-amd64/lib/vscode/node_modules/@vscode/windows-registry/dist/index.d.ts
code-server-4.91.1-linux-amd64/lib/vscode/node_modules/@vscode/windows-registry/package.json
code-server-4.91.1-linux-amd64/lib/vscode/node_modules/@vscode/windows-registry/src/
code-server-4.91.1-linux-amd64/lib/vscode/node_modules/@vscode/windows-registry/src/winregistry.cc
code-server-4.91.1-linux-amd64/lib/vscode/node_modules/@vscode/windows-registry/License.txt
code-server-4.91.1-linux-amd64/lib/vscode/node_modules/@vscode/windows-registry/build/
code-server-4.91.1-linux-amd64/lib/vscode/node_modules/@vscode/windows-registry/build/binding.Makefile
code-server-4.91.1-linux-amd64/lib/vscode/node_modules/@vscode/windows-registry/build/Release/
code-server-4.91.1-linux-amd64/lib/vscode/node_modules/@vscode/windows-registry/build/Release/.deps/
code-server-4.91.1-linux-amd64/lib/vscode/node_modules/@vscode/windows-registry/build/Release/.deps/Release/
code-server-4.91.1-linux-amd64/lib/vscode/node_modules/@vscode/windows-registry/build/Release/.deps/Release/winregistry.node.d
code-server-4.91.1-linux-amd64/lib/vscode/node_modules/@vscode/windows-registry/build/Release/.deps/Release/obj.target/
code-server-4.91.1-linux-amd64/lib/vscode/node_modules/@vscode/windows-registry/build/Release/.deps/Release/obj.target/winregistry.node.d
code-server-4.91.1-linux-amd64/lib/vscode/node_modules/@vscode/windows-registry/build/Release/winregistry.node
code-server-4.91.1-linux-amd64/lib/vscode/node_modules/@vscode/windows-registry/build/Release/obj.target/
code-server-4.91.1-linux-amd64/lib/vscode/node_modules/@vscode/windows-registry/build/Release/obj.target/winregistry.node
code-server-4.91.1-linux-amd64/lib/vscode/node_modules/@vscode/windows-registry/build/winregistry.target.mk
code-server-4.91.1-linux-amd64/lib/vscode/node_modules/@vscode/windows-registry/build/Makefile
code-server-4.91.1-linux-amd64/lib/vscode/node_modules/@vscode/windows-registry/build/config.gypi
code-server-4.91.1-linux-amd64/lib/vscode/node_modules/@vscode/deviceid/
code-server-4.91.1-linux-amd64/lib/vscode/node_modules/@vscode/deviceid/azure-pipelines/
code-server-4.91.1-linux-amd64/lib/vscode/node_modules/@vscode/deviceid/azure-pipelines/azure-pipeline.yml
code-server-4.91.1-linux-amd64/lib/vscode/node_modules/@vscode/deviceid/SECURITY.md
code-server-4.91.1-linux-amd64/lib/vscode/node_modules/@vscode/deviceid/owners.txt
code-server-4.91.1-linux-amd64/lib/vscode/node_modules/@vscode/deviceid/CONTRIBUTING.md
code-server-4.91.1-linux-amd64/lib/vscode/node_modules/@vscode/deviceid/binding.gyp
code-server-4.91.1-linux-amd64/lib/vscode/node_modules/@vscode/deviceid/README.md
code-server-4.91.1-linux-amd64/lib/vscode/node_modules/@vscode/deviceid/dist/
code-server-4.91.1-linux-amd64/lib/vscode/node_modules/@vscode/deviceid/dist/devdeviceid.d.ts
code-server-4.91.1-linux-amd64/lib/vscode/node_modules/@vscode/deviceid/dist/storage.js
code-server-4.91.1-linux-amd64/lib/vscode/node_modules/@vscode/deviceid/dist/index.js
code-server-4.91.1-linux-amd64/lib/vscode/node_modules/@vscode/deviceid/dist/index.d.ts
code-server-4.91.1-linux-amd64/lib/vscode/node_modules/@vscode/deviceid/dist/storage.d.ts
code-server-4.91.1-linux-amd64/lib/vscode/node_modules/@vscode/deviceid/dist/devdeviceid.js
code-server-4.91.1-linux-amd64/lib/vscode/node_modules/@vscode/deviceid/package.json
code-server-4.91.1-linux-amd64/lib/vscode/node_modules/@vscode/deviceid/nuget.config
code-server-4.91.1-linux-amd64/lib/vscode/node_modules/@vscode/deviceid/SUPPORT.md
code-server-4.91.1-linux-amd64/lib/vscode/node_modules/@vscode/deviceid/src/
code-server-4.91.1-linux-amd64/lib/vscode/node_modules/@vscode/deviceid/src/windows.cc
code-server-4.91.1-linux-amd64/lib/vscode/node_modules/@vscode/deviceid/build/
code-server-4.91.1-linux-amd64/lib/vscode/node_modules/@vscode/deviceid/build/binding.Makefile
code-server-4.91.1-linux-amd64/lib/vscode/node_modules/@vscode/deviceid/build/windows.target.mk
code-server-4.91.1-linux-amd64/lib/vscode/node_modules/@vscode/deviceid/build/Release/
code-server-4.91.1-linux-amd64/lib/vscode/node_modules/@vscode/deviceid/build/Release/.deps/
code-server-4.91.1-linux-amd64/lib/vscode/node_modules/@vscode/deviceid/build/Release/.deps/Release/
code-server-4.91.1-linux-amd64/lib/vscode/node_modules/@vscode/deviceid/build/Release/.deps/Release/obj.target/
code-server-4.91.1-linux-amd64/lib/vscode/node_modules/@vscode/deviceid/build/Release/.deps/Release/obj.target/windows.node.d
code-server-4.91.1-linux-amd64/lib/vscode/node_modules/@vscode/deviceid/build/Release/.deps/Release/windows.node.d
code-server-4.91.1-linux-amd64/lib/vscode/node_modules/@vscode/deviceid/build/Release/windows.node
code-server-4.91.1-linux-amd64/lib/vscode/node_modules/@vscode/deviceid/build/Release/obj.target/
code-server-4.91.1-linux-amd64/lib/vscode/node_modules/@vscode/deviceid/build/Release/obj.target/windows.node
code-server-4.91.1-linux-amd64/lib/vscode/node_modules/@vscode/deviceid/build/Makefile
code-server-4.91.1-linux-amd64/lib/vscode/node_modules/@vscode/deviceid/build/config.gypi
code-server-4.91.1-linux-amd64/lib/vscode/node_modules/@vscode/deviceid/LICENSE.txt
code-server-4.91.1-linux-amd64/lib/vscode/node_modules/@vscode/deviceid/CODE_OF_CONDUCT.md
code-server-4.91.1-linux-amd64/lib/vscode/node_modules/@vscode/deviceid/.config/
code-server-4.91.1-linux-amd64/lib/vscode/node_modules/@vscode/deviceid/.config/TSAOptions.json
code-server-4.91.1-linux-amd64/lib/vscode/node_modules/@vscode/windows-process-tree/
code-server-4.91.1-linux-amd64/lib/vscode/node_modules/@vscode/windows-process-tree/SECURITY.md
code-server-4.91.1-linux-amd64/lib/vscode/node_modules/@vscode/windows-process-tree/lib/
code-server-4.91.1-linux-amd64/lib/vscode/node_modules/@vscode/windows-process-tree/lib/index.js.map
code-server-4.91.1-linux-amd64/lib/vscode/node_modules/@vscode/windows-process-tree/lib/index.js
code-server-4.91.1-linux-amd64/lib/vscode/node_modules/@vscode/windows-process-tree/lib/promises.js
code-server-4.91.1-linux-amd64/lib/vscode/node_modules/@vscode/windows-process-tree/lib/index.ts
code-server-4.91.1-linux-amd64/lib/vscode/node_modules/@vscode/windows-process-tree/lib/promises.js.map
code-server-4.91.1-linux-amd64/lib/vscode/node_modules/@vscode/windows-process-tree/lib/promises.ts
code-server-4.91.1-linux-amd64/lib/vscode/node_modules/@vscode/windows-process-tree/tsconfig.json
code-server-4.91.1-linux-amd64/lib/vscode/node_modules/@vscode/windows-process-tree/binding.gyp
code-server-4.91.1-linux-amd64/lib/vscode/node_modules/@vscode/windows-process-tree/README.md
code-server-4.91.1-linux-amd64/lib/vscode/node_modules/@vscode/windows-process-tree/LICENSE
code-server-4.91.1-linux-amd64/lib/vscode/node_modules/@vscode/windows-process-tree/typings/
code-server-4.91.1-linux-amd64/lib/vscode/node_modules/@vscode/windows-process-tree/typings/windows-process-tree/
code-server-4.91.1-linux-amd64/lib/vscode/node_modules/@vscode/windows-process-tree/typings/windows-process-tree/promises.d.ts
code-server-4.91.1-linux-amd64/lib/vscode/node_modules/@vscode/windows-process-tree/typings/windows-process-tree.d.ts
code-server-4.91.1-linux-amd64/lib/vscode/node_modules/@vscode/windows-process-tree/package.json
code-server-4.91.1-linux-amd64/lib/vscode/node_modules/@vscode/windows-process-tree/src/
code-server-4.91.1-linux-amd64/lib/vscode/node_modules/@vscode/windows-process-tree/src/process_worker.h
code-server-4.91.1-linux-amd64/lib/vscode/node_modules/@vscode/windows-process-tree/src/process_worker.cc
code-server-4.91.1-linux-amd64/lib/vscode/node_modules/@vscode/windows-process-tree/src/process_commandline.cc
code-server-4.91.1-linux-amd64/lib/vscode/node_modules/@vscode/windows-process-tree/src/addon.cc
code-server-4.91.1-linux-amd64/lib/vscode/node_modules/@vscode/windows-process-tree/src/cpu_worker.h
code-server-4.91.1-linux-amd64/lib/vscode/node_modules/@vscode/windows-process-tree/src/process.h
code-server-4.91.1-linux-amd64/lib/vscode/node_modules/@vscode/windows-process-tree/src/process_commandline.h
code-server-4.91.1-linux-amd64/lib/vscode/node_modules/@vscode/windows-process-tree/src/process.cc
code-server-4.91.1-linux-amd64/lib/vscode/node_modules/@vscode/windows-process-tree/src/cpu_worker.cc
code-server-4.91.1-linux-amd64/lib/vscode/node_modules/@vscode/windows-process-tree/build/
code-server-4.91.1-linux-amd64/lib/vscode/node_modules/@vscode/windows-process-tree/build/binding.Makefile
code-server-4.91.1-linux-amd64/lib/vscode/node_modules/@vscode/windows-process-tree/build/Release/
code-server-4.91.1-linux-amd64/lib/vscode/node_modules/@vscode/windows-process-tree/build/Release/.deps/
code-server-4.91.1-linux-amd64/lib/vscode/node_modules/@vscode/windows-process-tree/build/Release/.deps/Release/
code-server-4.91.1-linux-amd64/lib/vscode/node_modules/@vscode/windows-process-tree/build/Release/.deps/Release/obj.target/
code-server-4.91.1-linux-amd64/lib/vscode/node_modules/@vscode/windows-process-tree/build/Release/.deps/Release/obj.target/windows_process_tree.node.d
code-server-4.91.1-linux-amd64/lib/vscode/node_modules/@vscode/windows-process-tree/build/Release/.deps/Release/windows_process_tree.node.d
code-server-4.91.1-linux-amd64/lib/vscode/node_modules/@vscode/windows-process-tree/build/Release/.deps/node-addon-api/
code-server-4.91.1-linux-amd64/lib/vscode/node_modules/@vscode/windows-process-tree/build/Release/.deps/node-addon-api/node_addon_api_except.stamp.d
code-server-4.91.1-linux-amd64/lib/vscode/node_modules/@vscode/windows-process-tree/build/Release/obj.target/
code-server-4.91.1-linux-amd64/lib/vscode/node_modules/@vscode/windows-process-tree/build/Release/obj.target/windows_process_tree.node
code-server-4.91.1-linux-amd64/lib/vscode/node_modules/@vscode/windows-process-tree/build/Release/windows_process_tree.node
code-server-4.91.1-linux-amd64/lib/vscode/node_modules/@vscode/windows-process-tree/build/windows_process_tree.target.mk
code-server-4.91.1-linux-amd64/lib/vscode/node_modules/@vscode/windows-process-tree/build/Makefile
code-server-4.91.1-linux-amd64/lib/vscode/node_modules/@vscode/windows-process-tree/build/node-addon-api/
code-server-4.91.1-linux-amd64/lib/vscode/node_modules/@vscode/windows-process-tree/build/node-addon-api/node_addon_api_except.stamp
code-server-4.91.1-linux-amd64/lib/vscode/node_modules/@vscode/windows-process-tree/build/config.gypi
code-server-4.91.1-linux-amd64/lib/vscode/node_modules/@vscode/windows-process-tree/tslint.json
code-server-4.91.1-linux-amd64/lib/vscode/node_modules/@vscode/spdlog/
code-server-4.91.1-linux-amd64/lib/vscode/node_modules/@vscode/spdlog/deps/
code-server-4.91.1-linux-amd64/lib/vscode/node_modules/@vscode/spdlog/deps/spdlog/
code-server-4.91.1-linux-amd64/lib/vscode/node_modules/@vscode/spdlog/deps/spdlog/.gitattributes
code-server-4.91.1-linux-amd64/lib/vscode/node_modules/@vscode/spdlog/deps/spdlog/scripts/
code-server-4.91.1-linux-amd64/lib/vscode/node_modules/@vscode/spdlog/deps/spdlog/scripts/ci_setup_clang.sh
code-server-4.91.1-linux-amd64/lib/vscode/node_modules/@vscode/spdlog/deps/spdlog/scripts/extract_version.py
code-server-4.91.1-linux-amd64/lib/vscode/node_modules/@vscode/spdlog/deps/spdlog/scripts/format.sh
code-server-4.91.1-linux-amd64/lib/vscode/node_modules/@vscode/spdlog/deps/spdlog/.clang-tidy
code-server-4.91.1-linux-amd64/lib/vscode/node_modules/@vscode/spdlog/deps/spdlog/appveyor.yml
code-server-4.91.1-linux-amd64/lib/vscode/node_modules/@vscode/spdlog/deps/spdlog/logos/
code-server-4.91.1-linux-amd64/lib/vscode/node_modules/@vscode/spdlog/deps/spdlog/logos/jetbrains-variant-4.svg
code-server-4.91.1-linux-amd64/lib/vscode/node_modules/@vscode/spdlog/deps/spdlog/bench/
code-server-4.91.1-linux-amd64/lib/vscode/node_modules/@vscode/spdlog/deps/spdlog/bench/bench.cpp
code-server-4.91.1-linux-amd64/lib/vscode/node_modules/@vscode/spdlog/deps/spdlog/bench/latency.cpp
code-server-4.91.1-linux-amd64/lib/vscode/node_modules/@vscode/spdlog/deps/spdlog/bench/CMakeLists.txt
code-server-4.91.1-linux-amd64/lib/vscode/node_modules/@vscode/spdlog/deps/spdlog/bench/utils.h
code-server-4.91.1-linux-amd64/lib/vscode/node_modules/@vscode/spdlog/deps/spdlog/bench/async_bench.cpp
code-server-4.91.1-linux-amd64/lib/vscode/node_modules/@vscode/spdlog/deps/spdlog/bench/formatter-bench.cpp
code-server-4.91.1-linux-amd64/lib/vscode/node_modules/@vscode/spdlog/deps/spdlog/README.md
code-server-4.91.1-linux-amd64/lib/vscode/node_modules/@vscode/spdlog/deps/spdlog/LICENSE
code-server-4.91.1-linux-amd64/lib/vscode/node_modules/@vscode/spdlog/deps/spdlog/cmake/
code-server-4.91.1-linux-amd64/lib/vscode/node_modules/@vscode/spdlog/deps/spdlog/cmake/version.rc.in
code-server-4.91.1-linux-amd64/lib/vscode/node_modules/@vscode/spdlog/deps/spdlog/cmake/ide.cmake
code-server-4.91.1-linux-amd64/lib/vscode/node_modules/@vscode/spdlog/deps/spdlog/cmake/pch.h.in
code-server-4.91.1-linux-amd64/lib/vscode/node_modules/@vscode/spdlog/deps/spdlog/cmake/spdlogConfig.cmake.in
code-server-4.91.1-linux-amd64/lib/vscode/node_modules/@vscode/spdlog/deps/spdlog/cmake/spdlog.pc.in
code-server-4.91.1-linux-amd64/lib/vscode/node_modules/@vscode/spdlog/deps/spdlog/cmake/utils.cmake
code-server-4.91.1-linux-amd64/lib/vscode/node_modules/@vscode/spdlog/deps/spdlog/cmake/spdlogCPack.cmake
code-server-4.91.1-linux-amd64/lib/vscode/node_modules/@vscode/spdlog/deps/spdlog/CMakeLists.txt
code-server-4.91.1-linux-amd64/lib/vscode/node_modules/@vscode/spdlog/deps/spdlog/tests/
code-server-4.91.1-linux-amd64/lib/vscode/node_modules/@vscode/spdlog/deps/spdlog/tests/test_macros.cpp
code-server-4.91.1-linux-amd64/lib/vscode/node_modules/@vscode/spdlog/deps/spdlog/tests/test_mpmc_q.cpp
code-server-4.91.1-linux-amd64/lib/vscode/node_modules/@vscode/spdlog/deps/spdlog/tests/test_bin_to_hex.cpp
code-server-4.91.1-linux-amd64/lib/vscode/node_modules/@vscode/spdlog/deps/spdlog/tests/test_file_logging.cpp
code-server-4.91.1-linux-amd64/lib/vscode/node_modules/@vscode/spdlog/deps/spdlog/tests/test_backtrace.cpp
code-server-4.91.1-linux-amd64/lib/vscode/node_modules/@vscode/spdlog/deps/spdlog/tests/test_create_dir.cpp
code-server-4.91.1-linux-amd64/lib/vscode/node_modules/@vscode/spdlog/deps/spdlog/tests/test_systemd.cpp
code-server-4.91.1-linux-amd64/lib/vscode/node_modules/@vscode/spdlog/deps/spdlog/tests/test_cfg.cpp
code-server-4.91.1-linux-amd64/lib/vscode/node_modules/@vscode/spdlog/deps/spdlog/tests/main.cpp
code-server-4.91.1-linux-amd64/lib/vscode/node_modules/@vscode/spdlog/deps/spdlog/tests/test_file_helper.cpp
code-server-4.91.1-linux-amd64/lib/vscode/node_modules/@vscode/spdlog/deps/spdlog/tests/includes.h
code-server-4.91.1-linux-amd64/lib/vscode/node_modules/@vscode/spdlog/deps/spdlog/tests/CMakeLists.txt
code-server-4.91.1-linux-amd64/lib/vscode/node_modules/@vscode/spdlog/deps/spdlog/tests/test_async.cpp
code-server-4.91.1-linux-amd64/lib/vscode/node_modules/@vscode/spdlog/deps/spdlog/tests/test_time_point.cpp
code-server-4.91.1-linux-amd64/lib/vscode/node_modules/@vscode/spdlog/deps/spdlog/tests/test_errors.cpp
code-server-4.91.1-linux-amd64/lib/vscode/node_modules/@vscode/spdlog/deps/spdlog/tests/utils.h
code-server-4.91.1-linux-amd64/lib/vscode/node_modules/@vscode/spdlog/deps/spdlog/tests/test_stdout_api.cpp
code-server-4.91.1-linux-amd64/lib/vscode/node_modules/@vscode/spdlog/deps/spdlog/tests/test_custom_callbacks.cpp
code-server-4.91.1-linux-amd64/lib/vscode/node_modules/@vscode/spdlog/deps/spdlog/tests/test_dup_filter.cpp
code-server-4.91.1-linux-amd64/lib/vscode/node_modules/@vscode/spdlog/deps/spdlog/tests/test_registry.cpp
code-server-4.91.1-linux-amd64/lib/vscode/node_modules/@vscode/spdlog/deps/spdlog/tests/test_pattern_formatter.cpp
code-server-4.91.1-linux-amd64/lib/vscode/node_modules/@vscode/spdlog/deps/spdlog/tests/test_stopwatch.cpp
code-server-4.91.1-linux-amd64/lib/vscode/node_modules/@vscode/spdlog/deps/spdlog/tests/test_eventlog.cpp
code-server-4.91.1-linux-amd64/lib/vscode/node_modules/@vscode/spdlog/deps/spdlog/tests/test_fmt_helper.cpp
code-server-4.91.1-linux-amd64/lib/vscode/node_modules/@vscode/spdlog/deps/spdlog/tests/utils.cpp
code-server-4.91.1-linux-amd64/lib/vscode/node_modules/@vscode/spdlog/deps/spdlog/tests/test_misc.cpp
code-server-4.91.1-linux-amd64/lib/vscode/node_modules/@vscode/spdlog/deps/spdlog/tests/test_daily_logger.cpp
code-server-4.91.1-linux-amd64/lib/vscode/node_modules/@vscode/spdlog/deps/spdlog/tests/test_sink.h
code-server-4.91.1-linux-amd64/lib/vscode/node_modules/@vscode/spdlog/deps/spdlog/.github/
code-server-4.91.1-linux-amd64/lib/vscode/node_modules/@vscode/spdlog/deps/spdlog/.github/workflows/
code-server-4.91.1-linux-amd64/lib/vscode/node_modules/@vscode/spdlog/deps/spdlog/.github/workflows/ci.yml
code-server-4.91.1-linux-amd64/lib/vscode/node_modules/@vscode/spdlog/deps/spdlog/include/
code-server-4.91.1-linux-amd64/lib/vscode/node_modules/@vscode/spdlog/deps/spdlog/include/spdlog/
code-server-4.91.1-linux-amd64/lib/vscode/node_modules/@vscode/spdlog/deps/spdlog/include/spdlog/async_logger-inl.h
code-server-4.91.1-linux-amd64/lib/vscode/node_modules/@vscode/spdlog/deps/spdlog/include/spdlog/logger-inl.h
code-server-4.91.1-linux-amd64/lib/vscode/node_modules/@vscode/spdlog/deps/spdlog/include/spdlog/version.h
code-server-4.91.1-linux-amd64/lib/vscode/node_modules/@vscode/spdlog/deps/spdlog/include/spdlog/cfg/
code-server-4.91.1-linux-amd64/lib/vscode/node_modules/@vscode/spdlog/deps/spdlog/include/spdlog/cfg/argv.h
code-server-4.91.1-linux-amd64/lib/vscode/node_modules/@vscode/spdlog/deps/spdlog/include/spdlog/cfg/helpers.h
code-server-4.91.1-linux-amd64/lib/vscode/node_modules/@vscode/spdlog/deps/spdlog/include/spdlog/cfg/helpers-inl.h
code-server-4.91.1-linux-amd64/lib/vscode/node_modules/@vscode/spdlog/deps/spdlog/include/spdlog/cfg/env.h
code-server-4.91.1-linux-amd64/lib/vscode/node_modules/@vscode/spdlog/deps/spdlog/include/spdlog/fwd.h
code-server-4.91.1-linux-amd64/lib/vscode/node_modules/@vscode/spdlog/deps/spdlog/include/spdlog/pattern_formatter-inl.h
code-server-4.91.1-linux-amd64/lib/vscode/node_modules/@vscode/spdlog/deps/spdlog/include/spdlog/common-inl.h
code-server-4.91.1-linux-amd64/lib/vscode/node_modules/@vscode/spdlog/deps/spdlog/include/spdlog/details/
code-server-4.91.1-linux-amd64/lib/vscode/node_modules/@vscode/spdlog/deps/spdlog/include/spdlog/details/udp_client.h
code-server-4.91.1-linux-amd64/lib/vscode/node_modules/@vscode/spdlog/deps/spdlog/include/spdlog/details/thread_pool-inl.h
code-server-4.91.1-linux-amd64/lib/vscode/node_modules/@vscode/spdlog/deps/spdlog/include/spdlog/details/os.h
code-server-4.91.1-linux-amd64/lib/vscode/node_modules/@vscode/spdlog/deps/spdlog/include/spdlog/details/console_globals.h
code-server-4.91.1-linux-amd64/lib/vscode/node_modules/@vscode/spdlog/deps/spdlog/include/spdlog/details/file_helper.h
code-server-4.91.1-linux-amd64/lib/vscode/node_modules/@vscode/spdlog/deps/spdlog/include/spdlog/details/circular_q.h
code-server-4.91.1-linux-amd64/lib/vscode/node_modules/@vscode/spdlog/deps/spdlog/include/spdlog/details/periodic_worker.h
code-server-4.91.1-linux-amd64/lib/vscode/node_modules/@vscode/spdlog/deps/spdlog/include/spdlog/details/backtracer.h
code-server-4.91.1-linux-amd64/lib/vscode/node_modules/@vscode/spdlog/deps/spdlog/include/spdlog/details/tcp_client-windows.h
code-server-4.91.1-linux-amd64/lib/vscode/node_modules/@vscode/spdlog/deps/spdlog/include/spdlog/details/mpmc_blocking_q.h
code-server-4.91.1-linux-amd64/lib/vscode/node_modules/@vscode/spdlog/deps/spdlog/include/spdlog/details/os-inl.h
code-server-4.91.1-linux-amd64/lib/vscode/node_modules/@vscode/spdlog/deps/spdlog/include/spdlog/details/fmt_helper.h
code-server-4.91.1-linux-amd64/lib/vscode/node_modules/@vscode/spdlog/deps/spdlog/include/spdlog/details/null_mutex.h
code-server-4.91.1-linux-amd64/lib/vscode/node_modules/@vscode/spdlog/deps/spdlog/include/spdlog/details/backtracer-inl.h
code-server-4.91.1-linux-amd64/lib/vscode/node_modules/@vscode/spdlog/deps/spdlog/include/spdlog/details/log_msg-inl.h
code-server-4.91.1-linux-amd64/lib/vscode/node_modules/@vscode/spdlog/deps/spdlog/include/spdlog/details/thread_pool.h
code-server-4.91.1-linux-amd64/lib/vscode/node_modules/@vscode/spdlog/deps/spdlog/include/spdlog/details/log_msg.h
code-server-4.91.1-linux-amd64/lib/vscode/node_modules/@vscode/spdlog/deps/spdlog/include/spdlog/details/udp_client-windows.h
code-server-4.91.1-linux-amd64/lib/vscode/node_modules/@vscode/spdlog/deps/spdlog/include/spdlog/details/file_helper-inl.h
code-server-4.91.1-linux-amd64/lib/vscode/node_modules/@vscode/spdlog/deps/spdlog/include/spdlog/details/registry.h
code-server-4.91.1-linux-amd64/lib/vscode/node_modules/@vscode/spdlog/deps/spdlog/include/spdlog/details/windows_include.h
code-server-4.91.1-linux-amd64/lib/vscode/node_modules/@vscode/spdlog/deps/spdlog/include/spdlog/details/tcp_client.h
code-server-4.91.1-linux-amd64/lib/vscode/node_modules/@vscode/spdlog/deps/spdlog/include/spdlog/details/registry-inl.h
code-server-4.91.1-linux-amd64/lib/vscode/node_modules/@vscode/spdlog/deps/spdlog/include/spdlog/details/log_msg_buffer.h
code-server-4.91.1-linux-amd64/lib/vscode/node_modules/@vscode/spdlog/deps/spdlog/include/spdlog/details/periodic_worker-inl.h
code-server-4.91.1-linux-amd64/lib/vscode/node_modules/@vscode/spdlog/deps/spdlog/include/spdlog/details/log_msg_buffer-inl.h
code-server-4.91.1-linux-amd64/lib/vscode/node_modules/@vscode/spdlog/deps/spdlog/include/spdlog/details/synchronous_factory.h
code-server-4.91.1-linux-amd64/lib/vscode/node_modules/@vscode/spdlog/deps/spdlog/include/spdlog/stopwatch.h
code-server-4.91.1-linux-amd64/lib/vscode/node_modules/@vscode/spdlog/deps/spdlog/include/spdlog/common.h
code-server-4.91.1-linux-amd64/lib/vscode/node_modules/@vscode/spdlog/deps/spdlog/include/spdlog/pattern_formatter.h
code-server-4.91.1-linux-amd64/lib/vscode/node_modules/@vscode/spdlog/deps/spdlog/include/spdlog/async.h
code-server-4.91.1-linux-amd64/lib/vscode/node_modules/@vscode/spdlog/deps/spdlog/include/spdlog/sinks/
code-server-4.91.1-linux-amd64/lib/vscode/node_modules/@vscode/spdlog/deps/spdlog/include/spdlog/sinks/stdout_color_sinks-inl.h
code-server-4.91.1-linux-amd64/lib/vscode/node_modules/@vscode/spdlog/deps/spdlog/include/spdlog/sinks/msvc_sink.h
code-server-4.91.1-linux-amd64/lib/vscode/node_modules/@vscode/spdlog/deps/spdlog/include/spdlog/sinks/sink-inl.h
code-server-4.91.1-linux-amd64/lib/vscode/node_modules/@vscode/spdlog/deps/spdlog/include/spdlog/sinks/kafka_sink.h
code-server-4.91.1-linux-amd64/lib/vscode/node_modules/@vscode/spdlog/deps/spdlog/include/spdlog/sinks/sink.h
code-server-4.91.1-linux-amd64/lib/vscode/node_modules/@vscode/spdlog/deps/spdlog/include/spdlog/sinks/syslog_sink.h
code-server-4.91.1-linux-amd64/lib/vscode/node_modules/@vscode/spdlog/deps/spdlog/include/spdlog/sinks/android_sink.h
code-server-4.91.1-linux-amd64/lib/vscode/node_modules/@vscode/spdlog/deps/spdlog/include/spdlog/sinks/base_sink-inl.h
code-server-4.91.1-linux-amd64/lib/vscode/node_modules/@vscode/spdlog/deps/spdlog/include/spdlog/sinks/systemd_sink.h
code-server-4.91.1-linux-amd64/lib/vscode/node_modules/@vscode/spdlog/deps/spdlog/include/spdlog/sinks/ansicolor_sink-inl.h
code-server-4.91.1-linux-amd64/lib/vscode/node_modules/@vscode/spdlog/deps/spdlog/include/spdlog/sinks/ringbuffer_sink.h
code-server-4.91.1-linux-amd64/lib/vscode/node_modules/@vscode/spdlog/deps/spdlog/include/spdlog/sinks/rotating_file_sink-inl.h
code-server-4.91.1-linux-amd64/lib/vscode/node_modules/@vscode/spdlog/deps/spdlog/include/spdlog/sinks/base_sink.h
code-server-4.91.1-linux-amd64/lib/vscode/node_modules/@vscode/spdlog/deps/spdlog/include/spdlog/sinks/wincolor_sink.h
code-server-4.91.1-linux-amd64/lib/vscode/node_modules/@vscode/spdlog/deps/spdlog/include/spdlog/sinks/stdout_sinks.h
code-server-4.91.1-linux-amd64/lib/vscode/node_modules/@vscode/spdlog/deps/spdlog/include/spdlog/sinks/hourly_file_sink.h
code-server-4.91.1-linux-amd64/lib/vscode/node_modules/@vscode/spdlog/deps/spdlog/include/spdlog/sinks/stdout_sinks-inl.h
code-server-4.91.1-linux-amd64/lib/vscode/node_modules/@vscode/spdlog/deps/spdlog/include/spdlog/sinks/wincolor_sink-inl.h
code-server-4.91.1-linux-amd64/lib/vscode/node_modules/@vscode/spdlog/deps/spdlog/include/spdlog/sinks/callback_sink.h
code-server-4.91.1-linux-amd64/lib/vscode/node_modules/@vscode/spdlog/deps/spdlog/include/spdlog/sinks/dist_sink.h
code-server-4.91.1-linux-amd64/lib/vscode/node_modules/@vscode/spdlog/deps/spdlog/include/spdlog/sinks/mongo_sink.h
code-server-4.91.1-linux-amd64/lib/vscode/node_modules/@vscode/spdlog/deps/spdlog/include/spdlog/sinks/null_sink.h
code-server-4.91.1-linux-amd64/lib/vscode/node_modules/@vscode/spdlog/deps/spdlog/include/spdlog/sinks/stdout_color_sinks.h
code-server-4.91.1-linux-amd64/lib/vscode/node_modules/@vscode/spdlog/deps/spdlog/include/spdlog/sinks/rotating_file_sink.h
code-server-4.91.1-linux-amd64/lib/vscode/node_modules/@vscode/spdlog/deps/spdlog/include/spdlog/sinks/ostream_sink.h
code-server-4.91.1-linux-amd64/lib/vscode/node_modules/@vscode/spdlog/deps/spdlog/include/spdlog/sinks/daily_file_sink.h
code-server-4.91.1-linux-amd64/lib/vscode/node_modules/@vscode/spdlog/deps/spdlog/include/spdlog/sinks/dup_filter_sink.h
code-server-4.91.1-linux-amd64/lib/vscode/node_modules/@vscode/spdlog/deps/spdlog/include/spdlog/sinks/qt_sinks.h
code-server-4.91.1-linux-amd64/lib/vscode/node_modules/@vscode/spdlog/deps/spdlog/include/spdlog/sinks/udp_sink.h
code-server-4.91.1-linux-amd64/lib/vscode/node_modules/@vscode/spdlog/deps/spdlog/include/spdlog/sinks/win_eventlog_sink.h
code-server-4.91.1-linux-amd64/lib/vscode/node_modules/@vscode/spdlog/deps/spdlog/include/spdlog/sinks/tcp_sink.h
code-server-4.91.1-linux-amd64/lib/vscode/node_modules/@vscode/spdlog/deps/spdlog/include/spdlog/sinks/basic_file_sink-inl.h
code-server-4.91.1-linux-amd64/lib/vscode/node_modules/@vscode/spdlog/deps/spdlog/include/spdlog/sinks/basic_file_sink.h
code-server-4.91.1-linux-amd64/lib/vscode/node_modules/@vscode/spdlog/deps/spdlog/include/spdlog/sinks/ansicolor_sink.h
code-server-4.91.1-linux-amd64/lib/vscode/node_modules/@vscode/spdlog/deps/spdlog/include/spdlog/logger.h
code-server-4.91.1-linux-amd64/lib/vscode/node_modules/@vscode/spdlog/deps/spdlog/include/spdlog/fmt/
code-server-4.91.1-linux-amd64/lib/vscode/node_modules/@vscode/spdlog/deps/spdlog/include/spdlog/fmt/std.h
code-server-4.91.1-linux-amd64/lib/vscode/node_modules/@vscode/spdlog/deps/spdlog/include/spdlog/fmt/bin_to_hex.h
code-server-4.91.1-linux-amd64/lib/vscode/node_modules/@vscode/spdlog/deps/spdlog/include/spdlog/fmt/compile.h
code-server-4.91.1-linux-amd64/lib/vscode/node_modules/@vscode/spdlog/deps/spdlog/include/spdlog/fmt/ostr.h
code-server-4.91.1-linux-amd64/lib/vscode/node_modules/@vscode/spdlog/deps/spdlog/include/spdlog/fmt/bundled/
code-server-4.91.1-linux-amd64/lib/vscode/node_modules/@vscode/spdlog/deps/spdlog/include/spdlog/fmt/bundled/os.h
code-server-4.91.1-linux-amd64/lib/vscode/node_modules/@vscode/spdlog/deps/spdlog/include/spdlog/fmt/bundled/fmt.license.rst
code-server-4.91.1-linux-amd64/lib/vscode/node_modules/@vscode/spdlog/deps/spdlog/include/spdlog/fmt/bundled/std.h
code-server-4.91.1-linux-amd64/lib/vscode/node_modules/@vscode/spdlog/deps/spdlog/include/spdlog/fmt/bundled/compile.h
code-server-4.91.1-linux-amd64/lib/vscode/node_modules/@vscode/spdlog/deps/spdlog/include/spdlog/fmt/bundled/printf.h
code-server-4.91.1-linux-amd64/lib/vscode/node_modules/@vscode/spdlog/deps/spdlog/include/spdlog/fmt/bundled/args.h
code-server-4.91.1-linux-amd64/lib/vscode/node_modules/@vscode/spdlog/deps/spdlog/include/spdlog/fmt/bundled/format-inl.h
code-server-4.91.1-linux-amd64/lib/vscode/node_modules/@vscode/spdlog/deps/spdlog/include/spdlog/fmt/bundled/format.h
code-server-4.91.1-linux-amd64/lib/vscode/node_modules/@vscode/spdlog/deps/spdlog/include/spdlog/fmt/bundled/chrono.h
code-server-4.91.1-linux-amd64/lib/vscode/node_modules/@vscode/spdlog/deps/spdlog/include/spdlog/fmt/bundled/color.h
code-server-4.91.1-linux-amd64/lib/vscode/node_modules/@vscode/spdlog/deps/spdlog/include/spdlog/fmt/bundled/locale.h
code-server-4.91.1-linux-amd64/lib/vscode/node_modules/@vscode/spdlog/deps/spdlog/include/spdlog/fmt/bundled/ranges.h
code-server-4.91.1-linux-amd64/lib/vscode/node_modules/@vscode/spdlog/deps/spdlog/include/spdlog/fmt/bundled/xchar.h
code-server-4.91.1-linux-amd64/lib/vscode/node_modules/@vscode/spdlog/deps/spdlog/include/spdlog/fmt/bundled/ostream.h
code-server-4.91.1-linux-amd64/lib/vscode/node_modules/@vscode/spdlog/deps/spdlog/include/spdlog/fmt/bundled/core.h
code-server-4.91.1-linux-amd64/lib/vscode/node_modules/@vscode/spdlog/deps/spdlog/include/spdlog/fmt/fmt.h
code-server-4.91.1-linux-amd64/lib/vscode/node_modules/@vscode/spdlog/deps/spdlog/include/spdlog/fmt/chrono.h
code-server-4.91.1-linux-amd64/lib/vscode/node_modules/@vscode/spdlog/deps/spdlog/include/spdlog/fmt/ranges.h
code-server-4.91.1-linux-amd64/lib/vscode/node_modules/@vscode/spdlog/deps/spdlog/include/spdlog/fmt/xchar.h
code-server-4.91.1-linux-amd64/lib/vscode/node_modules/@vscode/spdlog/deps/spdlog/include/spdlog/spdlog.h
code-server-4.91.1-linux-amd64/lib/vscode/node_modules/@vscode/spdlog/deps/spdlog/include/spdlog/spdlog-inl.h
code-server-4.91.1-linux-amd64/lib/vscode/node_modules/@vscode/spdlog/deps/spdlog/include/spdlog/tweakme.h
code-server-4.91.1-linux-amd64/lib/vscode/node_modules/@vscode/spdlog/deps/spdlog/include/spdlog/async_logger.h
code-server-4.91.1-linux-amd64/lib/vscode/node_modules/@vscode/spdlog/deps/spdlog/include/spdlog/formatter.h
code-server-4.91.1-linux-amd64/lib/vscode/node_modules/@vscode/spdlog/deps/spdlog/example/
code-server-4.91.1-linux-amd64/lib/vscode/node_modules/@vscode/spdlog/deps/spdlog/example/CMakeLists.txt
code-server-4.91.1-linux-amd64/lib/vscode/node_modules/@vscode/spdlog/deps/spdlog/example/example.cpp
code-server-4.91.1-linux-amd64/lib/vscode/node_modules/@vscode/spdlog/deps/spdlog/src/
code-server-4.91.1-linux-amd64/lib/vscode/node_modules/@vscode/spdlog/deps/spdlog/src/bundled_fmtlib_format.cpp
code-server-4.91.1-linux-amd64/lib/vscode/node_modules/@vscode/spdlog/deps/spdlog/src/color_sinks.cpp
code-server-4.91.1-linux-amd64/lib/vscode/node_modules/@vscode/spdlog/deps/spdlog/src/spdlog.cpp
code-server-4.91.1-linux-amd64/lib/vscode/node_modules/@vscode/spdlog/deps/spdlog/src/file_sinks.cpp
code-server-4.91.1-linux-amd64/lib/vscode/node_modules/@vscode/spdlog/deps/spdlog/src/cfg.cpp
code-server-4.91.1-linux-amd64/lib/vscode/node_modules/@vscode/spdlog/deps/spdlog/src/async.cpp
code-server-4.91.1-linux-amd64/lib/vscode/node_modules/@vscode/spdlog/deps/spdlog/src/stdout_sinks.cpp
code-server-4.91.1-linux-amd64/lib/vscode/node_modules/@vscode/spdlog/deps/spdlog/.clang-format
code-server-4.91.1-linux-amd64/lib/vscode/node_modules/@vscode/spdlog/deps/spdlog/INSTALL
code-server-4.91.1-linux-amd64/lib/vscode/node_modules/@vscode/spdlog/azure-pipelines/
code-server-4.91.1-linux-amd64/lib/vscode/node_modules/@vscode/spdlog/azure-pipelines/publish.yml
code-server-4.91.1-linux-amd64/lib/vscode/node_modules/@vscode/spdlog/azure-pipelines/ci.yml
code-server-4.91.1-linux-amd64/lib/vscode/node_modules/@vscode/spdlog/azure-pipelines/build.yml
code-server-4.91.1-linux-amd64/lib/vscode/node_modules/@vscode/spdlog/SECURITY.md
code-server-4.91.1-linux-amd64/lib/vscode/node_modules/@vscode/spdlog/.gitmodules
code-server-4.91.1-linux-amd64/lib/vscode/node_modules/@vscode/spdlog/test/
code-server-4.91.1-linux-amd64/lib/vscode/node_modules/@vscode/spdlog/test/api.test.js
code-server-4.91.1-linux-amd64/lib/vscode/node_modules/@vscode/spdlog/binding.gyp
code-server-4.91.1-linux-amd64/lib/vscode/node_modules/@vscode/spdlog/README.md
code-server-4.91.1-linux-amd64/lib/vscode/node_modules/@vscode/spdlog/LICENSE
code-server-4.91.1-linux-amd64/lib/vscode/node_modules/@vscode/spdlog/index.js
code-server-4.91.1-linux-amd64/lib/vscode/node_modules/@vscode/spdlog/package.json
code-server-4.91.1-linux-amd64/lib/vscode/node_modules/@vscode/spdlog/src/
code-server-4.91.1-linux-amd64/lib/vscode/node_modules/@vscode/spdlog/src/logger.cc
code-server-4.91.1-linux-amd64/lib/vscode/node_modules/@vscode/spdlog/src/logger.h
code-server-4.91.1-linux-amd64/lib/vscode/node_modules/@vscode/spdlog/src/main.cc
code-server-4.91.1-linux-amd64/lib/vscode/node_modules/@vscode/spdlog/.clang-format
code-server-4.91.1-linux-amd64/lib/vscode/node_modules/@vscode/spdlog/.vscode/
code-server-4.91.1-linux-amd64/lib/vscode/node_modules/@vscode/spdlog/.vscode/settings.json
code-server-4.91.1-linux-amd64/lib/vscode/node_modules/@vscode/spdlog/.vscode/c_cpp_properties.json
code-server-4.91.1-linux-amd64/lib/vscode/node_modules/@vscode/spdlog/build/
code-server-4.91.1-linux-amd64/lib/vscode/node_modules/@vscode/spdlog/build/binding.Makefile
code-server-4.91.1-linux-amd64/lib/vscode/node_modules/@vscode/spdlog/build/Release/
code-server-4.91.1-linux-amd64/lib/vscode/node_modules/@vscode/spdlog/build/Release/.deps/
code-server-4.91.1-linux-amd64/lib/vscode/node_modules/@vscode/spdlog/build/Release/.deps/Release/
code-server-4.91.1-linux-amd64/lib/vscode/node_modules/@vscode/spdlog/build/Release/.deps/Release/spdlog.node.d
code-server-4.91.1-linux-amd64/lib/vscode/node_modules/@vscode/spdlog/build/Release/.deps/Release/obj.target/
code-server-4.91.1-linux-amd64/lib/vscode/node_modules/@vscode/spdlog/build/Release/.deps/Release/obj.target/spdlog.node.d
code-server-4.91.1-linux-amd64/lib/vscode/node_modules/@vscode/spdlog/build/Release/.deps/Release/obj.target/spdlog/
code-server-4.91.1-linux-amd64/lib/vscode/node_modules/@vscode/spdlog/build/Release/.deps/Release/obj.target/spdlog/src/
code-server-4.91.1-linux-amd64/lib/vscode/node_modules/@vscode/spdlog/build/Release/.deps/Release/obj.target/spdlog/src/logger.o.d
code-server-4.91.1-linux-amd64/lib/vscode/node_modules/@vscode/spdlog/build/Release/.deps/Release/obj.target/spdlog/src/main.o.d
code-server-4.91.1-linux-amd64/lib/vscode/node_modules/@vscode/spdlog/build/Release/.deps/node-addon-api/
code-server-4.91.1-linux-amd64/lib/vscode/node_modules/@vscode/spdlog/build/Release/.deps/node-addon-api/node_addon_api_except.stamp.d
code-server-4.91.1-linux-amd64/lib/vscode/node_modules/@vscode/spdlog/build/Release/obj.target/
code-server-4.91.1-linux-amd64/lib/vscode/node_modules/@vscode/spdlog/build/Release/obj.target/spdlog/
code-server-4.91.1-linux-amd64/lib/vscode/node_modules/@vscode/spdlog/build/Release/obj.target/spdlog/src/
code-server-4.91.1-linux-amd64/lib/vscode/node_modules/@vscode/spdlog/build/Release/obj.target/spdlog/src/main.o
code-server-4.91.1-linux-amd64/lib/vscode/node_modules/@vscode/spdlog/build/Release/obj.target/spdlog/src/logger.o
code-server-4.91.1-linux-amd64/lib/vscode/node_modules/@vscode/spdlog/build/Release/obj.target/spdlog.node
code-server-4.91.1-linux-amd64/lib/vscode/node_modules/@vscode/spdlog/build/Release/spdlog.node
code-server-4.91.1-linux-amd64/lib/vscode/node_modules/@vscode/spdlog/build/Makefile
code-server-4.91.1-linux-amd64/lib/vscode/node_modules/@vscode/spdlog/build/node-addon-api/
code-server-4.91.1-linux-amd64/lib/vscode/node_modules/@vscode/spdlog/build/node-addon-api/node_addon_api_except.stamp
code-server-4.91.1-linux-amd64/lib/vscode/node_modules/@vscode/spdlog/build/spdlog.target.mk
code-server-4.91.1-linux-amd64/lib/vscode/node_modules/@vscode/spdlog/build/config.gypi
code-server-4.91.1-linux-amd64/lib/vscode/node_modules/@vscode/spdlog/index.d.ts
code-server-4.91.1-linux-amd64/lib/vscode/node_modules/@vscode/iconv-lite-umd/
code-server-4.91.1-linux-amd64/lib/vscode/node_modules/@vscode/iconv-lite-umd/lib/
code-server-4.91.1-linux-amd64/lib/vscode/node_modules/@vscode/iconv-lite-umd/lib/iconv-lite-umd.js
code-server-4.91.1-linux-amd64/lib/vscode/node_modules/@vscode/iconv-lite-umd/lib/iconv-lite-umd.js.map
code-server-4.91.1-linux-amd64/lib/vscode/node_modules/@vscode/iconv-lite-umd/README.md
code-server-4.91.1-linux-amd64/lib/vscode/node_modules/@vscode/iconv-lite-umd/LICENSE
code-server-4.91.1-linux-amd64/lib/vscode/node_modules/@vscode/iconv-lite-umd/package.json
code-server-4.91.1-linux-amd64/lib/vscode/node_modules/@vscode/iconv-lite-umd/iconv-lite-umd.d.ts
code-server-4.91.1-linux-amd64/lib/vscode/node_modules/@vscode/node-addon-api/
code-server-4.91.1-linux-amd64/lib/vscode/node_modules/@vscode/node-addon-api/node_addon_api.target.mk
code-server-4.91.1-linux-amd64/lib/vscode/node_modules/@vscode/node-addon-api/node_addon_api_maybe.target.mk
code-server-4.91.1-linux-amd64/lib/vscode/node_modules/@vscode/node-addon-api/node_addon_api.Makefile
code-server-4.91.1-linux-amd64/lib/vscode/node_modules/@vscode/node-addon-api/node_addon_api_except.target.mk
code-server-4.91.1-linux-amd64/lib/vscode/node_modules/@vscode/proxy-agent/
code-server-4.91.1-linux-amd64/lib/vscode/node_modules/@vscode/proxy-agent/.gitattributes
code-server-4.91.1-linux-amd64/lib/vscode/node_modules/@vscode/proxy-agent/SECURITY.md
code-server-4.91.1-linux-amd64/lib/vscode/node_modules/@vscode/proxy-agent/LICENSE.md
code-server-4.91.1-linux-amd64/lib/vscode/node_modules/@vscode/proxy-agent/README.md
code-server-4.91.1-linux-amd64/lib/vscode/node_modules/@vscode/proxy-agent/package.json
code-server-4.91.1-linux-amd64/lib/vscode/node_modules/@vscode/proxy-agent/.devcontainer/
code-server-4.91.1-linux-amd64/lib/vscode/node_modules/@vscode/proxy-agent/.devcontainer/README.md
code-server-4.91.1-linux-amd64/lib/vscode/node_modules/@vscode/proxy-agent/.devcontainer/vscode/
code-server-4.91.1-linux-amd64/lib/vscode/node_modules/@vscode/proxy-agent/.devcontainer/vscode/install-vscode.sh
code-server-4.91.1-linux-amd64/lib/vscode/node_modules/@vscode/proxy-agent/.devcontainer/vscode/Dockerfile
code-server-4.91.1-linux-amd64/lib/vscode/node_modules/@vscode/proxy-agent/.devcontainer/vscode/settings.json
code-server-4.91.1-linux-amd64/lib/vscode/node_modules/@vscode/proxy-agent/.devcontainer/devcontainer.json
code-server-4.91.1-linux-amd64/lib/vscode/node_modules/@vscode/proxy-agent/.devcontainer/http-proxy-privoxy/
code-server-4.91.1-linux-amd64/lib/vscode/node_modules/@vscode/proxy-agent/.devcontainer/http-proxy-privoxy/Dockerfile
code-server-4.91.1-linux-amd64/lib/vscode/node_modules/@vscode/proxy-agent/.devcontainer/devcontainer-lock.json
code-server-4.91.1-linux-amd64/lib/vscode/node_modules/@vscode/proxy-agent/.devcontainer/docker-compose.yml
code-server-4.91.1-linux-amd64/lib/vscode/node_modules/@vscode/proxy-agent/CHANGELOG.md
code-server-4.91.1-linux-amd64/lib/vscode/node_modules/@vscode/proxy-agent/out/
code-server-4.91.1-linux-amd64/lib/vscode/node_modules/@vscode/proxy-agent/out/index.js.map
code-server-4.91.1-linux-amd64/lib/vscode/node_modules/@vscode/proxy-agent/out/agent.d.ts
code-server-4.91.1-linux-amd64/lib/vscode/node_modules/@vscode/proxy-agent/out/index.js
code-server-4.91.1-linux-amd64/lib/vscode/node_modules/@vscode/proxy-agent/out/agent.js
code-server-4.91.1-linux-amd64/lib/vscode/node_modules/@vscode/proxy-agent/out/agent.js.map
code-server-4.91.1-linux-amd64/lib/vscode/node_modules/@vscode/proxy-agent/out/index.d.ts
code-server-4.91.1-linux-amd64/lib/vscode/node_modules/simple-concat/
code-server-4.91.1-linux-amd64/lib/vscode/node_modules/simple-concat/.travis.yml
code-server-4.91.1-linux-amd64/lib/vscode/node_modules/simple-concat/test/
code-server-4.91.1-linux-amd64/lib/vscode/node_modules/simple-concat/test/basic.js
code-server-4.91.1-linux-amd64/lib/vscode/node_modules/simple-concat/README.md
code-server-4.91.1-linux-amd64/lib/vscode/node_modules/simple-concat/LICENSE
code-server-4.91.1-linux-amd64/lib/vscode/node_modules/simple-concat/index.js
code-server-4.91.1-linux-amd64/lib/vscode/node_modules/simple-concat/package.json
code-server-4.91.1-linux-amd64/lib/vscode/node_modules/chownr/
code-server-4.91.1-linux-amd64/lib/vscode/node_modules/chownr/README.md
code-server-4.91.1-linux-amd64/lib/vscode/node_modules/chownr/LICENSE
code-server-4.91.1-linux-amd64/lib/vscode/node_modules/chownr/chownr.js
code-server-4.91.1-linux-amd64/lib/vscode/node_modules/chownr/package.json
code-server-4.91.1-linux-amd64/lib/vscode/node_modules/node-pty/
code-server-4.91.1-linux-amd64/lib/vscode/node_modules/node-pty/deps/
code-server-4.91.1-linux-amd64/lib/vscode/node_modules/node-pty/deps/winpty/
code-server-4.91.1-linux-amd64/lib/vscode/node_modules/node-pty/deps/winpty/.gitattributes
code-server-4.91.1-linux-amd64/lib/vscode/node_modules/node-pty/deps/winpty/configure
code-server-4.91.1-linux-amd64/lib/vscode/node_modules/node-pty/deps/winpty/misc/
code-server-4.91.1-linux-amd64/lib/vscode/node_modules/node-pty/deps/winpty/misc/DumpLines.py
code-server-4.91.1-linux-amd64/lib/vscode/node_modules/node-pty/deps/winpty/misc/Font-Report-June2016/
code-server-4.91.1-linux-amd64/lib/vscode/node_modules/node-pty/deps/winpty/misc/Font-Report-June2016/CP932.txt
code-server-4.91.1-linux-amd64/lib/vscode/node_modules/node-pty/deps/winpty/misc/Font-Report-June2016/CP936.txt
code-server-4.91.1-linux-amd64/lib/vscode/node_modules/node-pty/deps/winpty/misc/Font-Report-June2016/CP437-Lucida.txt
code-server-4.91.1-linux-amd64/lib/vscode/node_modules/node-pty/deps/winpty/misc/Font-Report-June2016/CP949.txt
code-server-4.91.1-linux-amd64/lib/vscode/node_modules/node-pty/deps/winpty/misc/Font-Report-June2016/Results.txt
code-server-4.91.1-linux-amd64/lib/vscode/node_modules/node-pty/deps/winpty/misc/Font-Report-June2016/CP437-Consolas.txt
code-server-4.91.1-linux-amd64/lib/vscode/node_modules/node-pty/deps/winpty/misc/Font-Report-June2016/MinimumWindowWidths.txt
code-server-4.91.1-linux-amd64/lib/vscode/node_modules/node-pty/deps/winpty/misc/Font-Report-June2016/CP950.txt
code-server-4.91.1-linux-amd64/lib/vscode/node_modules/node-pty/deps/winpty/misc/Font-Report-June2016/Windows10SetFontBugginess.txt
code-server-4.91.1-linux-amd64/lib/vscode/node_modules/node-pty/deps/winpty/misc/ShowArgv.cc
code-server-4.91.1-linux-amd64/lib/vscode/node_modules/node-pty/deps/winpty/misc/EnableExtendedFlags.txt
code-server-4.91.1-linux-amd64/lib/vscode/node_modules/node-pty/deps/winpty/misc/Win32Write1.cc
code-server-4.91.1-linux-amd64/lib/vscode/node_modules/node-pty/deps/winpty/misc/build64.sh
code-server-4.91.1-linux-amd64/lib/vscode/node_modules/node-pty/deps/winpty/misc/Spew.py
code-server-4.91.1-linux-amd64/lib/vscode/node_modules/node-pty/deps/winpty/misc/TestUtil.cc
code-server-4.91.1-linux-amd64/lib/vscode/node_modules/node-pty/deps/winpty/misc/ClearConsole.cc
code-server-4.91.1-linux-amd64/lib/vscode/node_modules/node-pty/deps/winpty/misc/DebugServer.py
code-server-4.91.1-linux-amd64/lib/vscode/node_modules/node-pty/deps/winpty/misc/Win32Test3.cc
code-server-4.91.1-linux-amd64/lib/vscode/node_modules/node-pty/deps/winpty/misc/ConinMode.cc
code-server-4.91.1-linux-amd64/lib/vscode/node_modules/node-pty/deps/winpty/misc/ShowConsoleInput.cc
code-server-4.91.1-linux-amd64/lib/vscode/node_modules/node-pty/deps/winpty/misc/Win32Test1.cc
code-server-4.91.1-linux-amd64/lib/vscode/node_modules/node-pty/deps/winpty/misc/Win10WrapTest2.cc
code-server-4.91.1-linux-amd64/lib/vscode/node_modules/node-pty/deps/winpty/misc/IsNewConsole.cc
code-server-4.91.1-linux-amd64/lib/vscode/node_modules/node-pty/deps/winpty/misc/UnicodeWideTest2.cc
code-server-4.91.1-linux-amd64/lib/vscode/node_modules/node-pty/deps/winpty/misc/SetCursorPos.cc
code-server-4.91.1-linux-amd64/lib/vscode/node_modules/node-pty/deps/winpty/misc/WindowsBugCrashReader.cc
code-server-4.91.1-linux-amd64/lib/vscode/node_modules/node-pty/deps/winpty/misc/Win32Echo1.cc
code-server-4.91.1-linux-amd64/lib/vscode/node_modules/node-pty/deps/winpty/misc/DebugClient.py
code-server-4.91.1-linux-amd64/lib/vscode/node_modules/node-pty/deps/winpty/misc/UnixEcho.cc
code-server-4.91.1-linux-amd64/lib/vscode/node_modules/node-pty/deps/winpty/misc/Notes.txt
code-server-4.91.1-linux-amd64/lib/vscode/node_modules/node-pty/deps/winpty/misc/build32.sh
code-server-4.91.1-linux-amd64/lib/vscode/node_modules/node-pty/deps/winpty/misc/winbug-15048.cc
code-server-4.91.1-linux-amd64/lib/vscode/node_modules/node-pty/deps/winpty/misc/UnicodeWideTest1.cc
code-server-4.91.1-linux-amd64/lib/vscode/node_modules/node-pty/deps/winpty/misc/GetFont.cc
code-server-4.91.1-linux-amd64/lib/vscode/node_modules/node-pty/deps/winpty/misc/VeryLargeRead.cc
code-server-4.91.1-linux-amd64/lib/vscode/node_modules/node-pty/deps/winpty/misc/Utf16Echo.cc
code-server-4.91.1-linux-amd64/lib/vscode/node_modules/node-pty/deps/winpty/misc/VkEscapeTest.cc
code-server-4.91.1-linux-amd64/lib/vscode/node_modules/node-pty/deps/winpty/misc/FreezePerfTest.cc
code-server-4.91.1-linux-amd64/lib/vscode/node_modules/node-pty/deps/winpty/misc/Win10ResizeWhileFrozen.cc
code-server-4.91.1-linux-amd64/lib/vscode/node_modules/node-pty/deps/winpty/misc/BufferResizeTests.cc
code-server-4.91.1-linux-amd64/lib/vscode/node_modules/node-pty/deps/winpty/misc/Win10WrapTest1.cc
code-server-4.91.1-linux-amd64/lib/vscode/node_modules/node-pty/deps/winpty/misc/FormatChar.h
code-server-4.91.1-linux-amd64/lib/vscode/node_modules/node-pty/deps/winpty/misc/ScreenBufferTest2.cc
code-server-4.91.1-linux-amd64/lib/vscode/node_modules/node-pty/deps/winpty/misc/ConoutMode.cc
code-server-4.91.1-linux-amd64/lib/vscode/node_modules/node-pty/deps/winpty/misc/SetBufferSize.cc
code-server-4.91.1-linux-amd64/lib/vscode/node_modules/node-pty/deps/winpty/misc/GetConsolePos.cc
code-server-4.91.1-linux-amd64/lib/vscode/node_modules/node-pty/deps/winpty/misc/MoveConsoleWindow.cc
code-server-4.91.1-linux-amd64/lib/vscode/node_modules/node-pty/deps/winpty/misc/ConinMode.ps1
code-server-4.91.1-linux-amd64/lib/vscode/node_modules/node-pty/deps/winpty/misc/OSVersion.cc
code-server-4.91.1-linux-amd64/lib/vscode/node_modules/node-pty/deps/winpty/misc/MouseInputNotes.txt
code-server-4.91.1-linux-amd64/lib/vscode/node_modules/node-pty/deps/winpty/misc/Win32Test2.cc
code-server-4.91.1-linux-amd64/lib/vscode/node_modules/node-pty/deps/winpty/misc/color-test.sh
code-server-4.91.1-linux-amd64/lib/vscode/node_modules/node-pty/deps/winpty/misc/ChangeScreenBuffer.cc
code-server-4.91.1-linux-amd64/lib/vscode/node_modules/node-pty/deps/winpty/misc/SetFont.cc
code-server-4.91.1-linux-amd64/lib/vscode/node_modules/node-pty/deps/winpty/misc/font-notes.txt
code-server-4.91.1-linux-amd64/lib/vscode/node_modules/node-pty/deps/winpty/misc/ScreenBufferTest.cc
code-server-4.91.1-linux-amd64/lib/vscode/node_modules/node-pty/deps/winpty/misc/WriteConsole.cc
code-server-4.91.1-linux-amd64/lib/vscode/node_modules/node-pty/deps/winpty/misc/SetWindowRect.cc
code-server-4.91.1-linux-amd64/lib/vscode/node_modules/node-pty/deps/winpty/misc/IdentifyConsoleWindow.ps1
code-server-4.91.1-linux-amd64/lib/vscode/node_modules/node-pty/deps/winpty/misc/Win32Echo2.cc
code-server-4.91.1-linux-amd64/lib/vscode/node_modules/node-pty/deps/winpty/misc/GetCh.cc
code-server-4.91.1-linux-amd64/lib/vscode/node_modules/node-pty/deps/winpty/misc/UnicodeDoubleWidthTest.cc
code-server-4.91.1-linux-amd64/lib/vscode/node_modules/node-pty/deps/winpty/misc/SelectAllTest.cc
code-server-4.91.1-linux-amd64/lib/vscode/node_modules/node-pty/deps/winpty/misc/FontSurvey.cc
code-server-4.91.1-linux-amd64/lib/vscode/node_modules/node-pty/deps/winpty/misc/ScreenBufferFreezeInactive.cc
code-server-4.91.1-linux-amd64/lib/vscode/node_modules/node-pty/deps/winpty/README.md
code-server-4.91.1-linux-amd64/lib/vscode/node_modules/node-pty/deps/winpty/LICENSE
code-server-4.91.1-linux-amd64/lib/vscode/node_modules/node-pty/deps/winpty/RELEASES.md
code-server-4.91.1-linux-amd64/lib/vscode/node_modules/node-pty/deps/winpty/.drone.yml
code-server-4.91.1-linux-amd64/lib/vscode/node_modules/node-pty/deps/winpty/Makefile
code-server-4.91.1-linux-amd64/lib/vscode/node_modules/node-pty/deps/winpty/VERSION.txt
code-server-4.91.1-linux-amd64/lib/vscode/node_modules/node-pty/deps/winpty/src/
code-server-4.91.1-linux-amd64/lib/vscode/node_modules/node-pty/deps/winpty/src/libwinpty/
code-server-4.91.1-linux-amd64/lib/vscode/node_modules/node-pty/deps/winpty/src/libwinpty/AgentLocation.h
code-server-4.91.1-linux-amd64/lib/vscode/node_modules/node-pty/deps/winpty/src/libwinpty/subdir.mk
code-server-4.91.1-linux-amd64/lib/vscode/node_modules/node-pty/deps/winpty/src/libwinpty/AgentLocation.cc
code-server-4.91.1-linux-amd64/lib/vscode/node_modules/node-pty/deps/winpty/src/libwinpty/LibWinptyException.h
code-server-4.91.1-linux-amd64/lib/vscode/node_modules/node-pty/deps/winpty/src/libwinpty/WinptyInternal.h
code-server-4.91.1-linux-amd64/lib/vscode/node_modules/node-pty/deps/winpty/src/libwinpty/winpty.cc
code-server-4.91.1-linux-amd64/lib/vscode/node_modules/node-pty/deps/winpty/src/debugserver/
code-server-4.91.1-linux-amd64/lib/vscode/node_modules/node-pty/deps/winpty/src/debugserver/subdir.mk
code-server-4.91.1-linux-amd64/lib/vscode/node_modules/node-pty/deps/winpty/src/debugserver/DebugServer.cc
code-server-4.91.1-linux-amd64/lib/vscode/node_modules/node-pty/deps/winpty/src/shared/
code-server-4.91.1-linux-amd64/lib/vscode/node_modules/node-pty/deps/winpty/src/shared/Buffer.h
code-server-4.91.1-linux-amd64/lib/vscode/node_modules/node-pty/deps/winpty/src/shared/OwnedHandle.cc
code-server-4.91.1-linux-amd64/lib/vscode/node_modules/node-pty/deps/winpty/src/shared/WinptyVersion.cc
code-server-4.91.1-linux-amd64/lib/vscode/node_modules/node-pty/deps/winpty/src/shared/WindowsSecurity.h
code-server-4.91.1-linux-amd64/lib/vscode/node_modules/node-pty/deps/winpty/src/shared/UnixCtrlChars.h
code-server-4.91.1-linux-amd64/lib/vscode/node_modules/node-pty/deps/winpty/src/shared/StringBuilder.h
code-server-4.91.1-linux-amd64/lib/vscode/node_modules/node-pty/deps/winpty/src/shared/UpdateGenVersion.bat
code-server-4.91.1-linux-amd64/lib/vscode/node_modules/node-pty/deps/winpty/src/shared/WindowsSecurity.cc
code-server-4.91.1-linux-amd64/lib/vscode/node_modules/node-pty/deps/winpty/src/shared/WindowsVersion.h
code-server-4.91.1-linux-amd64/lib/vscode/node_modules/node-pty/deps/winpty/src/shared/StringUtil.cc
code-server-4.91.1-linux-amd64/lib/vscode/node_modules/node-pty/deps/winpty/src/shared/BackgroundDesktop.cc
code-server-4.91.1-linux-amd64/lib/vscode/node_modules/node-pty/deps/winpty/src/shared/WinptyException.h
code-server-4.91.1-linux-amd64/lib/vscode/node_modules/node-pty/deps/winpty/src/shared/GenRandom.h
code-server-4.91.1-linux-amd64/lib/vscode/node_modules/node-pty/deps/winpty/src/shared/StringUtil.h
code-server-4.91.1-linux-amd64/lib/vscode/node_modules/node-pty/deps/winpty/src/shared/WinptyAssert.h
code-server-4.91.1-linux-amd64/lib/vscode/node_modules/node-pty/deps/winpty/src/shared/BackgroundDesktop.h
code-server-4.91.1-linux-amd64/lib/vscode/node_modules/node-pty/deps/winpty/src/shared/WinptyVersion.h
code-server-4.91.1-linux-amd64/lib/vscode/node_modules/node-pty/deps/winpty/src/shared/StringBuilderTest.cc
code-server-4.91.1-linux-amd64/lib/vscode/node_modules/node-pty/deps/winpty/src/shared/Mutex.h
code-server-4.91.1-linux-amd64/lib/vscode/node_modules/node-pty/deps/winpty/src/shared/GetCommitHash.bat
code-server-4.91.1-linux-amd64/lib/vscode/node_modules/node-pty/deps/winpty/src/shared/GenRandom.cc
code-server-4.91.1-linux-amd64/lib/vscode/node_modules/node-pty/deps/winpty/src/shared/DebugClient.cc
code-server-4.91.1-linux-amd64/lib/vscode/node_modules/node-pty/deps/winpty/src/shared/WinptyException.cc
code-server-4.91.1-linux-amd64/lib/vscode/node_modules/node-pty/deps/winpty/src/shared/PrecompiledHeader.h
code-server-4.91.1-linux-amd64/lib/vscode/node_modules/node-pty/deps/winpty/src/shared/OsModule.h
code-server-4.91.1-linux-amd64/lib/vscode/node_modules/node-pty/deps/winpty/src/shared/TimeMeasurement.h
code-server-4.91.1-linux-amd64/lib/vscode/node_modules/node-pty/deps/winpty/src/shared/winpty_snprintf.h
code-server-4.91.1-linux-amd64/lib/vscode/node_modules/node-pty/deps/winpty/src/shared/WinptyAssert.cc
code-server-4.91.1-linux-amd64/lib/vscode/node_modules/node-pty/deps/winpty/src/shared/Buffer.cc
code-server-4.91.1-linux-amd64/lib/vscode/node_modules/node-pty/deps/winpty/src/shared/DebugClient.h
code-server-4.91.1-linux-amd64/lib/vscode/node_modules/node-pty/deps/winpty/src/shared/AgentMsg.h
code-server-4.91.1-linux-amd64/lib/vscode/node_modules/node-pty/deps/winpty/src/shared/WindowsVersion.cc
code-server-4.91.1-linux-amd64/lib/vscode/node_modules/node-pty/deps/winpty/src/shared/OwnedHandle.h
code-server-4.91.1-linux-amd64/lib/vscode/node_modules/node-pty/deps/winpty/src/subdir.mk
code-server-4.91.1-linux-amd64/lib/vscode/node_modules/node-pty/deps/winpty/src/tests/
code-server-4.91.1-linux-amd64/lib/vscode/node_modules/node-pty/deps/winpty/src/tests/trivial_test.cc
code-server-4.91.1-linux-amd64/lib/vscode/node_modules/node-pty/deps/winpty/src/tests/subdir.mk
code-server-4.91.1-linux-amd64/lib/vscode/node_modules/node-pty/deps/winpty/src/include/
code-server-4.91.1-linux-amd64/lib/vscode/node_modules/node-pty/deps/winpty/src/include/winpty_constants.h
code-server-4.91.1-linux-amd64/lib/vscode/node_modules/node-pty/deps/winpty/src/include/winpty.h
code-server-4.91.1-linux-amd64/lib/vscode/node_modules/node-pty/deps/winpty/src/agent/
code-server-4.91.1-linux-amd64/lib/vscode/node_modules/node-pty/deps/winpty/src/agent/DefaultInputMap.cc
code-server-4.91.1-linux-amd64/lib/vscode/node_modules/node-pty/deps/winpty/src/agent/ConsoleInput.h
code-server-4.91.1-linux-amd64/lib/vscode/node_modules/node-pty/deps/winpty/src/agent/LargeConsoleRead.cc
code-server-4.91.1-linux-amd64/lib/vscode/node_modules/node-pty/deps/winpty/src/agent/Terminal.h
code-server-4.91.1-linux-amd64/lib/vscode/node_modules/node-pty/deps/winpty/src/agent/LargeConsoleRead.h
code-server-4.91.1-linux-amd64/lib/vscode/node_modules/node-pty/deps/winpty/src/agent/Win32Console.h
code-server-4.91.1-linux-amd64/lib/vscode/node_modules/node-pty/deps/winpty/src/agent/ConsoleLine.cc
code-server-4.91.1-linux-amd64/lib/vscode/node_modules/node-pty/deps/winpty/src/agent/Win32Console.cc
code-server-4.91.1-linux-amd64/lib/vscode/node_modules/node-pty/deps/winpty/src/agent/DsrSender.h
code-server-4.91.1-linux-amd64/lib/vscode/node_modules/node-pty/deps/winpty/src/agent/SmallRect.h
code-server-4.91.1-linux-amd64/lib/vscode/node_modules/node-pty/deps/winpty/src/agent/InputMap.h
code-server-4.91.1-linux-amd64/lib/vscode/node_modules/node-pty/deps/winpty/src/agent/ConsoleFont.h
code-server-4.91.1-linux-amd64/lib/vscode/node_modules/node-pty/deps/winpty/src/agent/SimplePool.h
code-server-4.91.1-linux-amd64/lib/vscode/node_modules/node-pty/deps/winpty/src/agent/subdir.mk
code-server-4.91.1-linux-amd64/lib/vscode/node_modules/node-pty/deps/winpty/src/agent/NamedPipe.h
code-server-4.91.1-linux-amd64/lib/vscode/node_modules/node-pty/deps/winpty/src/agent/UnicodeEncodingTest.cc
code-server-4.91.1-linux-amd64/lib/vscode/node_modules/node-pty/deps/winpty/src/agent/InputMap.cc
code-server-4.91.1-linux-amd64/lib/vscode/node_modules/node-pty/deps/winpty/src/agent/Agent.cc
code-server-4.91.1-linux-amd64/lib/vscode/node_modules/node-pty/deps/winpty/src/agent/Scraper.h
code-server-4.91.1-linux-amd64/lib/vscode/node_modules/node-pty/deps/winpty/src/agent/UnicodeEncoding.h
code-server-4.91.1-linux-amd64/lib/vscode/node_modules/node-pty/deps/winpty/src/agent/ConsoleInput.cc
code-server-4.91.1-linux-amd64/lib/vscode/node_modules/node-pty/deps/winpty/src/agent/DebugShowInput.cc
code-server-4.91.1-linux-amd64/lib/vscode/node_modules/node-pty/deps/winpty/src/agent/ConsoleInputReencoding.h
code-server-4.91.1-linux-amd64/lib/vscode/node_modules/node-pty/deps/winpty/src/agent/NamedPipe.cc
code-server-4.91.1-linux-amd64/lib/vscode/node_modules/node-pty/deps/winpty/src/agent/Scraper.cc
code-server-4.91.1-linux-amd64/lib/vscode/node_modules/node-pty/deps/winpty/src/agent/EventLoop.cc
code-server-4.91.1-linux-amd64/lib/vscode/node_modules/node-pty/deps/winpty/src/agent/EventLoop.h
code-server-4.91.1-linux-amd64/lib/vscode/node_modules/node-pty/deps/winpty/src/agent/ConsoleFont.cc
code-server-4.91.1-linux-amd64/lib/vscode/node_modules/node-pty/deps/winpty/src/agent/Coord.h
code-server-4.91.1-linux-amd64/lib/vscode/node_modules/node-pty/deps/winpty/src/agent/DefaultInputMap.h
code-server-4.91.1-linux-amd64/lib/vscode/node_modules/node-pty/deps/winpty/src/agent/AgentCreateDesktop.h
code-server-4.91.1-linux-amd64/lib/vscode/node_modules/node-pty/deps/winpty/src/agent/AgentCreateDesktop.cc
code-server-4.91.1-linux-amd64/lib/vscode/node_modules/node-pty/deps/winpty/src/agent/Terminal.cc
code-server-4.91.1-linux-amd64/lib/vscode/node_modules/node-pty/deps/winpty/src/agent/ConsoleLine.h
code-server-4.91.1-linux-amd64/lib/vscode/node_modules/node-pty/deps/winpty/src/agent/ConsoleInputReencoding.cc
code-server-4.91.1-linux-amd64/lib/vscode/node_modules/node-pty/deps/winpty/src/agent/Win32ConsoleBuffer.cc
code-server-4.91.1-linux-amd64/lib/vscode/node_modules/node-pty/deps/winpty/src/agent/Agent.h
code-server-4.91.1-linux-amd64/lib/vscode/node_modules/node-pty/deps/winpty/src/agent/DebugShowInput.h
code-server-4.91.1-linux-amd64/lib/vscode/node_modules/node-pty/deps/winpty/src/agent/Win32ConsoleBuffer.h
code-server-4.91.1-linux-amd64/lib/vscode/node_modules/node-pty/deps/winpty/src/agent/main.cc
code-server-4.91.1-linux-amd64/lib/vscode/node_modules/node-pty/deps/winpty/src/configurations.gypi
code-server-4.91.1-linux-amd64/lib/vscode/node_modules/node-pty/deps/winpty/src/unix-adapter/
code-server-4.91.1-linux-amd64/lib/vscode/node_modules/node-pty/deps/winpty/src/unix-adapter/subdir.mk
code-server-4.91.1-linux-amd64/lib/vscode/node_modules/node-pty/deps/winpty/src/unix-adapter/InputHandler.cc
code-server-4.91.1-linux-amd64/lib/vscode/node_modules/node-pty/deps/winpty/src/unix-adapter/Util.cc
code-server-4.91.1-linux-amd64/lib/vscode/node_modules/node-pty/deps/winpty/src/unix-adapter/OutputHandler.cc
code-server-4.91.1-linux-amd64/lib/vscode/node_modules/node-pty/deps/winpty/src/unix-adapter/InputHandler.h
code-server-4.91.1-linux-amd64/lib/vscode/node_modules/node-pty/deps/winpty/src/unix-adapter/WakeupFd.cc
code-server-4.91.1-linux-amd64/lib/vscode/node_modules/node-pty/deps/winpty/src/unix-adapter/main.cc
code-server-4.91.1-linux-amd64/lib/vscode/node_modules/node-pty/deps/winpty/src/unix-adapter/WakeupFd.h
code-server-4.91.1-linux-amd64/lib/vscode/node_modules/node-pty/deps/winpty/src/unix-adapter/OutputHandler.h
code-server-4.91.1-linux-amd64/lib/vscode/node_modules/node-pty/deps/winpty/src/unix-adapter/Util.h
code-server-4.91.1-linux-amd64/lib/vscode/node_modules/node-pty/deps/winpty/src/winpty.gyp
code-server-4.91.1-linux-amd64/lib/vscode/node_modules/node-pty/deps/winpty/ship/
code-server-4.91.1-linux-amd64/lib/vscode/node_modules/node-pty/deps/winpty/ship/build-pty4j-libpty.bat
code-server-4.91.1-linux-amd64/lib/vscode/node_modules/node-pty/deps/winpty/ship/make_msvc_package.py
code-server-4.91.1-linux-amd64/lib/vscode/node_modules/node-pty/deps/winpty/ship/common_ship.py
code-server-4.91.1-linux-amd64/lib/vscode/node_modules/node-pty/deps/winpty/ship/ship.py
code-server-4.91.1-linux-amd64/lib/vscode/node_modules/node-pty/deps/winpty/vcbuild.bat
code-server-4.91.1-linux-amd64/lib/vscode/node_modules/node-pty/deps/.editorconfig
code-server-4.91.1-linux-amd64/lib/vscode/node_modules/node-pty/scripts/
code-server-4.91.1-linux-amd64/lib/vscode/node_modules/node-pty/scripts/publish.js
code-server-4.91.1-linux-amd64/lib/vscode/node_modules/node-pty/scripts/post-install.js
code-server-4.91.1-linux-amd64/lib/vscode/node_modules/node-pty/lib/
code-server-4.91.1-linux-amd64/lib/vscode/node_modules/node-pty/lib/windowsTerminal.js.map
code-server-4.91.1-linux-amd64/lib/vscode/node_modules/node-pty/lib/windowsPtyAgent.test.js.map
code-server-4.91.1-linux-amd64/lib/vscode/node_modules/node-pty/lib/conpty_console_list_agent.js
code-server-4.91.1-linux-amd64/lib/vscode/node_modules/node-pty/lib/eventEmitter2.test.js
code-server-4.91.1-linux-amd64/lib/vscode/node_modules/node-pty/lib/index.js.map
code-server-4.91.1-linux-amd64/lib/vscode/node_modules/node-pty/lib/eventEmitter2.js
code-server-4.91.1-linux-amd64/lib/vscode/node_modules/node-pty/lib/windowsPtyAgent.js
code-server-4.91.1-linux-amd64/lib/vscode/node_modules/node-pty/lib/shared/
code-server-4.91.1-linux-amd64/lib/vscode/node_modules/node-pty/lib/shared/conout.js
code-server-4.91.1-linux-amd64/lib/vscode/node_modules/node-pty/lib/shared/conout.js.map
code-server-4.91.1-linux-amd64/lib/vscode/node_modules/node-pty/lib/utils.js.map
code-server-4.91.1-linux-amd64/lib/vscode/node_modules/node-pty/lib/terminal.js
code-server-4.91.1-linux-amd64/lib/vscode/node_modules/node-pty/lib/worker/
code-server-4.91.1-linux-amd64/lib/vscode/node_modules/node-pty/lib/worker/conoutSocketWorker.js
code-server-4.91.1-linux-amd64/lib/vscode/node_modules/node-pty/lib/worker/conoutSocketWorker.js.map
code-server-4.91.1-linux-amd64/lib/vscode/node_modules/node-pty/lib/unixTerminal.js
code-server-4.91.1-linux-amd64/lib/vscode/node_modules/node-pty/lib/windowsTerminal.test.js
code-server-4.91.1-linux-amd64/lib/vscode/node_modules/node-pty/lib/eventEmitter2.js.map
code-server-4.91.1-linux-amd64/lib/vscode/node_modules/node-pty/lib/windowsPtyAgent.test.js
code-server-4.91.1-linux-amd64/lib/vscode/node_modules/node-pty/lib/index.js
code-server-4.91.1-linux-amd64/lib/vscode/node_modules/node-pty/lib/interfaces.js
code-server-4.91.1-linux-amd64/lib/vscode/node_modules/node-pty/lib/windowsTerminal.js
code-server-4.91.1-linux-amd64/lib/vscode/node_modules/node-pty/lib/windowsConoutConnection.js
code-server-4.91.1-linux-amd64/lib/vscode/node_modules/node-pty/lib/windowsTerminal.test.js.map
code-server-4.91.1-linux-amd64/lib/vscode/node_modules/node-pty/lib/unixTerminal.test.js
code-server-4.91.1-linux-amd64/lib/vscode/node_modules/node-pty/lib/utils.js
code-server-4.91.1-linux-amd64/lib/vscode/node_modules/node-pty/lib/unixTerminal.test.js.map
code-server-4.91.1-linux-amd64/lib/vscode/node_modules/node-pty/lib/testUtils.test.js.map
code-server-4.91.1-linux-amd64/lib/vscode/node_modules/node-pty/lib/types.js
code-server-4.91.1-linux-amd64/lib/vscode/node_modules/node-pty/lib/terminal.test.js.map
code-server-4.91.1-linux-amd64/lib/vscode/node_modules/node-pty/lib/windowsPtyAgent.js.map
code-server-4.91.1-linux-amd64/lib/vscode/node_modules/node-pty/lib/testUtils.test.js
code-server-4.91.1-linux-amd64/lib/vscode/node_modules/node-pty/lib/windowsConoutConnection.js.map
code-server-4.91.1-linux-amd64/lib/vscode/node_modules/node-pty/lib/interfaces.js.map
code-server-4.91.1-linux-amd64/lib/vscode/node_modules/node-pty/lib/conpty_console_list_agent.js.map
code-server-4.91.1-linux-amd64/lib/vscode/node_modules/node-pty/lib/eventEmitter2.test.js.map
code-server-4.91.1-linux-amd64/lib/vscode/node_modules/node-pty/lib/terminal.test.js
code-server-4.91.1-linux-amd64/lib/vscode/node_modules/node-pty/lib/types.js.map
code-server-4.91.1-linux-amd64/lib/vscode/node_modules/node-pty/lib/terminal.js.map
code-server-4.91.1-linux-amd64/lib/vscode/node_modules/node-pty/lib/unixTerminal.js.map
code-server-4.91.1-linux-amd64/lib/vscode/node_modules/node-pty/binding.gyp
code-server-4.91.1-linux-amd64/lib/vscode/node_modules/node-pty/README.md
code-server-4.91.1-linux-amd64/lib/vscode/node_modules/node-pty/LICENSE
code-server-4.91.1-linux-amd64/lib/vscode/node_modules/node-pty/typings/
code-server-4.91.1-linux-amd64/lib/vscode/node_modules/node-pty/typings/node-pty.d.ts
code-server-4.91.1-linux-amd64/lib/vscode/node_modules/node-pty/package.json
code-server-4.91.1-linux-amd64/lib/vscode/node_modules/node-pty/src/
code-server-4.91.1-linux-amd64/lib/vscode/node_modules/node-pty/src/tsconfig.json
code-server-4.91.1-linux-amd64/lib/vscode/node_modules/node-pty/src/shared/
code-server-4.91.1-linux-amd64/lib/vscode/node_modules/node-pty/src/shared/conout.ts
code-server-4.91.1-linux-amd64/lib/vscode/node_modules/node-pty/src/worker/
code-server-4.91.1-linux-amd64/lib/vscode/node_modules/node-pty/src/worker/conoutSocketWorker.ts
code-server-4.91.1-linux-amd64/lib/vscode/node_modules/node-pty/src/testUtils.test.ts
code-server-4.91.1-linux-amd64/lib/vscode/node_modules/node-pty/src/windowsPtyAgent.test.ts
code-server-4.91.1-linux-amd64/lib/vscode/node_modules/node-pty/src/native.d.ts
code-server-4.91.1-linux-amd64/lib/vscode/node_modules/node-pty/src/unixTerminal.ts
code-server-4.91.1-linux-amd64/lib/vscode/node_modules/node-pty/src/terminal.test.ts
code-server-4.91.1-linux-amd64/lib/vscode/node_modules/node-pty/src/unix/
code-server-4.91.1-linux-amd64/lib/vscode/node_modules/node-pty/src/unix/pty.cc
code-server-4.91.1-linux-amd64/lib/vscode/node_modules/node-pty/src/unix/spawn-helper.cc
code-server-4.91.1-linux-amd64/lib/vscode/node_modules/node-pty/src/windowsPtyAgent.ts
code-server-4.91.1-linux-amd64/lib/vscode/node_modules/node-pty/src/unixTerminal.test.ts
code-server-4.91.1-linux-amd64/lib/vscode/node_modules/node-pty/src/windowsConoutConnection.ts
code-server-4.91.1-linux-amd64/lib/vscode/node_modules/node-pty/src/eventEmitter2.ts
code-server-4.91.1-linux-amd64/lib/vscode/node_modules/node-pty/src/index.ts
code-server-4.91.1-linux-amd64/lib/vscode/node_modules/node-pty/src/interfaces.ts
code-server-4.91.1-linux-amd64/lib/vscode/node_modules/node-pty/src/eventEmitter2.test.ts
code-server-4.91.1-linux-amd64/lib/vscode/node_modules/node-pty/src/conpty_console_list_agent.ts
code-server-4.91.1-linux-amd64/lib/vscode/node_modules/node-pty/src/utils.ts
code-server-4.91.1-linux-amd64/lib/vscode/node_modules/node-pty/src/win/
code-server-4.91.1-linux-amd64/lib/vscode/node_modules/node-pty/src/win/conpty.cc
code-server-4.91.1-linux-amd64/lib/vscode/node_modules/node-pty/src/win/conpty_console_list.cc
code-server-4.91.1-linux-amd64/lib/vscode/node_modules/node-pty/src/win/path_util.cc
code-server-4.91.1-linux-amd64/lib/vscode/node_modules/node-pty/src/win/path_util.h
code-server-4.91.1-linux-amd64/lib/vscode/node_modules/node-pty/src/win/winpty.cc
code-server-4.91.1-linux-amd64/lib/vscode/node_modules/node-pty/src/windowsTerminal.ts
code-server-4.91.1-linux-amd64/lib/vscode/node_modules/node-pty/src/types.ts
code-server-4.91.1-linux-amd64/lib/vscode/node_modules/node-pty/src/windowsTerminal.test.ts
code-server-4.91.1-linux-amd64/lib/vscode/node_modules/node-pty/src/terminal.ts
code-server-4.91.1-linux-amd64/lib/vscode/node_modules/node-pty/build/
code-server-4.91.1-linux-amd64/lib/vscode/node_modules/node-pty/build/binding.Makefile
code-server-4.91.1-linux-amd64/lib/vscode/node_modules/node-pty/build/Release/
code-server-4.91.1-linux-amd64/lib/vscode/node_modules/node-pty/build/Release/pty.node
code-server-4.91.1-linux-amd64/lib/vscode/node_modules/node-pty/build/Makefile
code-server-4.91.1-linux-amd64/lib/vscode/node_modules/node-pty/build/pty.target.mk
code-server-4.91.1-linux-amd64/lib/vscode/node_modules/node-pty/build/config.gypi
code-server-4.91.1-linux-amd64/lib/vscode/node_modules/node-pty/node-addon-api/
code-server-4.91.1-linux-amd64/lib/vscode/node_modules/node-pty/node-addon-api/node_addon_api.target.mk
code-server-4.91.1-linux-amd64/lib/vscode/node_modules/node-pty/node-addon-api/node_addon_api_maybe.target.mk
code-server-4.91.1-linux-amd64/lib/vscode/node_modules/node-pty/node-addon-api/node_addon_api.Makefile
code-server-4.91.1-linux-amd64/lib/vscode/node_modules/node-pty/node-addon-api/node_addon_api_except.target.mk
code-server-4.91.1-linux-amd64/lib/vscode/node_modules/fill-range/
code-server-4.91.1-linux-amd64/lib/vscode/node_modules/fill-range/README.md
code-server-4.91.1-linux-amd64/lib/vscode/node_modules/fill-range/LICENSE
code-server-4.91.1-linux-amd64/lib/vscode/node_modules/fill-range/index.js
code-server-4.91.1-linux-amd64/lib/vscode/node_modules/fill-range/package.json
code-server-4.91.1-linux-amd64/lib/vscode/node_modules/ms/
code-server-4.91.1-linux-amd64/lib/vscode/node_modules/ms/license.md
code-server-4.91.1-linux-amd64/lib/vscode/node_modules/ms/index.js
code-server-4.91.1-linux-amd64/lib/vscode/node_modules/ms/package.json
code-server-4.91.1-linux-amd64/lib/vscode/node_modules/ms/readme.md
code-server-4.91.1-linux-amd64/lib/vscode/node_modules/node-addon-api/
code-server-4.91.1-linux-amd64/lib/vscode/node_modules/node-addon-api/noexcept.gypi
code-server-4.91.1-linux-amd64/lib/vscode/node_modules/node-addon-api/LICENSE.md
code-server-4.91.1-linux-amd64/lib/vscode/node_modules/node-addon-api/napi-inl.h
code-server-4.91.1-linux-amd64/lib/vscode/node_modules/node-addon-api/except.gypi
code-server-4.91.1-linux-amd64/lib/vscode/node_modules/node-addon-api/tools/
code-server-4.91.1-linux-amd64/lib/vscode/node_modules/node-addon-api/tools/README.md
code-server-4.91.1-linux-amd64/lib/vscode/node_modules/node-addon-api/tools/clang-format.js
code-server-4.91.1-linux-amd64/lib/vscode/node_modules/node-addon-api/tools/conversion.js
code-server-4.91.1-linux-amd64/lib/vscode/node_modules/node-addon-api/tools/check-napi.js
code-server-4.91.1-linux-amd64/lib/vscode/node_modules/node-addon-api/tools/eslint-format.js
code-server-4.91.1-linux-amd64/lib/vscode/node_modules/node-addon-api/README.md
code-server-4.91.1-linux-amd64/lib/vscode/node_modules/node-addon-api/common.gypi
code-server-4.91.1-linux-amd64/lib/vscode/node_modules/node-addon-api/node_addon_api.gyp
code-server-4.91.1-linux-amd64/lib/vscode/node_modules/node-addon-api/index.js
code-server-4.91.1-linux-amd64/lib/vscode/node_modules/node-addon-api/package.json
code-server-4.91.1-linux-amd64/lib/vscode/node_modules/node-addon-api/nothing.c
code-server-4.91.1-linux-amd64/lib/vscode/node_modules/node-addon-api/napi-inl.deprecated.h
code-server-4.91.1-linux-amd64/lib/vscode/node_modules/node-addon-api/package-support.json
code-server-4.91.1-linux-amd64/lib/vscode/node_modules/node-addon-api/node_api.gyp
code-server-4.91.1-linux-amd64/lib/vscode/node_modules/node-addon-api/napi.h
code-server-4.91.1-linux-amd64/lib/vscode/node_modules/rc/
code-server-4.91.1-linux-amd64/lib/vscode/node_modules/rc/LICENSE.APACHE2
code-server-4.91.1-linux-amd64/lib/vscode/node_modules/rc/lib/
code-server-4.91.1-linux-amd64/lib/vscode/node_modules/rc/lib/utils.js
code-server-4.91.1-linux-amd64/lib/vscode/node_modules/rc/test/
code-server-4.91.1-linux-amd64/lib/vscode/node_modules/rc/test/ini.js
code-server-4.91.1-linux-amd64/lib/vscode/node_modules/rc/test/nested-env-vars.js
code-server-4.91.1-linux-amd64/lib/vscode/node_modules/rc/test/test.js
code-server-4.91.1-linux-amd64/lib/vscode/node_modules/rc/README.md
code-server-4.91.1-linux-amd64/lib/vscode/node_modules/rc/index.js
code-server-4.91.1-linux-amd64/lib/vscode/node_modules/rc/browser.js
code-server-4.91.1-linux-amd64/lib/vscode/node_modules/rc/cli.js
code-server-4.91.1-linux-amd64/lib/vscode/node_modules/rc/package.json
code-server-4.91.1-linux-amd64/lib/vscode/node_modules/rc/LICENSE.MIT
code-server-4.91.1-linux-amd64/lib/vscode/node_modules/rc/LICENSE.BSD
code-server-4.91.1-linux-amd64/lib/vscode/node_modules/buffer/
code-server-4.91.1-linux-amd64/lib/vscode/node_modules/buffer/AUTHORS.md
code-server-4.91.1-linux-amd64/lib/vscode/node_modules/buffer/README.md
code-server-4.91.1-linux-amd64/lib/vscode/node_modules/buffer/LICENSE
code-server-4.91.1-linux-amd64/lib/vscode/node_modules/buffer/index.js
code-server-4.91.1-linux-amd64/lib/vscode/node_modules/buffer/package.json
code-server-4.91.1-linux-amd64/lib/vscode/node_modules/buffer/index.d.ts
code-server-4.91.1-linux-amd64/lib/vscode/node_modules/kerberos/
code-server-4.91.1-linux-amd64/lib/vscode/node_modules/kerberos/lib/
code-server-4.91.1-linux-amd64/lib/vscode/node_modules/kerberos/lib/util.js
code-server-4.91.1-linux-amd64/lib/vscode/node_modules/kerberos/lib/index.js
code-server-4.91.1-linux-amd64/lib/vscode/node_modules/kerberos/lib/kerberos.js
code-server-4.91.1-linux-amd64/lib/vscode/node_modules/kerberos/lib/auth_processes/
code-server-4.91.1-linux-amd64/lib/vscode/node_modules/kerberos/lib/auth_processes/mongodb.js
code-server-4.91.1-linux-amd64/lib/vscode/node_modules/kerberos/binding.gyp
code-server-4.91.1-linux-amd64/lib/vscode/node_modules/kerberos/README.md
code-server-4.91.1-linux-amd64/lib/vscode/node_modules/kerberos/LICENSE
code-server-4.91.1-linux-amd64/lib/vscode/node_modules/kerberos/package.json
code-server-4.91.1-linux-amd64/lib/vscode/node_modules/kerberos/src/
code-server-4.91.1-linux-amd64/lib/vscode/node_modules/kerberos/src/kerberos_worker.h
code-server-4.91.1-linux-amd64/lib/vscode/node_modules/kerberos/src/kerberos.cc
code-server-4.91.1-linux-amd64/lib/vscode/node_modules/kerberos/src/kerberos_common.h
code-server-4.91.1-linux-amd64/lib/vscode/node_modules/kerberos/src/kerberos.h
code-server-4.91.1-linux-amd64/lib/vscode/node_modules/kerberos/src/unix/
code-server-4.91.1-linux-amd64/lib/vscode/node_modules/kerberos/src/unix/kerberos_gss.h
code-server-4.91.1-linux-amd64/lib/vscode/node_modules/kerberos/src/unix/base64.cc
code-server-4.91.1-linux-amd64/lib/vscode/node_modules/kerberos/src/unix/kerberos_gss.cc
code-server-4.91.1-linux-amd64/lib/vscode/node_modules/kerberos/src/unix/base64.h
code-server-4.91.1-linux-amd64/lib/vscode/node_modules/kerberos/src/unix/kerberos_unix.cc
code-server-4.91.1-linux-amd64/lib/vscode/node_modules/kerberos/src/win32/
code-server-4.91.1-linux-amd64/lib/vscode/node_modules/kerberos/src/win32/kerberos_sspi.h
code-server-4.91.1-linux-amd64/lib/vscode/node_modules/kerberos/src/win32/kerberos_sspi.cc
code-server-4.91.1-linux-amd64/lib/vscode/node_modules/kerberos/src/win32/kerberos_win32.cc
code-server-4.91.1-linux-amd64/lib/vscode/node_modules/kerberos/build/
code-server-4.91.1-linux-amd64/lib/vscode/node_modules/kerberos/build/Release/
code-server-4.91.1-linux-amd64/lib/vscode/node_modules/kerberos/build/Release/kerberos.node
code-server-4.91.1-linux-amd64/lib/vscode/node_modules/kerberos/node_modules/
code-server-4.91.1-linux-amd64/lib/vscode/node_modules/kerberos/node_modules/node-addon-api/
code-server-4.91.1-linux-amd64/lib/vscode/node_modules/kerberos/node_modules/node-addon-api/noexcept.gypi
code-server-4.91.1-linux-amd64/lib/vscode/node_modules/kerberos/node_modules/node-addon-api/LICENSE.md
code-server-4.91.1-linux-amd64/lib/vscode/node_modules/kerberos/node_modules/node-addon-api/napi-inl.h
code-server-4.91.1-linux-amd64/lib/vscode/node_modules/kerberos/node_modules/node-addon-api/except.gypi
code-server-4.91.1-linux-amd64/lib/vscode/node_modules/kerberos/node_modules/node-addon-api/tools/
code-server-4.91.1-linux-amd64/lib/vscode/node_modules/kerberos/node_modules/node-addon-api/tools/README.md
code-server-4.91.1-linux-amd64/lib/vscode/node_modules/kerberos/node_modules/node-addon-api/tools/clang-format.js
code-server-4.91.1-linux-amd64/lib/vscode/node_modules/kerberos/node_modules/node-addon-api/tools/conversion.js
code-server-4.91.1-linux-amd64/lib/vscode/node_modules/kerberos/node_modules/node-addon-api/tools/check-napi.js
code-server-4.91.1-linux-amd64/lib/vscode/node_modules/kerberos/node_modules/node-addon-api/tools/eslint-format.js
code-server-4.91.1-linux-amd64/lib/vscode/node_modules/kerberos/node_modules/node-addon-api/README.md
code-server-4.91.1-linux-amd64/lib/vscode/node_modules/kerberos/node_modules/node-addon-api/common.gypi
code-server-4.91.1-linux-amd64/lib/vscode/node_modules/kerberos/node_modules/node-addon-api/index.js
code-server-4.91.1-linux-amd64/lib/vscode/node_modules/kerberos/node_modules/node-addon-api/package.json
code-server-4.91.1-linux-amd64/lib/vscode/node_modules/kerberos/node_modules/node-addon-api/nothing.c
code-server-4.91.1-linux-amd64/lib/vscode/node_modules/kerberos/node_modules/node-addon-api/napi-inl.deprecated.h
code-server-4.91.1-linux-amd64/lib/vscode/node_modules/kerberos/node_modules/node-addon-api/package-support.json
code-server-4.91.1-linux-amd64/lib/vscode/node_modules/kerberos/node_modules/node-addon-api/node_api.gyp
code-server-4.91.1-linux-amd64/lib/vscode/node_modules/kerberos/node_modules/node-addon-api/napi.h
code-server-4.91.1-linux-amd64/lib/vscode/node_modules/kerberos/HISTORY.md
code-server-4.91.1-linux-amd64/lib/vscode/node_modules/file-uri-to-path/
code-server-4.91.1-linux-amd64/lib/vscode/node_modules/file-uri-to-path/.travis.yml
code-server-4.91.1-linux-amd64/lib/vscode/node_modules/file-uri-to-path/test/
code-server-4.91.1-linux-amd64/lib/vscode/node_modules/file-uri-to-path/test/test.js
code-server-4.91.1-linux-amd64/lib/vscode/node_modules/file-uri-to-path/test/tests.json
code-server-4.91.1-linux-amd64/lib/vscode/node_modules/file-uri-to-path/README.md
code-server-4.91.1-linux-amd64/lib/vscode/node_modules/file-uri-to-path/LICENSE
code-server-4.91.1-linux-amd64/lib/vscode/node_modules/file-uri-to-path/index.js
code-server-4.91.1-linux-amd64/lib/vscode/node_modules/file-uri-to-path/package.json
code-server-4.91.1-linux-amd64/lib/vscode/node_modules/file-uri-to-path/index.d.ts
code-server-4.91.1-linux-amd64/lib/vscode/node_modules/file-uri-to-path/.npmignore
code-server-4.91.1-linux-amd64/lib/vscode/node_modules/file-uri-to-path/History.md
code-server-4.91.1-linux-amd64/lib/vscode/node_modules/debug/
code-server-4.91.1-linux-amd64/lib/vscode/node_modules/debug/README.md
code-server-4.91.1-linux-amd64/lib/vscode/node_modules/debug/LICENSE
code-server-4.91.1-linux-amd64/lib/vscode/node_modules/debug/package.json
code-server-4.91.1-linux-amd64/lib/vscode/node_modules/debug/src/
code-server-4.91.1-linux-amd64/lib/vscode/node_modules/debug/src/index.js
code-server-4.91.1-linux-amd64/lib/vscode/node_modules/debug/src/browser.js
code-server-4.91.1-linux-amd64/lib/vscode/node_modules/debug/src/common.js
code-server-4.91.1-linux-amd64/lib/vscode/node_modules/debug/src/node.js
code-server-4.91.1-linux-amd64/lib/vscode/node_modules/prebuild-install/
code-server-4.91.1-linux-amd64/lib/vscode/node_modules/prebuild-install/rc.js
code-server-4.91.1-linux-amd64/lib/vscode/node_modules/prebuild-install/error.js
code-server-4.91.1-linux-amd64/lib/vscode/node_modules/prebuild-install/util.js
code-server-4.91.1-linux-amd64/lib/vscode/node_modules/prebuild-install/bin.js
code-server-4.91.1-linux-amd64/lib/vscode/node_modules/prebuild-install/help.txt
code-server-4.91.1-linux-amd64/lib/vscode/node_modules/prebuild-install/CONTRIBUTING.md
code-server-4.91.1-linux-amd64/lib/vscode/node_modules/prebuild-install/README.md
code-server-4.91.1-linux-amd64/lib/vscode/node_modules/prebuild-install/LICENSE
code-server-4.91.1-linux-amd64/lib/vscode/node_modules/prebuild-install/index.js
code-server-4.91.1-linux-amd64/lib/vscode/node_modules/prebuild-install/proxy.js
code-server-4.91.1-linux-amd64/lib/vscode/node_modules/prebuild-install/package.json
code-server-4.91.1-linux-amd64/lib/vscode/node_modules/prebuild-install/download.js
code-server-4.91.1-linux-amd64/lib/vscode/node_modules/prebuild-install/log.js
code-server-4.91.1-linux-amd64/lib/vscode/node_modules/prebuild-install/asset.js
code-server-4.91.1-linux-amd64/lib/vscode/node_modules/prebuild-install/CHANGELOG.md
code-server-4.91.1-linux-amd64/lib/vscode/node_modules/decompress-response/
code-server-4.91.1-linux-amd64/lib/vscode/node_modules/decompress-response/license
code-server-4.91.1-linux-amd64/lib/vscode/node_modules/decompress-response/index.js
code-server-4.91.1-linux-amd64/lib/vscode/node_modules/decompress-response/package.json
code-server-4.91.1-linux-amd64/lib/vscode/node_modules/decompress-response/readme.md
code-server-4.91.1-linux-amd64/lib/vscode/node_modules/decompress-response/index.d.ts
code-server-4.91.1-linux-amd64/lib/vscode/node_modules/jsonfile/
code-server-4.91.1-linux-amd64/lib/vscode/node_modules/jsonfile/README.md
code-server-4.91.1-linux-amd64/lib/vscode/node_modules/jsonfile/LICENSE
code-server-4.91.1-linux-amd64/lib/vscode/node_modules/jsonfile/index.js
code-server-4.91.1-linux-amd64/lib/vscode/node_modules/jsonfile/package.json
code-server-4.91.1-linux-amd64/lib/vscode/node_modules/jsonfile/utils.js
code-server-4.91.1-linux-amd64/lib/vscode/node_modules/jsonfile/CHANGELOG.md
code-server-4.91.1-linux-amd64/lib/vscode/node_modules/detect-libc/
code-server-4.91.1-linux-amd64/lib/vscode/node_modules/detect-libc/lib/
code-server-4.91.1-linux-amd64/lib/vscode/node_modules/detect-libc/lib/detect-libc.js
code-server-4.91.1-linux-amd64/lib/vscode/node_modules/detect-libc/lib/process.js
code-server-4.91.1-linux-amd64/lib/vscode/node_modules/detect-libc/README.md
code-server-4.91.1-linux-amd64/lib/vscode/node_modules/detect-libc/LICENSE
code-server-4.91.1-linux-amd64/lib/vscode/node_modules/detect-libc/package.json
code-server-4.91.1-linux-amd64/lib/vscode/node_modules/detect-libc/index.d.ts
code-server-4.91.1-linux-amd64/lib/vscode/node_modules/@xterm/
code-server-4.91.1-linux-amd64/lib/vscode/node_modules/@xterm/xterm/
code-server-4.91.1-linux-amd64/lib/vscode/node_modules/@xterm/xterm/lib/
code-server-4.91.1-linux-amd64/lib/vscode/node_modules/@xterm/xterm/lib/xterm.js.map
code-server-4.91.1-linux-amd64/lib/vscode/node_modules/@xterm/xterm/lib/xterm.js
code-server-4.91.1-linux-amd64/lib/vscode/node_modules/@xterm/xterm/README.md
code-server-4.91.1-linux-amd64/lib/vscode/node_modules/@xterm/xterm/LICENSE
code-server-4.91.1-linux-amd64/lib/vscode/node_modules/@xterm/xterm/typings/
code-server-4.91.1-linux-amd64/lib/vscode/node_modules/@xterm/xterm/typings/xterm.d.ts
code-server-4.91.1-linux-amd64/lib/vscode/node_modules/@xterm/xterm/package.json
code-server-4.91.1-linux-amd64/lib/vscode/node_modules/@xterm/xterm/css/
code-server-4.91.1-linux-amd64/lib/vscode/node_modules/@xterm/xterm/css/xterm.css
code-server-4.91.1-linux-amd64/lib/vscode/node_modules/@xterm/xterm/src/
code-server-4.91.1-linux-amd64/lib/vscode/node_modules/@xterm/xterm/src/common/
code-server-4.91.1-linux-amd64/lib/vscode/node_modules/@xterm/xterm/src/common/CoreTerminal.ts
code-server-4.91.1-linux-amd64/lib/vscode/node_modules/@xterm/xterm/src/common/TypedArrayUtils.ts
code-server-4.91.1-linux-amd64/lib/vscode/node_modules/@xterm/xterm/src/common/Lifecycle.ts
code-server-4.91.1-linux-amd64/lib/vscode/node_modules/@xterm/xterm/src/common/input/
code-server-4.91.1-linux-amd64/lib/vscode/node_modules/@xterm/xterm/src/common/input/XParseColor.ts
code-server-4.91.1-linux-amd64/lib/vscode/node_modules/@xterm/xterm/src/common/input/TextDecoder.ts
code-server-4.91.1-linux-amd64/lib/vscode/node_modules/@xterm/xterm/src/common/input/WriteBuffer.ts
code-server-4.91.1-linux-amd64/lib/vscode/node_modules/@xterm/xterm/src/common/input/Keyboard.ts
code-server-4.91.1-linux-amd64/lib/vscode/node_modules/@xterm/xterm/src/common/input/UnicodeV6.ts
code-server-4.91.1-linux-amd64/lib/vscode/node_modules/@xterm/xterm/src/common/Clone.ts
code-server-4.91.1-linux-amd64/lib/vscode/node_modules/@xterm/xterm/src/common/Platform.ts
code-server-4.91.1-linux-amd64/lib/vscode/node_modules/@xterm/xterm/src/common/TaskQueue.ts
code-server-4.91.1-linux-amd64/lib/vscode/node_modules/@xterm/xterm/src/common/CircularList.ts
code-server-4.91.1-linux-amd64/lib/vscode/node_modules/@xterm/xterm/src/common/Color.ts
code-server-4.91.1-linux-amd64/lib/vscode/node_modules/@xterm/xterm/src/common/services/
code-server-4.91.1-linux-amd64/lib/vscode/node_modules/@xterm/xterm/src/common/services/CoreMouseService.ts
code-server-4.91.1-linux-amd64/lib/vscode/node_modules/@xterm/xterm/src/common/services/CoreService.ts
code-server-4.91.1-linux-amd64/lib/vscode/node_modules/@xterm/xterm/src/common/services/LogService.ts
code-server-4.91.1-linux-amd64/lib/vscode/node_modules/@xterm/xterm/src/common/services/OscLinkService.ts
code-server-4.91.1-linux-amd64/lib/vscode/node_modules/@xterm/xterm/src/common/services/Services.ts
code-server-4.91.1-linux-amd64/lib/vscode/node_modules/@xterm/xterm/src/common/services/CharsetService.ts
code-server-4.91.1-linux-amd64/lib/vscode/node_modules/@xterm/xterm/src/common/services/ServiceRegistry.ts
code-server-4.91.1-linux-amd64/lib/vscode/node_modules/@xterm/xterm/src/common/services/OptionsService.ts
code-server-4.91.1-linux-amd64/lib/vscode/node_modules/@xterm/xterm/src/common/services/BufferService.ts
code-server-4.91.1-linux-amd64/lib/vscode/node_modules/@xterm/xterm/src/common/services/DecorationService.ts
code-server-4.91.1-linux-amd64/lib/vscode/node_modules/@xterm/xterm/src/common/services/UnicodeService.ts
code-server-4.91.1-linux-amd64/lib/vscode/node_modules/@xterm/xterm/src/common/services/InstantiationService.ts
code-server-4.91.1-linux-amd64/lib/vscode/node_modules/@xterm/xterm/src/common/public/
code-server-4.91.1-linux-amd64/lib/vscode/node_modules/@xterm/xterm/src/common/public/BufferNamespaceApi.ts
code-server-4.91.1-linux-amd64/lib/vscode/node_modules/@xterm/xterm/src/common/public/BufferApiView.ts
code-server-4.91.1-linux-amd64/lib/vscode/node_modules/@xterm/xterm/src/common/public/BufferLineApiView.ts
code-server-4.91.1-linux-amd64/lib/vscode/node_modules/@xterm/xterm/src/common/public/UnicodeApi.ts
code-server-4.91.1-linux-amd64/lib/vscode/node_modules/@xterm/xterm/src/common/public/ParserApi.ts
code-server-4.91.1-linux-amd64/lib/vscode/node_modules/@xterm/xterm/src/common/public/AddonManager.ts
code-server-4.91.1-linux-amd64/lib/vscode/node_modules/@xterm/xterm/src/common/parser/
code-server-4.91.1-linux-amd64/lib/vscode/node_modules/@xterm/xterm/src/common/parser/OscParser.ts
code-server-4.91.1-linux-amd64/lib/vscode/node_modules/@xterm/xterm/src/common/parser/DcsParser.ts
code-server-4.91.1-linux-amd64/lib/vscode/node_modules/@xterm/xterm/src/common/parser/Params.ts
code-server-4.91.1-linux-amd64/lib/vscode/node_modules/@xterm/xterm/src/common/parser/EscapeSequenceParser.ts
code-server-4.91.1-linux-amd64/lib/vscode/node_modules/@xterm/xterm/src/common/parser/Constants.ts
code-server-4.91.1-linux-amd64/lib/vscode/node_modules/@xterm/xterm/src/common/parser/Types.d.ts
code-server-4.91.1-linux-amd64/lib/vscode/node_modules/@xterm/xterm/src/common/data/
code-server-4.91.1-linux-amd64/lib/vscode/node_modules/@xterm/xterm/src/common/data/Charsets.ts
code-server-4.91.1-linux-amd64/lib/vscode/node_modules/@xterm/xterm/src/common/data/EscapeSequences.ts
code-server-4.91.1-linux-amd64/lib/vscode/node_modules/@xterm/xterm/src/common/Types.d.ts
code-server-4.91.1-linux-amd64/lib/vscode/node_modules/@xterm/xterm/src/common/MultiKeyMap.ts
code-server-4.91.1-linux-amd64/lib/vscode/node_modules/@xterm/xterm/src/common/EventEmitter.ts
code-server-4.91.1-linux-amd64/lib/vscode/node_modules/@xterm/xterm/src/common/InputHandler.ts
code-server-4.91.1-linux-amd64/lib/vscode/node_modules/@xterm/xterm/src/common/buffer/
code-server-4.91.1-linux-amd64/lib/vscode/node_modules/@xterm/xterm/src/common/buffer/BufferSet.ts
code-server-4.91.1-linux-amd64/lib/vscode/node_modules/@xterm/xterm/src/common/buffer/AttributeData.ts
code-server-4.91.1-linux-amd64/lib/vscode/node_modules/@xterm/xterm/src/common/buffer/Marker.ts
code-server-4.91.1-linux-amd64/lib/vscode/node_modules/@xterm/xterm/src/common/buffer/CellData.ts
code-server-4.91.1-linux-amd64/lib/vscode/node_modules/@xterm/xterm/src/common/buffer/Buffer.ts
code-server-4.91.1-linux-amd64/lib/vscode/node_modules/@xterm/xterm/src/common/buffer/BufferLine.ts
code-server-4.91.1-linux-amd64/lib/vscode/node_modules/@xterm/xterm/src/common/buffer/BufferReflow.ts
code-server-4.91.1-linux-amd64/lib/vscode/node_modules/@xterm/xterm/src/common/buffer/Constants.ts
code-server-4.91.1-linux-amd64/lib/vscode/node_modules/@xterm/xterm/src/common/buffer/Types.d.ts
code-server-4.91.1-linux-amd64/lib/vscode/node_modules/@xterm/xterm/src/common/buffer/BufferRange.ts
code-server-4.91.1-linux-amd64/lib/vscode/node_modules/@xterm/xterm/src/common/SortedList.ts
code-server-4.91.1-linux-amd64/lib/vscode/node_modules/@xterm/xterm/src/common/WindowsMode.ts
code-server-4.91.1-linux-amd64/lib/vscode/node_modules/@xterm/xterm/src/browser/
code-server-4.91.1-linux-amd64/lib/vscode/node_modules/@xterm/xterm/src/browser/Lifecycle.ts
code-server-4.91.1-linux-amd64/lib/vscode/node_modules/@xterm/xterm/src/browser/Linkifier.ts
code-server-4.91.1-linux-amd64/lib/vscode/node_modules/@xterm/xterm/src/browser/renderer/
code-server-4.91.1-linux-amd64/lib/vscode/node_modules/@xterm/xterm/src/browser/renderer/dom/
code-server-4.91.1-linux-amd64/lib/vscode/node_modules/@xterm/xterm/src/browser/renderer/dom/DomRenderer.ts
code-server-4.91.1-linux-amd64/lib/vscode/node_modules/@xterm/xterm/src/browser/renderer/dom/DomRendererRowFactory.ts
code-server-4.91.1-linux-amd64/lib/vscode/node_modules/@xterm/xterm/src/browser/renderer/dom/WidthCache.ts
code-server-4.91.1-linux-amd64/lib/vscode/node_modules/@xterm/xterm/src/browser/renderer/shared/
code-server-4.91.1-linux-amd64/lib/vscode/node_modules/@xterm/xterm/src/browser/renderer/shared/TextureAtlas.ts
code-server-4.91.1-linux-amd64/lib/vscode/node_modules/@xterm/xterm/src/browser/renderer/shared/CustomGlyphs.ts
code-server-4.91.1-linux-amd64/lib/vscode/node_modules/@xterm/xterm/src/browser/renderer/shared/DevicePixelObserver.ts
code-server-4.91.1-linux-amd64/lib/vscode/node_modules/@xterm/xterm/src/browser/renderer/shared/CursorBlinkStateManager.ts
code-server-4.91.1-linux-amd64/lib/vscode/node_modules/@xterm/xterm/src/browser/renderer/shared/CharAtlasCache.ts
code-server-4.91.1-linux-amd64/lib/vscode/node_modules/@xterm/xterm/src/browser/renderer/shared/CellColorResolver.ts
code-server-4.91.1-linux-amd64/lib/vscode/node_modules/@xterm/xterm/src/browser/renderer/shared/Constants.ts
code-server-4.91.1-linux-amd64/lib/vscode/node_modules/@xterm/xterm/src/browser/renderer/shared/Types.d.ts
code-server-4.91.1-linux-amd64/lib/vscode/node_modules/@xterm/xterm/src/browser/renderer/shared/SelectionRenderModel.ts
code-server-4.91.1-linux-amd64/lib/vscode/node_modules/@xterm/xterm/src/browser/renderer/shared/RendererUtils.ts
code-server-4.91.1-linux-amd64/lib/vscode/node_modules/@xterm/xterm/src/browser/renderer/shared/CharAtlasUtils.ts
code-server-4.91.1-linux-amd64/lib/vscode/node_modules/@xterm/xterm/src/browser/input/
code-server-4.91.1-linux-amd64/lib/vscode/node_modules/@xterm/xterm/src/browser/input/CompositionHelper.ts
code-server-4.91.1-linux-amd64/lib/vscode/node_modules/@xterm/xterm/src/browser/input/Mouse.ts
code-server-4.91.1-linux-amd64/lib/vscode/node_modules/@xterm/xterm/src/browser/input/MoveToCell.ts
code-server-4.91.1-linux-amd64/lib/vscode/node_modules/@xterm/xterm/src/browser/TimeBasedDebouncer.ts
code-server-4.91.1-linux-amd64/lib/vscode/node_modules/@xterm/xterm/src/browser/decorations/
code-server-4.91.1-linux-amd64/lib/vscode/node_modules/@xterm/xterm/src/browser/decorations/BufferDecorationRenderer.ts
code-server-4.91.1-linux-amd64/lib/vscode/node_modules/@xterm/xterm/src/browser/decorations/OverviewRulerRenderer.ts
code-server-4.91.1-linux-amd64/lib/vscode/node_modules/@xterm/xterm/src/browser/decorations/ColorZoneStore.ts
code-server-4.91.1-linux-amd64/lib/vscode/node_modules/@xterm/xterm/src/browser/Viewport.ts
code-server-4.91.1-linux-amd64/lib/vscode/node_modules/@xterm/xterm/src/browser/selection/
code-server-4.91.1-linux-amd64/lib/vscode/node_modules/@xterm/xterm/src/browser/selection/SelectionModel.ts
code-server-4.91.1-linux-amd64/lib/vscode/node_modules/@xterm/xterm/src/browser/selection/Types.d.ts
code-server-4.91.1-linux-amd64/lib/vscode/node_modules/@xterm/xterm/src/browser/ColorContrastCache.ts
code-server-4.91.1-linux-amd64/lib/vscode/node_modules/@xterm/xterm/src/browser/OscLinkProvider.ts
code-server-4.91.1-linux-amd64/lib/vscode/node_modules/@xterm/xterm/src/browser/LocalizableStrings.ts
code-server-4.91.1-linux-amd64/lib/vscode/node_modules/@xterm/xterm/src/browser/Clipboard.ts
code-server-4.91.1-linux-amd64/lib/vscode/node_modules/@xterm/xterm/src/browser/services/
code-server-4.91.1-linux-amd64/lib/vscode/node_modules/@xterm/xterm/src/browser/services/CharacterJoinerService.ts
code-server-4.91.1-linux-amd64/lib/vscode/node_modules/@xterm/xterm/src/browser/services/MouseService.ts
code-server-4.91.1-linux-amd64/lib/vscode/node_modules/@xterm/xterm/src/browser/services/ThemeService.ts
code-server-4.91.1-linux-amd64/lib/vscode/node_modules/@xterm/xterm/src/browser/services/SelectionService.ts
code-server-4.91.1-linux-amd64/lib/vscode/node_modules/@xterm/xterm/src/browser/services/CharSizeService.ts
code-server-4.91.1-linux-amd64/lib/vscode/node_modules/@xterm/xterm/src/browser/services/CoreBrowserService.ts
code-server-4.91.1-linux-amd64/lib/vscode/node_modules/@xterm/xterm/src/browser/services/LinkProviderService.ts
code-server-4.91.1-linux-amd64/lib/vscode/node_modules/@xterm/xterm/src/browser/services/Services.ts
code-server-4.91.1-linux-amd64/lib/vscode/node_modules/@xterm/xterm/src/browser/services/RenderService.ts
code-server-4.91.1-linux-amd64/lib/vscode/node_modules/@xterm/xterm/src/browser/public/
code-server-4.91.1-linux-amd64/lib/vscode/node_modules/@xterm/xterm/src/browser/public/Terminal.ts
code-server-4.91.1-linux-amd64/lib/vscode/node_modules/@xterm/xterm/src/browser/RenderDebouncer.ts
code-server-4.91.1-linux-amd64/lib/vscode/node_modules/@xterm/xterm/src/browser/Terminal.ts
code-server-4.91.1-linux-amd64/lib/vscode/node_modules/@xterm/xterm/src/browser/Types.d.ts
code-server-4.91.1-linux-amd64/lib/vscode/node_modules/@xterm/xterm/src/browser/AccessibilityManager.ts
code-server-4.91.1-linux-amd64/lib/vscode/node_modules/@xterm/addon-search/
code-server-4.91.1-linux-amd64/lib/vscode/node_modules/@xterm/addon-search/lib/
code-server-4.91.1-linux-amd64/lib/vscode/node_modules/@xterm/addon-search/lib/addon-search.js.map
code-server-4.91.1-linux-amd64/lib/vscode/node_modules/@xterm/addon-search/lib/addon-search.js
code-server-4.91.1-linux-amd64/lib/vscode/node_modules/@xterm/addon-search/README.md
code-server-4.91.1-linux-amd64/lib/vscode/node_modules/@xterm/addon-search/LICENSE
code-server-4.91.1-linux-amd64/lib/vscode/node_modules/@xterm/addon-search/typings/
code-server-4.91.1-linux-amd64/lib/vscode/node_modules/@xterm/addon-search/typings/addon-search.d.ts
code-server-4.91.1-linux-amd64/lib/vscode/node_modules/@xterm/addon-search/package.json
code-server-4.91.1-linux-amd64/lib/vscode/node_modules/@xterm/addon-search/src/
code-server-4.91.1-linux-amd64/lib/vscode/node_modules/@xterm/addon-search/src/SearchAddon.ts
code-server-4.91.1-linux-amd64/lib/vscode/node_modules/@xterm/addon-serialize/
code-server-4.91.1-linux-amd64/lib/vscode/node_modules/@xterm/addon-serialize/lib/
code-server-4.91.1-linux-amd64/lib/vscode/node_modules/@xterm/addon-serialize/lib/addon-serialize.js
code-server-4.91.1-linux-amd64/lib/vscode/node_modules/@xterm/addon-serialize/lib/addon-serialize.js.map
code-server-4.91.1-linux-amd64/lib/vscode/node_modules/@xterm/addon-serialize/README.md
code-server-4.91.1-linux-amd64/lib/vscode/node_modules/@xterm/addon-serialize/typings/
code-server-4.91.1-linux-amd64/lib/vscode/node_modules/@xterm/addon-serialize/typings/addon-serialize.d.ts
code-server-4.91.1-linux-amd64/lib/vscode/node_modules/@xterm/addon-serialize/package.json
code-server-4.91.1-linux-amd64/lib/vscode/node_modules/@xterm/addon-serialize/src/
code-server-4.91.1-linux-amd64/lib/vscode/node_modules/@xterm/addon-serialize/src/SerializeAddon.ts
code-server-4.91.1-linux-amd64/lib/vscode/node_modules/@xterm/addon-webgl/
code-server-4.91.1-linux-amd64/lib/vscode/node_modules/@xterm/addon-webgl/lib/
code-server-4.91.1-linux-amd64/lib/vscode/node_modules/@xterm/addon-webgl/lib/addon-webgl.js.map
code-server-4.91.1-linux-amd64/lib/vscode/node_modules/@xterm/addon-webgl/lib/addon-webgl.js
code-server-4.91.1-linux-amd64/lib/vscode/node_modules/@xterm/addon-webgl/README.md
code-server-4.91.1-linux-amd64/lib/vscode/node_modules/@xterm/addon-webgl/LICENSE
code-server-4.91.1-linux-amd64/lib/vscode/node_modules/@xterm/addon-webgl/typings/
code-server-4.91.1-linux-amd64/lib/vscode/node_modules/@xterm/addon-webgl/typings/addon-webgl.d.ts
code-server-4.91.1-linux-amd64/lib/vscode/node_modules/@xterm/addon-webgl/package.json
code-server-4.91.1-linux-amd64/lib/vscode/node_modules/@xterm/addon-webgl/src/
code-server-4.91.1-linux-amd64/lib/vscode/node_modules/@xterm/addon-webgl/src/renderLayer/
code-server-4.91.1-linux-amd64/lib/vscode/node_modules/@xterm/addon-webgl/src/renderLayer/LinkRenderLayer.ts
code-server-4.91.1-linux-amd64/lib/vscode/node_modules/@xterm/addon-webgl/src/renderLayer/Types.ts
code-server-4.91.1-linux-amd64/lib/vscode/node_modules/@xterm/addon-webgl/src/renderLayer/BaseRenderLayer.ts
code-server-4.91.1-linux-amd64/lib/vscode/node_modules/@xterm/addon-webgl/src/WebglUtils.ts
code-server-4.91.1-linux-amd64/lib/vscode/node_modules/@xterm/addon-webgl/src/WebglAddon.ts
code-server-4.91.1-linux-amd64/lib/vscode/node_modules/@xterm/addon-webgl/src/RectangleRenderer.ts
code-server-4.91.1-linux-amd64/lib/vscode/node_modules/@xterm/addon-webgl/src/WebglRenderer.ts
code-server-4.91.1-linux-amd64/lib/vscode/node_modules/@xterm/addon-webgl/src/RenderModel.ts
code-server-4.91.1-linux-amd64/lib/vscode/node_modules/@xterm/addon-webgl/src/TypedArray.ts
code-server-4.91.1-linux-amd64/lib/vscode/node_modules/@xterm/addon-webgl/src/Types.d.ts
code-server-4.91.1-linux-amd64/lib/vscode/node_modules/@xterm/addon-webgl/src/GlyphRenderer.ts
code-server-4.91.1-linux-amd64/lib/vscode/node_modules/@xterm/headless/
code-server-4.91.1-linux-amd64/lib/vscode/node_modules/@xterm/headless/README.md
code-server-4.91.1-linux-amd64/lib/vscode/node_modules/@xterm/headless/typings/
code-server-4.91.1-linux-amd64/lib/vscode/node_modules/@xterm/headless/typings/xterm-headless.d.ts
code-server-4.91.1-linux-amd64/lib/vscode/node_modules/@xterm/headless/package.json
code-server-4.91.1-linux-amd64/lib/vscode/node_modules/@xterm/headless/lib-headless/
code-server-4.91.1-linux-amd64/lib/vscode/node_modules/@xterm/headless/lib-headless/xterm-headless.js
code-server-4.91.1-linux-amd64/lib/vscode/node_modules/@xterm/headless/lib-headless/xterm-headless.js.map
code-server-4.91.1-linux-amd64/lib/vscode/node_modules/@xterm/addon-unicode11/
code-server-4.91.1-linux-amd64/lib/vscode/node_modules/@xterm/addon-unicode11/lib/
code-server-4.91.1-linux-amd64/lib/vscode/node_modules/@xterm/addon-unicode11/lib/addon-unicode11.js.map
code-server-4.91.1-linux-amd64/lib/vscode/node_modules/@xterm/addon-unicode11/lib/addon-unicode11.js
code-server-4.91.1-linux-amd64/lib/vscode/node_modules/@xterm/addon-unicode11/README.md
code-server-4.91.1-linux-amd64/lib/vscode/node_modules/@xterm/addon-unicode11/LICENSE
code-server-4.91.1-linux-amd64/lib/vscode/node_modules/@xterm/addon-unicode11/typings/
code-server-4.91.1-linux-amd64/lib/vscode/node_modules/@xterm/addon-unicode11/typings/addon-unicode11.d.ts
code-server-4.91.1-linux-amd64/lib/vscode/node_modules/@xterm/addon-unicode11/package.json
code-server-4.91.1-linux-amd64/lib/vscode/node_modules/@xterm/addon-unicode11/src/
code-server-4.91.1-linux-amd64/lib/vscode/node_modules/@xterm/addon-unicode11/src/Unicode11Addon.ts
code-server-4.91.1-linux-amd64/lib/vscode/node_modules/@xterm/addon-unicode11/src/UnicodeV11.ts
code-server-4.91.1-linux-amd64/lib/vscode/node_modules/@xterm/addon-clipboard/
code-server-4.91.1-linux-amd64/lib/vscode/node_modules/@xterm/addon-clipboard/lib/
code-server-4.91.1-linux-amd64/lib/vscode/node_modules/@xterm/addon-clipboard/lib/addon-clipboard.js
code-server-4.91.1-linux-amd64/lib/vscode/node_modules/@xterm/addon-clipboard/lib/addon-clipboard.js.map
code-server-4.91.1-linux-amd64/lib/vscode/node_modules/@xterm/addon-clipboard/README.md
code-server-4.91.1-linux-amd64/lib/vscode/node_modules/@xterm/addon-clipboard/LICENSE
code-server-4.91.1-linux-amd64/lib/vscode/node_modules/@xterm/addon-clipboard/typings/
code-server-4.91.1-linux-amd64/lib/vscode/node_modules/@xterm/addon-clipboard/typings/addon-clipboard.d.ts
code-server-4.91.1-linux-amd64/lib/vscode/node_modules/@xterm/addon-clipboard/package.json
code-server-4.91.1-linux-amd64/lib/vscode/node_modules/@xterm/addon-clipboard/src/
code-server-4.91.1-linux-amd64/lib/vscode/node_modules/@xterm/addon-clipboard/src/ClipboardAddon.ts
code-server-4.91.1-linux-amd64/lib/vscode/node_modules/@xterm/addon-image/
code-server-4.91.1-linux-amd64/lib/vscode/node_modules/@xterm/addon-image/lib/
code-server-4.91.1-linux-amd64/lib/vscode/node_modules/@xterm/addon-image/lib/addon-image.js.map
code-server-4.91.1-linux-amd64/lib/vscode/node_modules/@xterm/addon-image/lib/addon-image.js
code-server-4.91.1-linux-amd64/lib/vscode/node_modules/@xterm/addon-image/lib/addon-image.js.LICENSE.txt
code-server-4.91.1-linux-amd64/lib/vscode/node_modules/@xterm/addon-image/README.md
code-server-4.91.1-linux-amd64/lib/vscode/node_modules/@xterm/addon-image/LICENSE
code-server-4.91.1-linux-amd64/lib/vscode/node_modules/@xterm/addon-image/typings/
code-server-4.91.1-linux-amd64/lib/vscode/node_modules/@xterm/addon-image/typings/addon-image.d.ts
code-server-4.91.1-linux-amd64/lib/vscode/node_modules/@xterm/addon-image/package.json
code-server-4.91.1-linux-amd64/lib/vscode/node_modules/@xterm/addon-image/src/
code-server-4.91.1-linux-amd64/lib/vscode/node_modules/@xterm/addon-image/src/ImageAddon.ts
code-server-4.91.1-linux-amd64/lib/vscode/node_modules/@xterm/addon-image/src/IIPHeaderParser.test.ts
code-server-4.91.1-linux-amd64/lib/vscode/node_modules/@xterm/addon-image/src/SixelHandler.ts
code-server-4.91.1-linux-amd64/lib/vscode/node_modules/@xterm/addon-image/src/ImageStorage.ts
code-server-4.91.1-linux-amd64/lib/vscode/node_modules/@xterm/addon-image/src/IIPMetrics.ts
code-server-4.91.1-linux-amd64/lib/vscode/node_modules/@xterm/addon-image/src/IIPHandler.ts
code-server-4.91.1-linux-amd64/lib/vscode/node_modules/@xterm/addon-image/src/Types.d.ts
code-server-4.91.1-linux-amd64/lib/vscode/node_modules/@xterm/addon-image/src/IIPMetrics.test.ts
code-server-4.91.1-linux-amd64/lib/vscode/node_modules/@xterm/addon-image/src/ImageRenderer.ts
code-server-4.91.1-linux-amd64/lib/vscode/node_modules/@xterm/addon-image/src/IIPHeaderParser.ts
code-server-4.91.1-linux-amd64/lib/vscode/node_modules/@xterm/addon-image/out/
code-server-4.91.1-linux-amd64/lib/vscode/node_modules/@xterm/addon-image/out/ImageRenderer.js
code-server-4.91.1-linux-amd64/lib/vscode/node_modules/@xterm/addon-image/out/IIPHeaderParser.js.map
code-server-4.91.1-linux-amd64/lib/vscode/node_modules/@xterm/addon-image/out/IIPHeaderParser.test.js.map
code-server-4.91.1-linux-amd64/lib/vscode/node_modules/@xterm/addon-image/out/IIPHeaderParser.js
code-server-4.91.1-linux-amd64/lib/vscode/node_modules/@xterm/addon-image/out/IIPMetrics.js.map
code-server-4.91.1-linux-amd64/lib/vscode/node_modules/@xterm/addon-image/out/IIPHeaderParser.test.js
code-server-4.91.1-linux-amd64/lib/vscode/node_modules/@xterm/addon-image/out/ImageAddon.js.map
code-server-4.91.1-linux-amd64/lib/vscode/node_modules/@xterm/addon-image/out/SixelHandler.js.map
code-server-4.91.1-linux-amd64/lib/vscode/node_modules/@xterm/addon-image/out/ImageStorage.js
code-server-4.91.1-linux-amd64/lib/vscode/node_modules/@xterm/addon-image/out/ImageStorage.js.map
code-server-4.91.1-linux-amd64/lib/vscode/node_modules/@xterm/addon-image/out/SixelHandler.js
code-server-4.91.1-linux-amd64/lib/vscode/node_modules/@xterm/addon-image/out/IIPMetrics.test.js
code-server-4.91.1-linux-amd64/lib/vscode/node_modules/@xterm/addon-image/out/ImageRenderer.js.map
code-server-4.91.1-linux-amd64/lib/vscode/node_modules/@xterm/addon-image/out/IIPHandler.js
code-server-4.91.1-linux-amd64/lib/vscode/node_modules/@xterm/addon-image/out/ImageAddon.js
code-server-4.91.1-linux-amd64/lib/vscode/node_modules/@xterm/addon-image/out/IIPMetrics.js
code-server-4.91.1-linux-amd64/lib/vscode/node_modules/@xterm/addon-image/out/IIPMetrics.test.js.map
code-server-4.91.1-linux-amd64/lib/vscode/node_modules/@xterm/addon-image/out/IIPHandler.js.map
code-server-4.91.1-linux-amd64/lib/vscode/node_modules/is-glob/
code-server-4.91.1-linux-amd64/lib/vscode/node_modules/is-glob/README.md
code-server-4.91.1-linux-amd64/lib/vscode/node_modules/is-glob/LICENSE
code-server-4.91.1-linux-amd64/lib/vscode/node_modules/is-glob/index.js
code-server-4.91.1-linux-amd64/lib/vscode/node_modules/is-glob/package.json
code-server-4.91.1-linux-amd64/lib/vscode/node_modules/vscode-regexpp/
code-server-4.91.1-linux-amd64/lib/vscode/node_modules/vscode-regexpp/index.mjs.map
code-server-4.91.1-linux-amd64/lib/vscode/node_modules/vscode-regexpp/index.js.map
code-server-4.91.1-linux-amd64/lib/vscode/node_modules/vscode-regexpp/README.md
code-server-4.91.1-linux-amd64/lib/vscode/node_modules/vscode-regexpp/LICENSE
code-server-4.91.1-linux-amd64/lib/vscode/node_modules/vscode-regexpp/index.js
code-server-4.91.1-linux-amd64/lib/vscode/node_modules/vscode-regexpp/package.json
code-server-4.91.1-linux-amd64/lib/vscode/node_modules/vscode-regexpp/index.mjs
code-server-4.91.1-linux-amd64/lib/vscode/node_modules/vscode-regexpp/index.d.ts
code-server-4.91.1-linux-amd64/lib/vscode/out/
code-server-4.91.1-linux-amd64/lib/vscode/out/bootstrap-node.js
code-server-4.91.1-linux-amd64/lib/vscode/out/bootstrap.js.map
code-server-4.91.1-linux-amd64/lib/vscode/out/server-cli.js.map
code-server-4.91.1-linux-amd64/lib/vscode/out/bootstrap-fork.js
code-server-4.91.1-linux-amd64/lib/vscode/out/bootstrap-amd.js
code-server-4.91.1-linux-amd64/lib/vscode/out/nls.metadata.json
code-server-4.91.1-linux-amd64/lib/vscode/out/vs/
code-server-4.91.1-linux-amd64/lib/vscode/out/vs/webPackagePaths.js.map
code-server-4.91.1-linux-amd64/lib/vscode/out/vs/loader.js.map
code-server-4.91.1-linux-amd64/lib/vscode/out/vs/workbench/
code-server-4.91.1-linux-amd64/lib/vscode/out/vs/workbench/workbench.web.main.js.map
code-server-4.91.1-linux-amd64/lib/vscode/out/vs/workbench/workbench.web.main.css
code-server-4.91.1-linux-amd64/lib/vscode/out/vs/workbench/api/
code-server-4.91.1-linux-amd64/lib/vscode/out/vs/workbench/api/worker/
code-server-4.91.1-linux-amd64/lib/vscode/out/vs/workbench/api/worker/extensionHostWorker.nls.js.map
code-server-4.91.1-linux-amd64/lib/vscode/out/vs/workbench/api/worker/extensionHostWorker.nls.js
code-server-4.91.1-linux-amd64/lib/vscode/out/vs/workbench/api/worker/extensionHostWorker.js.map
code-server-4.91.1-linux-amd64/lib/vscode/out/vs/workbench/api/worker/extensionHostWorker.js
code-server-4.91.1-linux-amd64/lib/vscode/out/vs/workbench/api/node/
code-server-4.91.1-linux-amd64/lib/vscode/out/vs/workbench/api/node/extensionHostProcess.nls.js
code-server-4.91.1-linux-amd64/lib/vscode/out/vs/workbench/api/node/extensionHostProcess.nls.js.map
code-server-4.91.1-linux-amd64/lib/vscode/out/vs/workbench/api/node/extensionHostProcess.js
code-server-4.91.1-linux-amd64/lib/vscode/out/vs/workbench/api/node/extensionHostProcess.js.map
code-server-4.91.1-linux-amd64/lib/vscode/out/vs/workbench/workbench.web.main.nls.js
code-server-4.91.1-linux-amd64/lib/vscode/out/vs/workbench/services/
code-server-4.91.1-linux-amd64/lib/vscode/out/vs/workbench/services/languageDetection/
code-server-4.91.1-linux-amd64/lib/vscode/out/vs/workbench/services/languageDetection/browser/
code-server-4.91.1-linux-amd64/lib/vscode/out/vs/workbench/services/languageDetection/browser/languageDetectionSimpleWorker.js
code-server-4.91.1-linux-amd64/lib/vscode/out/vs/workbench/services/languageDetection/browser/languageDetectionSimpleWorker.js.map
code-server-4.91.1-linux-amd64/lib/vscode/out/vs/workbench/services/textfile/
code-server-4.91.1-linux-amd64/lib/vscode/out/vs/workbench/services/textfile/test/
code-server-4.91.1-linux-amd64/lib/vscode/out/vs/workbench/services/textfile/test/node/
code-server-4.91.1-linux-amd64/lib/vscode/out/vs/workbench/services/textfile/test/node/encoding/
code-server-4.91.1-linux-amd64/lib/vscode/out/vs/workbench/services/textfile/test/node/encoding/fixtures/
code-server-4.91.1-linux-amd64/lib/vscode/out/vs/workbench/services/textfile/test/node/encoding/fixtures/some.json.png
code-server-4.91.1-linux-amd64/lib/vscode/out/vs/workbench/services/textfile/test/node/encoding/fixtures/some.xml.png
code-server-4.91.1-linux-amd64/lib/vscode/out/vs/workbench/services/keybinding/
code-server-4.91.1-linux-amd64/lib/vscode/out/vs/workbench/services/keybinding/browser/
code-server-4.91.1-linux-amd64/lib/vscode/out/vs/workbench/services/keybinding/browser/keyboardLayouts/
code-server-4.91.1-linux-amd64/lib/vscode/out/vs/workbench/services/keybinding/browser/keyboardLayouts/layout.contribution.win.js.map
code-server-4.91.1-linux-amd64/lib/vscode/out/vs/workbench/services/keybinding/browser/keyboardLayouts/layout.contribution.darwin.js
code-server-4.91.1-linux-amd64/lib/vscode/out/vs/workbench/services/keybinding/browser/keyboardLayouts/layout.contribution.win.js
code-server-4.91.1-linux-amd64/lib/vscode/out/vs/workbench/services/keybinding/browser/keyboardLayouts/layout.contribution.darwin.js.map
code-server-4.91.1-linux-amd64/lib/vscode/out/vs/workbench/services/keybinding/browser/keyboardLayouts/layout.contribution.linux.js.map
code-server-4.91.1-linux-amd64/lib/vscode/out/vs/workbench/services/keybinding/browser/keyboardLayouts/layout.contribution.linux.js
code-server-4.91.1-linux-amd64/lib/vscode/out/vs/workbench/services/textMate/
code-server-4.91.1-linux-amd64/lib/vscode/out/vs/workbench/services/textMate/browser/
code-server-4.91.1-linux-amd64/lib/vscode/out/vs/workbench/services/textMate/browser/backgroundTokenization/
code-server-4.91.1-linux-amd64/lib/vscode/out/vs/workbench/services/textMate/browser/backgroundTokenization/worker/
code-server-4.91.1-linux-amd64/lib/vscode/out/vs/workbench/services/textMate/browser/backgroundTokenization/worker/textMateTokenizationWorker.worker.js.map
code-server-4.91.1-linux-amd64/lib/vscode/out/vs/workbench/services/textMate/browser/backgroundTokenization/worker/textMateTokenizationWorker.worker.js
code-server-4.91.1-linux-amd64/lib/vscode/out/vs/workbench/services/extensionManagement/
code-server-4.91.1-linux-amd64/lib/vscode/out/vs/workbench/services/extensionManagement/common/
code-server-4.91.1-linux-amd64/lib/vscode/out/vs/workbench/services/extensionManagement/common/media/
code-server-4.91.1-linux-amd64/lib/vscode/out/vs/workbench/services/extensionManagement/common/media/defaultIcon.png
code-server-4.91.1-linux-amd64/lib/vscode/out/vs/workbench/services/search/
code-server-4.91.1-linux-amd64/lib/vscode/out/vs/workbench/services/search/worker/
code-server-4.91.1-linux-amd64/lib/vscode/out/vs/workbench/services/search/worker/localFileSearch.js
code-server-4.91.1-linux-amd64/lib/vscode/out/vs/workbench/services/search/worker/localFileSearch.js.map
code-server-4.91.1-linux-amd64/lib/vscode/out/vs/workbench/services/extensions/
code-server-4.91.1-linux-amd64/lib/vscode/out/vs/workbench/services/extensions/worker/
code-server-4.91.1-linux-amd64/lib/vscode/out/vs/workbench/services/extensions/worker/webWorkerExtensionHostIframe.html
code-server-4.91.1-linux-amd64/lib/vscode/out/vs/workbench/browser/
code-server-4.91.1-linux-amd64/lib/vscode/out/vs/workbench/browser/parts/
code-server-4.91.1-linux-amd64/lib/vscode/out/vs/workbench/browser/parts/editor/
code-server-4.91.1-linux-amd64/lib/vscode/out/vs/workbench/browser/parts/editor/media/
code-server-4.91.1-linux-amd64/lib/vscode/out/vs/workbench/browser/parts/editor/media/back-tb.png
code-server-4.91.1-linux-amd64/lib/vscode/out/vs/workbench/browser/parts/editor/media/forward-tb.png
code-server-4.91.1-linux-amd64/lib/vscode/out/vs/workbench/contrib/
code-server-4.91.1-linux-amd64/lib/vscode/out/vs/workbench/contrib/webview/
code-server-4.91.1-linux-amd64/lib/vscode/out/vs/workbench/contrib/webview/browser/
code-server-4.91.1-linux-amd64/lib/vscode/out/vs/workbench/contrib/webview/browser/pre/
code-server-4.91.1-linux-amd64/lib/vscode/out/vs/workbench/contrib/webview/browser/pre/fake.html
code-server-4.91.1-linux-amd64/lib/vscode/out/vs/workbench/contrib/webview/browser/pre/index-no-csp.html
code-server-4.91.1-linux-amd64/lib/vscode/out/vs/workbench/contrib/webview/browser/pre/index.html
code-server-4.91.1-linux-amd64/lib/vscode/out/vs/workbench/contrib/webview/browser/pre/service-worker.js.map
code-server-4.91.1-linux-amd64/lib/vscode/out/vs/workbench/contrib/webview/browser/pre/service-worker.js
code-server-4.91.1-linux-amd64/lib/vscode/out/vs/workbench/contrib/output/
code-server-4.91.1-linux-amd64/lib/vscode/out/vs/workbench/contrib/output/common/
code-server-4.91.1-linux-amd64/lib/vscode/out/vs/workbench/contrib/output/common/outputLinkComputer.js
code-server-4.91.1-linux-amd64/lib/vscode/out/vs/workbench/contrib/output/common/outputLinkComputer.js.map
code-server-4.91.1-linux-amd64/lib/vscode/out/vs/workbench/contrib/welcomeGettingStarted/
code-server-4.91.1-linux-amd64/lib/vscode/out/vs/workbench/contrib/welcomeGettingStarted/common/
code-server-4.91.1-linux-amd64/lib/vscode/out/vs/workbench/contrib/welcomeGettingStarted/common/media/
code-server-4.91.1-linux-amd64/lib/vscode/out/vs/workbench/contrib/welcomeGettingStarted/common/media/git.svg
code-server-4.91.1-linux-amd64/lib/vscode/out/vs/workbench/contrib/welcomeGettingStarted/common/media/dark-hc.png
code-server-4.91.1-linux-amd64/lib/vscode/out/vs/workbench/contrib/welcomeGettingStarted/common/media/runTask.svg
code-server-4.91.1-linux-amd64/lib/vscode/out/vs/workbench/contrib/welcomeGettingStarted/common/media/search.svg
code-server-4.91.1-linux-amd64/lib/vscode/out/vs/workbench/contrib/welcomeGettingStarted/common/media/notebookThemes/
code-server-4.91.1-linux-amd64/lib/vscode/out/vs/workbench/contrib/welcomeGettingStarted/common/media/notebookThemes/default.png
code-server-4.91.1-linux-amd64/lib/vscode/out/vs/workbench/contrib/welcomeGettingStarted/common/media/notebookThemes/jupyter.png
code-server-4.91.1-linux-amd64/lib/vscode/out/vs/workbench/contrib/welcomeGettingStarted/common/media/notebookThemes/colab.png
code-server-4.91.1-linux-amd64/lib/vscode/out/vs/workbench/contrib/welcomeGettingStarted/common/media/menuBar.svg
code-server-4.91.1-linux-amd64/lib/vscode/out/vs/workbench/contrib/welcomeGettingStarted/common/media/openFolder.svg
code-server-4.91.1-linux-amd64/lib/vscode/out/vs/workbench/contrib/welcomeGettingStarted/common/media/terminal.svg
code-server-4.91.1-linux-amd64/lib/vscode/out/vs/workbench/contrib/welcomeGettingStarted/common/media/extensions.svg
code-server-4.91.1-linux-amd64/lib/vscode/out/vs/workbench/contrib/welcomeGettingStarted/common/media/dark.png
code-server-4.91.1-linux-amd64/lib/vscode/out/vs/workbench/contrib/welcomeGettingStarted/common/media/settings.svg
code-server-4.91.1-linux-amd64/lib/vscode/out/vs/workbench/contrib/welcomeGettingStarted/common/media/extensions-web.svg
code-server-4.91.1-linux-amd64/lib/vscode/out/vs/workbench/contrib/welcomeGettingStarted/common/media/shortcuts.svg
code-server-4.91.1-linux-amd64/lib/vscode/out/vs/workbench/contrib/welcomeGettingStarted/common/media/light-hc.png
code-server-4.91.1-linux-amd64/lib/vscode/out/vs/workbench/contrib/welcomeGettingStarted/common/media/workspaceTrust.svg
code-server-4.91.1-linux-amd64/lib/vscode/out/vs/workbench/contrib/welcomeGettingStarted/common/media/commandPalette.svg
code-server-4.91.1-linux-amd64/lib/vscode/out/vs/workbench/contrib/welcomeGettingStarted/common/media/languages.svg
code-server-4.91.1-linux-amd64/lib/vscode/out/vs/workbench/contrib/welcomeGettingStarted/common/media/debug.svg
code-server-4.91.1-linux-amd64/lib/vscode/out/vs/workbench/contrib/welcomeGettingStarted/common/media/learn.svg
code-server-4.91.1-linux-amd64/lib/vscode/out/vs/workbench/contrib/welcomeGettingStarted/common/media/settingsSync.svg
code-server-4.91.1-linux-amd64/lib/vscode/out/vs/workbench/contrib/welcomeGettingStarted/common/media/profiles.svg
code-server-4.91.1-linux-amd64/lib/vscode/out/vs/workbench/contrib/welcomeGettingStarted/common/media/light.png
code-server-4.91.1-linux-amd64/lib/vscode/out/vs/workbench/contrib/extensions/
code-server-4.91.1-linux-amd64/lib/vscode/out/vs/workbench/contrib/extensions/browser/
code-server-4.91.1-linux-amd64/lib/vscode/out/vs/workbench/contrib/extensions/browser/media/
code-server-4.91.1-linux-amd64/lib/vscode/out/vs/workbench/contrib/extensions/browser/media/theme-icon.png
code-server-4.91.1-linux-amd64/lib/vscode/out/vs/workbench/contrib/extensions/browser/media/language-icon.svg
code-server-4.91.1-linux-amd64/lib/vscode/out/vs/workbench/contrib/notebook/
code-server-4.91.1-linux-amd64/lib/vscode/out/vs/workbench/contrib/notebook/common/
code-server-4.91.1-linux-amd64/lib/vscode/out/vs/workbench/contrib/notebook/common/services/
code-server-4.91.1-linux-amd64/lib/vscode/out/vs/workbench/contrib/notebook/common/services/notebookSimpleWorker.js.map
code-server-4.91.1-linux-amd64/lib/vscode/out/vs/workbench/contrib/notebook/common/services/notebookSimpleWorker.js
code-server-4.91.1-linux-amd64/lib/vscode/out/vs/workbench/contrib/notebook/common/services/notebookSimpleWorker.nls.js.map
code-server-4.91.1-linux-amd64/lib/vscode/out/vs/workbench/contrib/notebook/common/services/notebookSimpleWorker.nls.js
code-server-4.91.1-linux-amd64/lib/vscode/out/vs/workbench/contrib/debug/
code-server-4.91.1-linux-amd64/lib/vscode/out/vs/workbench/contrib/debug/browser/
code-server-4.91.1-linux-amd64/lib/vscode/out/vs/workbench/contrib/debug/browser/media/
code-server-4.91.1-linux-amd64/lib/vscode/out/vs/workbench/contrib/debug/browser/media/continue-tb.png
code-server-4.91.1-linux-amd64/lib/vscode/out/vs/workbench/contrib/debug/browser/media/stepover-tb.png
code-server-4.91.1-linux-amd64/lib/vscode/out/vs/workbench/contrib/debug/browser/media/restart-tb.png
code-server-4.91.1-linux-amd64/lib/vscode/out/vs/workbench/contrib/debug/browser/media/run-with-debugging-tb.png
code-server-4.91.1-linux-amd64/lib/vscode/out/vs/workbench/contrib/debug/browser/media/stepinto-tb.png
code-server-4.91.1-linux-amd64/lib/vscode/out/vs/workbench/contrib/debug/browser/media/pause-tb.png
code-server-4.91.1-linux-amd64/lib/vscode/out/vs/workbench/contrib/debug/browser/media/stepout-tb.png
code-server-4.91.1-linux-amd64/lib/vscode/out/vs/workbench/contrib/debug/browser/media/stop-tb.png
code-server-4.91.1-linux-amd64/lib/vscode/out/vs/workbench/contrib/terminal/
code-server-4.91.1-linux-amd64/lib/vscode/out/vs/workbench/contrib/terminal/browser/
code-server-4.91.1-linux-amd64/lib/vscode/out/vs/workbench/contrib/terminal/browser/media/
code-server-4.91.1-linux-amd64/lib/vscode/out/vs/workbench/contrib/terminal/browser/media/shellIntegration-bash.sh
code-server-4.91.1-linux-amd64/lib/vscode/out/vs/workbench/contrib/terminal/browser/media/shellIntegration-rc.zsh
code-server-4.91.1-linux-amd64/lib/vscode/out/vs/workbench/contrib/terminal/browser/media/shellIntegration-profile.zsh
code-server-4.91.1-linux-amd64/lib/vscode/out/vs/workbench/contrib/terminal/browser/media/shellIntegration-env.zsh
code-server-4.91.1-linux-amd64/lib/vscode/out/vs/workbench/contrib/terminal/browser/media/fish_xdg_data/
code-server-4.91.1-linux-amd64/lib/vscode/out/vs/workbench/contrib/terminal/browser/media/fish_xdg_data/fish/
code-server-4.91.1-linux-amd64/lib/vscode/out/vs/workbench/contrib/terminal/browser/media/fish_xdg_data/fish/vendor_conf.d/
code-server-4.91.1-linux-amd64/lib/vscode/out/vs/workbench/contrib/terminal/browser/media/fish_xdg_data/fish/vendor_conf.d/shellIntegration.fish
code-server-4.91.1-linux-amd64/lib/vscode/out/vs/workbench/contrib/terminal/browser/media/shellIntegration.ps1
code-server-4.91.1-linux-amd64/lib/vscode/out/vs/workbench/contrib/terminal/browser/media/shellIntegration-login.zsh
code-server-4.91.1-linux-amd64/lib/vscode/out/vs/workbench/workbench.web.main.js
code-server-4.91.1-linux-amd64/lib/vscode/out/vs/workbench/workbench.web.main.nls.js.map
code-server-4.91.1-linux-amd64/lib/vscode/out/vs/editor/
code-server-4.91.1-linux-amd64/lib/vscode/out/vs/editor/standalone/
code-server-4.91.1-linux-amd64/lib/vscode/out/vs/editor/standalone/browser/
code-server-4.91.1-linux-amd64/lib/vscode/out/vs/editor/standalone/browser/iPadShowKeyboard/
code-server-4.91.1-linux-amd64/lib/vscode/out/vs/editor/standalone/browser/iPadShowKeyboard/keyboard-light.svg
code-server-4.91.1-linux-amd64/lib/vscode/out/vs/editor/standalone/browser/iPadShowKeyboard/keyboard-dark.svg
code-server-4.91.1-linux-amd64/lib/vscode/out/vs/editor/common/
code-server-4.91.1-linux-amd64/lib/vscode/out/vs/editor/common/services/
code-server-4.91.1-linux-amd64/lib/vscode/out/vs/editor/common/services/editorSimpleWorker.nls.js.map
code-server-4.91.1-linux-amd64/lib/vscode/out/vs/editor/common/services/editorSimpleWorker.nls.js
code-server-4.91.1-linux-amd64/lib/vscode/out/vs/server/
code-server-4.91.1-linux-amd64/lib/vscode/out/vs/server/node/
code-server-4.91.1-linux-amd64/lib/vscode/out/vs/server/node/server.cli.nls.js.map
code-server-4.91.1-linux-amd64/lib/vscode/out/vs/server/node/server.cli.nls.js
code-server-4.91.1-linux-amd64/lib/vscode/out/vs/server/node/server.cli.js
code-server-4.91.1-linux-amd64/lib/vscode/out/vs/server/node/server.cli.js.map
code-server-4.91.1-linux-amd64/lib/vscode/out/vs/server/node/server.main.js.map
code-server-4.91.1-linux-amd64/lib/vscode/out/vs/server/node/server.main.nls.js
code-server-4.91.1-linux-amd64/lib/vscode/out/vs/server/node/server.main.js
code-server-4.91.1-linux-amd64/lib/vscode/out/vs/server/node/server.main.nls.js.map
code-server-4.91.1-linux-amd64/lib/vscode/out/vs/loader.js
code-server-4.91.1-linux-amd64/lib/vscode/out/vs/platform/
code-server-4.91.1-linux-amd64/lib/vscode/out/vs/platform/accessibilitySignal/
code-server-4.91.1-linux-amd64/lib/vscode/out/vs/platform/accessibilitySignal/browser/
code-server-4.91.1-linux-amd64/lib/vscode/out/vs/platform/accessibilitySignal/browser/media/
code-server-4.91.1-linux-amd64/lib/vscode/out/vs/platform/accessibilitySignal/browser/media/voiceRecordingStarted.mp3
code-server-4.91.1-linux-amd64/lib/vscode/out/vs/platform/accessibilitySignal/browser/media/diffLineInserted.mp3
code-server-4.91.1-linux-amd64/lib/vscode/out/vs/platform/accessibilitySignal/browser/media/chatResponseReceived3.mp3
code-server-4.91.1-linux-amd64/lib/vscode/out/vs/platform/accessibilitySignal/browser/media/save.mp3
code-server-4.91.1-linux-amd64/lib/vscode/out/vs/platform/accessibilitySignal/browser/media/format.mp3
code-server-4.91.1-linux-amd64/lib/vscode/out/vs/platform/accessibilitySignal/browser/media/diffLineDeleted.mp3
code-server-4.91.1-linux-amd64/lib/vscode/out/vs/platform/accessibilitySignal/browser/media/taskCompleted.mp3
code-server-4.91.1-linux-amd64/lib/vscode/out/vs/platform/accessibilitySignal/browser/media/chatRequestSent.mp3
code-server-4.91.1-linux-amd64/lib/vscode/out/vs/platform/accessibilitySignal/browser/media/chatResponseReceived1.mp3
code-server-4.91.1-linux-amd64/lib/vscode/out/vs/platform/accessibilitySignal/browser/media/chatResponseReceived4.mp3
code-server-4.91.1-linux-amd64/lib/vscode/out/vs/platform/accessibilitySignal/browser/media/diffLineModified.mp3
code-server-4.91.1-linux-amd64/lib/vscode/out/vs/platform/accessibilitySignal/browser/media/success.mp3
code-server-4.91.1-linux-amd64/lib/vscode/out/vs/platform/accessibilitySignal/browser/media/clear.mp3
code-server-4.91.1-linux-amd64/lib/vscode/out/vs/platform/accessibilitySignal/browser/media/break.mp3
code-server-4.91.1-linux-amd64/lib/vscode/out/vs/platform/accessibilitySignal/browser/media/progress.mp3
code-server-4.91.1-linux-amd64/lib/vscode/out/vs/platform/accessibilitySignal/browser/media/taskFailed.mp3
code-server-4.91.1-linux-amd64/lib/vscode/out/vs/platform/accessibilitySignal/browser/media/foldedAreas.mp3
code-server-4.91.1-linux-amd64/lib/vscode/out/vs/platform/accessibilitySignal/browser/media/quickFixes.mp3
code-server-4.91.1-linux-amd64/lib/vscode/out/vs/platform/accessibilitySignal/browser/media/voiceRecordingStopped.mp3
code-server-4.91.1-linux-amd64/lib/vscode/out/vs/platform/accessibilitySignal/browser/media/terminalBell.mp3
code-server-4.91.1-linux-amd64/lib/vscode/out/vs/platform/accessibilitySignal/browser/media/chatResponseReceived2.mp3
code-server-4.91.1-linux-amd64/lib/vscode/out/vs/platform/accessibilitySignal/browser/media/warning.mp3
code-server-4.91.1-linux-amd64/lib/vscode/out/vs/platform/accessibilitySignal/browser/media/error.mp3
code-server-4.91.1-linux-amd64/lib/vscode/out/vs/platform/files/
code-server-4.91.1-linux-amd64/lib/vscode/out/vs/platform/files/node/
code-server-4.91.1-linux-amd64/lib/vscode/out/vs/platform/files/node/watcher/
code-server-4.91.1-linux-amd64/lib/vscode/out/vs/platform/files/node/watcher/watcherMain.js
code-server-4.91.1-linux-amd64/lib/vscode/out/vs/platform/files/node/watcher/watcherMain.nls.js
code-server-4.91.1-linux-amd64/lib/vscode/out/vs/platform/files/node/watcher/watcherMain.js.map
code-server-4.91.1-linux-amd64/lib/vscode/out/vs/platform/files/node/watcher/watcherMain.nls.js.map
code-server-4.91.1-linux-amd64/lib/vscode/out/vs/platform/profiling/
code-server-4.91.1-linux-amd64/lib/vscode/out/vs/platform/profiling/electron-sandbox/
code-server-4.91.1-linux-amd64/lib/vscode/out/vs/platform/profiling/electron-sandbox/profileAnalysisWorker.js
code-server-4.91.1-linux-amd64/lib/vscode/out/vs/platform/profiling/electron-sandbox/profileAnalysisWorker.nls.js
code-server-4.91.1-linux-amd64/lib/vscode/out/vs/platform/profiling/electron-sandbox/profileAnalysisWorker.nls.js.map
code-server-4.91.1-linux-amd64/lib/vscode/out/vs/platform/profiling/electron-sandbox/profileAnalysisWorker.js.map
code-server-4.91.1-linux-amd64/lib/vscode/out/vs/platform/terminal/
code-server-4.91.1-linux-amd64/lib/vscode/out/vs/platform/terminal/node/
code-server-4.91.1-linux-amd64/lib/vscode/out/vs/platform/terminal/node/ptyHostMain.js.map
code-server-4.91.1-linux-amd64/lib/vscode/out/vs/platform/terminal/node/ptyHostMain.js
code-server-4.91.1-linux-amd64/lib/vscode/out/vs/platform/terminal/node/ptyHostMain.nls.js.map
code-server-4.91.1-linux-amd64/lib/vscode/out/vs/platform/terminal/node/ptyHostMain.nls.js
code-server-4.91.1-linux-amd64/lib/vscode/out/vs/base/
code-server-4.91.1-linux-amd64/lib/vscode/out/vs/base/worker/
code-server-4.91.1-linux-amd64/lib/vscode/out/vs/base/worker/workerMain.js.map
code-server-4.91.1-linux-amd64/lib/vscode/out/vs/base/worker/workerMain.js
code-server-4.91.1-linux-amd64/lib/vscode/out/vs/base/node/
code-server-4.91.1-linux-amd64/lib/vscode/out/vs/base/node/cpuUsage.sh
code-server-4.91.1-linux-amd64/lib/vscode/out/vs/base/node/ps.sh
code-server-4.91.1-linux-amd64/lib/vscode/out/vs/base/common/
code-server-4.91.1-linux-amd64/lib/vscode/out/vs/base/common/performance.js.map
code-server-4.91.1-linux-amd64/lib/vscode/out/vs/base/common/worker/
code-server-4.91.1-linux-amd64/lib/vscode/out/vs/base/common/worker/simpleWorker.js.map
code-server-4.91.1-linux-amd64/lib/vscode/out/vs/base/common/worker/simpleWorker.js
code-server-4.91.1-linux-amd64/lib/vscode/out/vs/base/common/performance.js
code-server-4.91.1-linux-amd64/lib/vscode/out/vs/base/browser/
code-server-4.91.1-linux-amd64/lib/vscode/out/vs/base/browser/ui/
code-server-4.91.1-linux-amd64/lib/vscode/out/vs/base/browser/ui/codicons/
code-server-4.91.1-linux-amd64/lib/vscode/out/vs/base/browser/ui/codicons/codicon/
code-server-4.91.1-linux-amd64/lib/vscode/out/vs/base/browser/ui/codicons/codicon/codicon.ttf
code-server-4.91.1-linux-amd64/lib/vscode/out/vs/webPackagePaths.js
code-server-4.91.1-linux-amd64/lib/vscode/out/vs/code/
code-server-4.91.1-linux-amd64/lib/vscode/out/vs/code/browser/
code-server-4.91.1-linux-amd64/lib/vscode/out/vs/code/browser/workbench/
code-server-4.91.1-linux-amd64/lib/vscode/out/vs/code/browser/workbench/workbench.html
code-server-4.91.1-linux-amd64/lib/vscode/out/vs/code/browser/workbench/callback.html
code-server-4.91.1-linux-amd64/lib/vscode/out/vs/code/browser/workbench/workbench.js
code-server-4.91.1-linux-amd64/lib/vscode/out/vs/code/browser/workbench/workbench.js.map
code-server-4.91.1-linux-amd64/lib/vscode/out/vs/code/browser/workbench/workbench-dev.html
code-server-4.91.1-linux-amd64/lib/vscode/out/bootstrap-amd.js.map
code-server-4.91.1-linux-amd64/lib/vscode/out/bootstrap-fork.js.map
code-server-4.91.1-linux-amd64/lib/vscode/out/bootstrap.js
code-server-4.91.1-linux-amd64/lib/vscode/out/server-cli.js
code-server-4.91.1-linux-amd64/lib/vscode/out/server-main.js
code-server-4.91.1-linux-amd64/lib/vscode/out/bootstrap-node.js.map
code-server-4.91.1-linux-amd64/lib/vscode/out/server-main.js.map
code-server-4.91.1-linux-amd64/ThirdPartyNotices.txt
code-server-4.91.1-linux-amd64/README.md
code-server-4.91.1-linux-amd64/LICENSE
code-server-4.91.1-linux-amd64/npm-shrinkwrap.json
code-server-4.91.1-linux-amd64/typings/
code-server-4.91.1-linux-amd64/typings/pluginapi.d.ts
code-server-4.91.1-linux-amd64/package.json
code-server-4.91.1-linux-amd64/postinstall.sh
code-server-4.91.1-linux-amd64/src/
code-server-4.91.1-linux-amd64/src/browser/
code-server-4.91.1-linux-amd64/src/browser/media/
code-server-4.91.1-linux-amd64/src/browser/media/pwa-icon-512.png
code-server-4.91.1-linux-amd64/src/browser/media/favicon-dark-support.svg
code-server-4.91.1-linux-amd64/src/browser/media/favicon.svg
code-server-4.91.1-linux-amd64/src/browser/media/templates.png
code-server-4.91.1-linux-amd64/src/browser/media/favicon.ico
code-server-4.91.1-linux-amd64/src/browser/media/pwa-icon-192.png
code-server-4.91.1-linux-amd64/src/browser/media/pwa-icon.png
code-server-4.91.1-linux-amd64/src/browser/pages/
code-server-4.91.1-linux-amd64/src/browser/pages/login.html
code-server-4.91.1-linux-amd64/src/browser/pages/error.html
code-server-4.91.1-linux-amd64/src/browser/pages/error.css
code-server-4.91.1-linux-amd64/src/browser/pages/global.css
code-server-4.91.1-linux-amd64/src/browser/pages/login.css
code-server-4.91.1-linux-amd64/src/browser/robots.txt
code-server-4.91.1-linux-amd64/bin/
code-server-4.91.1-linux-amd64/bin/code-server
code-server-4.91.1-linux-amd64/node_modules/
code-server-4.91.1-linux-amd64/node_modules/vary/
code-server-4.91.1-linux-amd64/node_modules/vary/README.md
code-server-4.91.1-linux-amd64/node_modules/vary/LICENSE
code-server-4.91.1-linux-amd64/node_modules/vary/index.js
code-server-4.91.1-linux-amd64/node_modules/vary/package.json
code-server-4.91.1-linux-amd64/node_modules/vary/HISTORY.md
code-server-4.91.1-linux-amd64/node_modules/agent-base/
code-server-4.91.1-linux-amd64/node_modules/agent-base/README.md
code-server-4.91.1-linux-amd64/node_modules/agent-base/dist/
code-server-4.91.1-linux-amd64/node_modules/agent-base/dist/helpers.d.ts
code-server-4.91.1-linux-amd64/node_modules/agent-base/dist/index.js.map
code-server-4.91.1-linux-amd64/node_modules/agent-base/dist/helpers.d.ts.map
code-server-4.91.1-linux-amd64/node_modules/agent-base/dist/helpers.js
code-server-4.91.1-linux-amd64/node_modules/agent-base/dist/index.js
code-server-4.91.1-linux-amd64/node_modules/agent-base/dist/helpers.js.map
code-server-4.91.1-linux-amd64/node_modules/agent-base/dist/index.d.ts
code-server-4.91.1-linux-amd64/node_modules/agent-base/dist/index.d.ts.map
code-server-4.91.1-linux-amd64/node_modules/agent-base/package.json
code-server-4.91.1-linux-amd64/node_modules/string_decoder/
code-server-4.91.1-linux-amd64/node_modules/string_decoder/lib/
code-server-4.91.1-linux-amd64/node_modules/string_decoder/lib/string_decoder.js
code-server-4.91.1-linux-amd64/node_modules/string_decoder/README.md
code-server-4.91.1-linux-amd64/node_modules/string_decoder/LICENSE
code-server-4.91.1-linux-amd64/node_modules/string_decoder/package.json
code-server-4.91.1-linux-amd64/node_modules/nopt/
code-server-4.91.1-linux-amd64/node_modules/nopt/lib/
code-server-4.91.1-linux-amd64/node_modules/nopt/lib/nopt.js
code-server-4.91.1-linux-amd64/node_modules/nopt/README.md
code-server-4.91.1-linux-amd64/node_modules/nopt/LICENSE
code-server-4.91.1-linux-amd64/node_modules/nopt/package.json
code-server-4.91.1-linux-amd64/node_modules/nopt/bin/
code-server-4.91.1-linux-amd64/node_modules/nopt/bin/nopt.js
code-server-4.91.1-linux-amd64/node_modules/nopt/CHANGELOG.md
code-server-4.91.1-linux-amd64/node_modules/methods/
code-server-4.91.1-linux-amd64/node_modules/methods/README.md
code-server-4.91.1-linux-amd64/node_modules/methods/LICENSE
code-server-4.91.1-linux-amd64/node_modules/methods/index.js
code-server-4.91.1-linux-amd64/node_modules/methods/package.json
code-server-4.91.1-linux-amd64/node_modules/methods/HISTORY.md
code-server-4.91.1-linux-amd64/node_modules/proxy-addr/
code-server-4.91.1-linux-amd64/node_modules/proxy-addr/README.md
code-server-4.91.1-linux-amd64/node_modules/proxy-addr/LICENSE
code-server-4.91.1-linux-amd64/node_modules/proxy-addr/index.js
code-server-4.91.1-linux-amd64/node_modules/proxy-addr/package.json
code-server-4.91.1-linux-amd64/node_modules/proxy-addr/HISTORY.md
code-server-4.91.1-linux-amd64/node_modules/.package-lock.json
code-server-4.91.1-linux-amd64/node_modules/has-unicode/
code-server-4.91.1-linux-amd64/node_modules/has-unicode/README.md
code-server-4.91.1-linux-amd64/node_modules/has-unicode/LICENSE
code-server-4.91.1-linux-amd64/node_modules/has-unicode/index.js
code-server-4.91.1-linux-amd64/node_modules/has-unicode/package.json
code-server-4.91.1-linux-amd64/node_modules/mime-types/
code-server-4.91.1-linux-amd64/node_modules/mime-types/README.md
code-server-4.91.1-linux-amd64/node_modules/mime-types/LICENSE
code-server-4.91.1-linux-amd64/node_modules/mime-types/index.js
code-server-4.91.1-linux-amd64/node_modules/mime-types/package.json
code-server-4.91.1-linux-amd64/node_modules/mime-types/HISTORY.md
code-server-4.91.1-linux-amd64/node_modules/setprototypeof/
code-server-4.91.1-linux-amd64/node_modules/setprototypeof/test/
code-server-4.91.1-linux-amd64/node_modules/setprototypeof/test/index.js
code-server-4.91.1-linux-amd64/node_modules/setprototypeof/README.md
code-server-4.91.1-linux-amd64/node_modules/setprototypeof/LICENSE
code-server-4.91.1-linux-amd64/node_modules/setprototypeof/index.js
code-server-4.91.1-linux-amd64/node_modules/setprototypeof/package.json
code-server-4.91.1-linux-amd64/node_modules/setprototypeof/index.d.ts
code-server-4.91.1-linux-amd64/node_modules/forwarded/
code-server-4.91.1-linux-amd64/node_modules/forwarded/README.md
code-server-4.91.1-linux-amd64/node_modules/forwarded/LICENSE
code-server-4.91.1-linux-amd64/node_modules/forwarded/index.js
code-server-4.91.1-linux-amd64/node_modules/forwarded/package.json
code-server-4.91.1-linux-amd64/node_modules/forwarded/HISTORY.md
code-server-4.91.1-linux-amd64/node_modules/brace-expansion/
code-server-4.91.1-linux-amd64/node_modules/brace-expansion/README.md
code-server-4.91.1-linux-amd64/node_modules/brace-expansion/LICENSE
code-server-4.91.1-linux-amd64/node_modules/brace-expansion/index.js
code-server-4.91.1-linux-amd64/node_modules/brace-expansion/package.json
code-server-4.91.1-linux-amd64/node_modules/httpolyglot/
code-server-4.91.1-linux-amd64/node_modules/httpolyglot/lib/
code-server-4.91.1-linux-amd64/node_modules/httpolyglot/lib/index.js
code-server-4.91.1-linux-amd64/node_modules/httpolyglot/test/
code-server-4.91.1-linux-amd64/node_modules/httpolyglot/test/test-normal.js
code-server-4.91.1-linux-amd64/node_modules/httpolyglot/test/test.js
code-server-4.91.1-linux-amd64/node_modules/httpolyglot/test/test-early-disconnect.js
code-server-4.91.1-linux-amd64/node_modules/httpolyglot/test/common.js
code-server-4.91.1-linux-amd64/node_modules/httpolyglot/test/fixtures/
code-server-4.91.1-linux-amd64/node_modules/httpolyglot/test/fixtures/server.crt
code-server-4.91.1-linux-amd64/node_modules/httpolyglot/test/fixtures/server.key
code-server-4.91.1-linux-amd64/node_modules/httpolyglot/README.md
code-server-4.91.1-linux-amd64/node_modules/httpolyglot/LICENSE
code-server-4.91.1-linux-amd64/node_modules/httpolyglot/package.json
code-server-4.91.1-linux-amd64/node_modules/express/
code-server-4.91.1-linux-amd64/node_modules/express/lib/
code-server-4.91.1-linux-amd64/node_modules/express/lib/response.js
code-server-4.91.1-linux-amd64/node_modules/express/lib/application.js
code-server-4.91.1-linux-amd64/node_modules/express/lib/request.js
code-server-4.91.1-linux-amd64/node_modules/express/lib/view.js
code-server-4.91.1-linux-amd64/node_modules/express/lib/utils.js
code-server-4.91.1-linux-amd64/node_modules/express/lib/express.js
code-server-4.91.1-linux-amd64/node_modules/express/LICENSE
code-server-4.91.1-linux-amd64/node_modules/express/index.js
code-server-4.91.1-linux-amd64/node_modules/express/package.json
code-server-4.91.1-linux-amd64/node_modules/express/Readme.md
code-server-4.91.1-linux-amd64/node_modules/express/node_modules/
code-server-4.91.1-linux-amd64/node_modules/express/node_modules/qs/
code-server-4.91.1-linux-amd64/node_modules/express/node_modules/qs/LICENSE.md
code-server-4.91.1-linux-amd64/node_modules/express/node_modules/qs/lib/
code-server-4.91.1-linux-amd64/node_modules/express/node_modules/qs/lib/parse.js
code-server-4.91.1-linux-amd64/node_modules/express/node_modules/qs/lib/formats.js
code-server-4.91.1-linux-amd64/node_modules/express/node_modules/qs/lib/index.js
code-server-4.91.1-linux-amd64/node_modules/express/node_modules/qs/lib/utils.js
code-server-4.91.1-linux-amd64/node_modules/express/node_modules/qs/lib/stringify.js
code-server-4.91.1-linux-amd64/node_modules/express/node_modules/qs/test/
code-server-4.91.1-linux-amd64/node_modules/express/node_modules/qs/test/parse.js
code-server-4.91.1-linux-amd64/node_modules/express/node_modules/qs/test/utils.js
code-server-4.91.1-linux-amd64/node_modules/express/node_modules/qs/test/stringify.js
code-server-4.91.1-linux-amd64/node_modules/express/node_modules/qs/.editorconfig
code-server-4.91.1-linux-amd64/node_modules/express/node_modules/qs/.eslintrc
code-server-4.91.1-linux-amd64/node_modules/express/node_modules/qs/README.md
code-server-4.91.1-linux-amd64/node_modules/express/node_modules/qs/.nycrc
code-server-4.91.1-linux-amd64/node_modules/express/node_modules/qs/.github/
code-server-4.91.1-linux-amd64/node_modules/express/node_modules/qs/.github/FUNDING.yml
code-server-4.91.1-linux-amd64/node_modules/express/node_modules/qs/dist/
code-server-4.91.1-linux-amd64/node_modules/express/node_modules/qs/dist/qs.js
code-server-4.91.1-linux-amd64/node_modules/express/node_modules/qs/package.json
code-server-4.91.1-linux-amd64/node_modules/express/node_modules/qs/CHANGELOG.md
code-server-4.91.1-linux-amd64/node_modules/express/node_modules/cookie/
code-server-4.91.1-linux-amd64/node_modules/express/node_modules/cookie/SECURITY.md
code-server-4.91.1-linux-amd64/node_modules/express/node_modules/cookie/README.md
code-server-4.91.1-linux-amd64/node_modules/express/node_modules/cookie/LICENSE
code-server-4.91.1-linux-amd64/node_modules/express/node_modules/cookie/index.js
code-server-4.91.1-linux-amd64/node_modules/express/node_modules/cookie/package.json
code-server-4.91.1-linux-amd64/node_modules/express/node_modules/cookie/HISTORY.md
code-server-4.91.1-linux-amd64/node_modules/express/node_modules/debug/
code-server-4.91.1-linux-amd64/node_modules/express/node_modules/debug/.travis.yml
code-server-4.91.1-linux-amd64/node_modules/express/node_modules/debug/.coveralls.yml
code-server-4.91.1-linux-amd64/node_modules/express/node_modules/debug/.eslintrc
code-server-4.91.1-linux-amd64/node_modules/express/node_modules/debug/README.md
code-server-4.91.1-linux-amd64/node_modules/express/node_modules/debug/LICENSE
code-server-4.91.1-linux-amd64/node_modules/express/node_modules/debug/karma.conf.js
code-server-4.91.1-linux-amd64/node_modules/express/node_modules/debug/package.json
code-server-4.91.1-linux-amd64/node_modules/express/node_modules/debug/Makefile
code-server-4.91.1-linux-amd64/node_modules/express/node_modules/debug/src/
code-server-4.91.1-linux-amd64/node_modules/express/node_modules/debug/src/debug.js
code-server-4.91.1-linux-amd64/node_modules/express/node_modules/debug/src/index.js
code-server-4.91.1-linux-amd64/node_modules/express/node_modules/debug/src/browser.js
code-server-4.91.1-linux-amd64/node_modules/express/node_modules/debug/src/node.js
code-server-4.91.1-linux-amd64/node_modules/express/node_modules/debug/CHANGELOG.md
code-server-4.91.1-linux-amd64/node_modules/express/node_modules/debug/.npmignore
code-server-4.91.1-linux-amd64/node_modules/express/node_modules/debug/node.js
code-server-4.91.1-linux-amd64/node_modules/express/History.md
code-server-4.91.1-linux-amd64/node_modules/is-fullwidth-code-point/
code-server-4.91.1-linux-amd64/node_modules/is-fullwidth-code-point/license
code-server-4.91.1-linux-amd64/node_modules/is-fullwidth-code-point/index.js
code-server-4.91.1-linux-amd64/node_modules/is-fullwidth-code-point/package.json
code-server-4.91.1-linux-amd64/node_modules/is-fullwidth-code-point/readme.md
code-server-4.91.1-linux-amd64/node_modules/is-fullwidth-code-point/index.d.ts
code-server-4.91.1-linux-amd64/node_modules/@tootallnate/
code-server-4.91.1-linux-amd64/node_modules/@tootallnate/quickjs-emscripten/
code-server-4.91.1-linux-amd64/node_modules/@tootallnate/quickjs-emscripten/README.md
code-server-4.91.1-linux-amd64/node_modules/@tootallnate/quickjs-emscripten/LICENSE
code-server-4.91.1-linux-amd64/node_modules/@tootallnate/quickjs-emscripten/c/
code-server-4.91.1-linux-amd64/node_modules/@tootallnate/quickjs-emscripten/c/interface.c
code-server-4.91.1-linux-amd64/node_modules/@tootallnate/quickjs-emscripten/dist/
code-server-4.91.1-linux-amd64/node_modules/@tootallnate/quickjs-emscripten/dist/module-asyncify.d.ts
code-server-4.91.1-linux-amd64/node_modules/@tootallnate/quickjs-emscripten/dist/module-test.js.map
code-server-4.91.1-linux-amd64/node_modules/@tootallnate/quickjs-emscripten/dist/context.d.ts
code-server-4.91.1-linux-amd64/node_modules/@tootallnate/quickjs-emscripten/dist/module-asyncify.js
code-server-4.91.1-linux-amd64/node_modules/@tootallnate/quickjs-emscripten/dist/deferred-promise.js
code-server-4.91.1-linux-amd64/node_modules/@tootallnate/quickjs-emscripten/dist/module.js.map
code-server-4.91.1-linux-amd64/node_modules/@tootallnate/quickjs-emscripten/dist/types-ffi.js.map
code-server-4.91.1-linux-amd64/node_modules/@tootallnate/quickjs-emscripten/dist/index.js.map
code-server-4.91.1-linux-amd64/node_modules/@tootallnate/quickjs-emscripten/dist/debug.js
code-server-4.91.1-linux-amd64/node_modules/@tootallnate/quickjs-emscripten/dist/memory.js.map
code-server-4.91.1-linux-amd64/node_modules/@tootallnate/quickjs-emscripten/dist/deferred-promise.d.ts
code-server-4.91.1-linux-amd64/node_modules/@tootallnate/quickjs-emscripten/dist/runtime-asyncify.js.map
code-server-4.91.1-linux-amd64/node_modules/@tootallnate/quickjs-emscripten/dist/runtime.d.ts
code-server-4.91.1-linux-amd64/node_modules/@tootallnate/quickjs-emscripten/dist/deferred-promise.js.map
code-server-4.91.1-linux-amd64/node_modules/@tootallnate/quickjs-emscripten/dist/variants.js
code-server-4.91.1-linux-amd64/node_modules/@tootallnate/quickjs-emscripten/dist/errors.js
code-server-4.91.1-linux-amd64/node_modules/@tootallnate/quickjs-emscripten/dist/runtime.js.map
code-server-4.91.1-linux-amd64/node_modules/@tootallnate/quickjs-emscripten/dist/esmHelpers.js
code-server-4.91.1-linux-amd64/node_modules/@tootallnate/quickjs-emscripten/dist/variants.js.map
code-server-4.91.1-linux-amd64/node_modules/@tootallnate/quickjs-emscripten/dist/generated/
code-server-4.91.1-linux-amd64/node_modules/@tootallnate/quickjs-emscripten/dist/generated/ffi.WASM_RELEASE_SYNC.js.map
code-server-4.91.1-linux-amd64/node_modules/@tootallnate/quickjs-emscripten/dist/generated/emscripten-module.WASM_RELEASE_SYNC.js
code-server-4.91.1-linux-amd64/node_modules/@tootallnate/quickjs-emscripten/dist/generated/ffi.WASM_RELEASE_SYNC.d.ts
code-server-4.91.1-linux-amd64/node_modules/@tootallnate/quickjs-emscripten/dist/generated/emscripten-module.WASM_RELEASE_SYNC.d.ts
code-server-4.91.1-linux-amd64/node_modules/@tootallnate/quickjs-emscripten/dist/generated/emscripten-module.WASM_RELEASE_SYNC.js.map
code-server-4.91.1-linux-amd64/node_modules/@tootallnate/quickjs-emscripten/dist/generated/ffi.WASM_RELEASE_SYNC.js
code-server-4.91.1-linux-amd64/node_modules/@tootallnate/quickjs-emscripten/dist/index.js
code-server-4.91.1-linux-amd64/node_modules/@tootallnate/quickjs-emscripten/dist/esmHelpers.d.ts
code-server-4.91.1-linux-amd64/node_modules/@tootallnate/quickjs-emscripten/dist/module-test.d.ts
code-server-4.91.1-linux-amd64/node_modules/@tootallnate/quickjs-emscripten/dist/types-ffi.js
code-server-4.91.1-linux-amd64/node_modules/@tootallnate/quickjs-emscripten/dist/emscripten-types.js
code-server-4.91.1-linux-amd64/node_modules/@tootallnate/quickjs-emscripten/dist/variants.d.ts
code-server-4.91.1-linux-amd64/node_modules/@tootallnate/quickjs-emscripten/dist/memory.js
code-server-4.91.1-linux-amd64/node_modules/@tootallnate/quickjs-emscripten/dist/context-asyncify.d.ts
code-server-4.91.1-linux-amd64/node_modules/@tootallnate/quickjs-emscripten/dist/vm-interface.js.map
code-server-4.91.1-linux-amd64/node_modules/@tootallnate/quickjs-emscripten/dist/emscripten-types.d.ts
code-server-4.91.1-linux-amd64/node_modules/@tootallnate/quickjs-emscripten/dist/errors.js.map
code-server-4.91.1-linux-amd64/node_modules/@tootallnate/quickjs-emscripten/dist/asyncify-helpers.js
code-server-4.91.1-linux-amd64/node_modules/@tootallnate/quickjs-emscripten/dist/asyncify-helpers.js.map
code-server-4.91.1-linux-amd64/node_modules/@tootallnate/quickjs-emscripten/dist/debug.js.map
code-server-4.91.1-linux-amd64/node_modules/@tootallnate/quickjs-emscripten/dist/context-asyncify.js.map
code-server-4.91.1-linux-amd64/node_modules/@tootallnate/quickjs-emscripten/dist/emscripten-types.js.map
code-server-4.91.1-linux-amd64/node_modules/@tootallnate/quickjs-emscripten/dist/module-test.js
code-server-4.91.1-linux-amd64/node_modules/@tootallnate/quickjs-emscripten/dist/runtime-asyncify.js
code-server-4.91.1-linux-amd64/node_modules/@tootallnate/quickjs-emscripten/dist/runtime-asyncify.d.ts
code-server-4.91.1-linux-amd64/node_modules/@tootallnate/quickjs-emscripten/dist/asyncify-helpers.d.ts
code-server-4.91.1-linux-amd64/node_modules/@tootallnate/quickjs-emscripten/dist/lifetime.js
code-server-4.91.1-linux-amd64/node_modules/@tootallnate/quickjs-emscripten/dist/types-ffi.d.ts
code-server-4.91.1-linux-amd64/node_modules/@tootallnate/quickjs-emscripten/dist/lifetime.d.ts
code-server-4.91.1-linux-amd64/node_modules/@tootallnate/quickjs-emscripten/dist/vm-interface.d.ts
code-server-4.91.1-linux-amd64/node_modules/@tootallnate/quickjs-emscripten/dist/types.js
code-server-4.91.1-linux-amd64/node_modules/@tootallnate/quickjs-emscripten/dist/memory.d.ts
code-server-4.91.1-linux-amd64/node_modules/@tootallnate/quickjs-emscripten/dist/lifetime.js.map
code-server-4.91.1-linux-amd64/node_modules/@tootallnate/quickjs-emscripten/dist/module.js
code-server-4.91.1-linux-amd64/node_modules/@tootallnate/quickjs-emscripten/dist/errors.d.ts
code-server-4.91.1-linux-amd64/node_modules/@tootallnate/quickjs-emscripten/dist/runtime.js
code-server-4.91.1-linux-amd64/node_modules/@tootallnate/quickjs-emscripten/dist/index.d.ts
code-server-4.91.1-linux-amd64/node_modules/@tootallnate/quickjs-emscripten/dist/esmHelpers.js.map
code-server-4.91.1-linux-amd64/node_modules/@tootallnate/quickjs-emscripten/dist/context-asyncify.js
code-server-4.91.1-linux-amd64/node_modules/@tootallnate/quickjs-emscripten/dist/context.js
code-server-4.91.1-linux-amd64/node_modules/@tootallnate/quickjs-emscripten/dist/vm-interface.js
code-server-4.91.1-linux-amd64/node_modules/@tootallnate/quickjs-emscripten/dist/debug.d.ts
code-server-4.91.1-linux-amd64/node_modules/@tootallnate/quickjs-emscripten/dist/context.js.map
code-server-4.91.1-linux-amd64/node_modules/@tootallnate/quickjs-emscripten/dist/types.js.map
code-server-4.91.1-linux-amd64/node_modules/@tootallnate/quickjs-emscripten/dist/module.d.ts
code-server-4.91.1-linux-amd64/node_modules/@tootallnate/quickjs-emscripten/dist/module-asyncify.js.map
code-server-4.91.1-linux-amd64/node_modules/@tootallnate/quickjs-emscripten/dist/types.d.ts
code-server-4.91.1-linux-amd64/node_modules/@tootallnate/quickjs-emscripten/package.json
code-server-4.91.1-linux-amd64/node_modules/get-intrinsic/
code-server-4.91.1-linux-amd64/node_modules/get-intrinsic/test/
code-server-4.91.1-linux-amd64/node_modules/get-intrinsic/test/GetIntrinsic.js
code-server-4.91.1-linux-amd64/node_modules/get-intrinsic/.eslintrc
code-server-4.91.1-linux-amd64/node_modules/get-intrinsic/README.md
code-server-4.91.1-linux-amd64/node_modules/get-intrinsic/LICENSE
code-server-4.91.1-linux-amd64/node_modules/get-intrinsic/index.js
code-server-4.91.1-linux-amd64/node_modules/get-intrinsic/.nycrc
code-server-4.91.1-linux-amd64/node_modules/get-intrinsic/.github/
code-server-4.91.1-linux-amd64/node_modules/get-intrinsic/.github/FUNDING.yml
code-server-4.91.1-linux-amd64/node_modules/get-intrinsic/package.json
code-server-4.91.1-linux-amd64/node_modules/get-intrinsic/CHANGELOG.md
code-server-4.91.1-linux-amd64/node_modules/get-intrinsic/node_modules/
code-server-4.91.1-linux-amd64/node_modules/get-intrinsic/node_modules/function-bind/
code-server-4.91.1-linux-amd64/node_modules/get-intrinsic/node_modules/function-bind/.travis.yml
code-server-4.91.1-linux-amd64/node_modules/get-intrinsic/node_modules/function-bind/test/
code-server-4.91.1-linux-amd64/node_modules/get-intrinsic/node_modules/function-bind/test/.eslintrc
code-server-4.91.1-linux-amd64/node_modules/get-intrinsic/node_modules/function-bind/test/index.js
code-server-4.91.1-linux-amd64/node_modules/get-intrinsic/node_modules/function-bind/.editorconfig
code-server-4.91.1-linux-amd64/node_modules/get-intrinsic/node_modules/function-bind/.eslintrc
code-server-4.91.1-linux-amd64/node_modules/get-intrinsic/node_modules/function-bind/README.md
code-server-4.91.1-linux-amd64/node_modules/get-intrinsic/node_modules/function-bind/LICENSE
code-server-4.91.1-linux-amd64/node_modules/get-intrinsic/node_modules/function-bind/index.js
code-server-4.91.1-linux-amd64/node_modules/get-intrinsic/node_modules/function-bind/package.json
code-server-4.91.1-linux-amd64/node_modules/get-intrinsic/node_modules/function-bind/implementation.js
code-server-4.91.1-linux-amd64/node_modules/get-intrinsic/node_modules/function-bind/.jscs.json
code-server-4.91.1-linux-amd64/node_modules/get-intrinsic/node_modules/function-bind/.npmignore
code-server-4.91.1-linux-amd64/node_modules/wrappy/
code-server-4.91.1-linux-amd64/node_modules/wrappy/README.md
code-server-4.91.1-linux-amd64/node_modules/wrappy/LICENSE
code-server-4.91.1-linux-amd64/node_modules/wrappy/wrappy.js
code-server-4.91.1-linux-amd64/node_modules/wrappy/package.json
code-server-4.91.1-linux-amd64/node_modules/limiter/
code-server-4.91.1-linux-amd64/node_modules/limiter/README.md
code-server-4.91.1-linux-amd64/node_modules/limiter/dist/
code-server-4.91.1-linux-amd64/node_modules/limiter/dist/tsconfig.cjs.tsbuildinfo
code-server-4.91.1-linux-amd64/node_modules/limiter/dist/esm/
code-server-4.91.1-linux-amd64/node_modules/limiter/dist/esm/RateLimiter.js
code-server-4.91.1-linux-amd64/node_modules/limiter/dist/esm/RateLimiter.test.js.map
code-server-4.91.1-linux-amd64/node_modules/limiter/dist/esm/index.js.map
code-server-4.91.1-linux-amd64/node_modules/limiter/dist/esm/clock.d.ts.map
code-server-4.91.1-linux-amd64/node_modules/limiter/dist/esm/RateLimiter.test.d.ts.map
code-server-4.91.1-linux-amd64/node_modules/limiter/dist/esm/clock.js
code-server-4.91.1-linux-amd64/node_modules/limiter/dist/esm/clock.d.ts
code-server-4.91.1-linux-amd64/node_modules/limiter/dist/esm/index.js
code-server-4.91.1-linux-amd64/node_modules/limiter/dist/esm/TokenBucket.test.d.ts
code-server-4.91.1-linux-amd64/node_modules/limiter/dist/esm/RateLimiter.d.ts.map
code-server-4.91.1-linux-amd64/node_modules/limiter/dist/esm/RateLimiter.js.map
code-server-4.91.1-linux-amd64/node_modules/limiter/dist/esm/TokenBucket.test.js
code-server-4.91.1-linux-amd64/node_modules/limiter/dist/esm/TokenBucket.d.ts
code-server-4.91.1-linux-amd64/node_modules/limiter/dist/esm/RateLimiter.test.js
code-server-4.91.1-linux-amd64/node_modules/limiter/dist/esm/TokenBucket.js
code-server-4.91.1-linux-amd64/node_modules/limiter/dist/esm/clock.js.map
code-server-4.91.1-linux-amd64/node_modules/limiter/dist/esm/RateLimiter.d.ts
code-server-4.91.1-linux-amd64/node_modules/limiter/dist/esm/index.d.ts
code-server-4.91.1-linux-amd64/node_modules/limiter/dist/esm/TokenBucket.test.d.ts.map
code-server-4.91.1-linux-amd64/node_modules/limiter/dist/esm/TokenBucket.js.map
code-server-4.91.1-linux-amd64/node_modules/limiter/dist/esm/RateLimiter.test.d.ts
code-server-4.91.1-linux-amd64/node_modules/limiter/dist/esm/TokenBucket.d.ts.map
code-server-4.91.1-linux-amd64/node_modules/limiter/dist/esm/TokenBucket.test.js.map
code-server-4.91.1-linux-amd64/node_modules/limiter/dist/esm/index.d.ts.map
code-server-4.91.1-linux-amd64/node_modules/limiter/dist/tsconfig.tsbuildinfo
code-server-4.91.1-linux-amd64/node_modules/limiter/dist/cjs/
code-server-4.91.1-linux-amd64/node_modules/limiter/dist/cjs/RateLimiter.js
code-server-4.91.1-linux-amd64/node_modules/limiter/dist/cjs/RateLimiter.test.js.map
code-server-4.91.1-linux-amd64/node_modules/limiter/dist/cjs/index.js.map
code-server-4.91.1-linux-amd64/node_modules/limiter/dist/cjs/clock.d.ts.map
code-server-4.91.1-linux-amd64/node_modules/limiter/dist/cjs/RateLimiter.test.d.ts.map
code-server-4.91.1-linux-amd64/node_modules/limiter/dist/cjs/clock.js
code-server-4.91.1-linux-amd64/node_modules/limiter/dist/cjs/clock.d.ts
code-server-4.91.1-linux-amd64/node_modules/limiter/dist/cjs/index.js
code-server-4.91.1-linux-amd64/node_modules/limiter/dist/cjs/TokenBucket.test.d.ts
code-server-4.91.1-linux-amd64/node_modules/limiter/dist/cjs/RateLimiter.d.ts.map
code-server-4.91.1-linux-amd64/node_modules/limiter/dist/cjs/RateLimiter.js.map
code-server-4.91.1-linux-amd64/node_modules/limiter/dist/cjs/TokenBucket.test.js
code-server-4.91.1-linux-amd64/node_modules/limiter/dist/cjs/TokenBucket.d.ts
code-server-4.91.1-linux-amd64/node_modules/limiter/dist/cjs/RateLimiter.test.js
code-server-4.91.1-linux-amd64/node_modules/limiter/dist/cjs/TokenBucket.js
code-server-4.91.1-linux-amd64/node_modules/limiter/dist/cjs/clock.js.map
code-server-4.91.1-linux-amd64/node_modules/limiter/dist/cjs/RateLimiter.d.ts
code-server-4.91.1-linux-amd64/node_modules/limiter/dist/cjs/index.d.ts
code-server-4.91.1-linux-amd64/node_modules/limiter/dist/cjs/TokenBucket.test.d.ts.map
code-server-4.91.1-linux-amd64/node_modules/limiter/dist/cjs/TokenBucket.js.map
code-server-4.91.1-linux-amd64/node_modules/limiter/dist/cjs/RateLimiter.test.d.ts
code-server-4.91.1-linux-amd64/node_modules/limiter/dist/cjs/TokenBucket.d.ts.map
code-server-4.91.1-linux-amd64/node_modules/limiter/dist/cjs/TokenBucket.test.js.map
code-server-4.91.1-linux-amd64/node_modules/limiter/dist/cjs/index.d.ts.map
code-server-4.91.1-linux-amd64/node_modules/limiter/package.json
code-server-4.91.1-linux-amd64/node_modules/limiter/src/
code-server-4.91.1-linux-amd64/node_modules/limiter/src/RateLimiter.ts
code-server-4.91.1-linux-amd64/node_modules/limiter/src/RateLimiter.test.ts
code-server-4.91.1-linux-amd64/node_modules/limiter/src/clock.ts
code-server-4.91.1-linux-amd64/node_modules/limiter/src/TokenBucket.test.ts
code-server-4.91.1-linux-amd64/node_modules/limiter/src/index.ts
code-server-4.91.1-linux-amd64/node_modules/limiter/src/TokenBucket.ts
code-server-4.91.1-linux-amd64/node_modules/limiter/LICENSE.txt
code-server-4.91.1-linux-amd64/node_modules/make-dir/
code-server-4.91.1-linux-amd64/node_modules/make-dir/license
code-server-4.91.1-linux-amd64/node_modules/make-dir/index.js
code-server-4.91.1-linux-amd64/node_modules/make-dir/package.json
code-server-4.91.1-linux-amd64/node_modules/make-dir/readme.md
code-server-4.91.1-linux-amd64/node_modules/make-dir/node_modules/
code-server-4.91.1-linux-amd64/node_modules/make-dir/node_modules/.bin/
code-server-4.91.1-linux-amd64/node_modules/make-dir/node_modules/.bin/semver
code-server-4.91.1-linux-amd64/node_modules/make-dir/node_modules/semver/
code-server-4.91.1-linux-amd64/node_modules/make-dir/node_modules/semver/README.md
code-server-4.91.1-linux-amd64/node_modules/make-dir/node_modules/semver/LICENSE
code-server-4.91.1-linux-amd64/node_modules/make-dir/node_modules/semver/range.bnf
code-server-4.91.1-linux-amd64/node_modules/make-dir/node_modules/semver/package.json
code-server-4.91.1-linux-amd64/node_modules/make-dir/node_modules/semver/bin/
code-server-4.91.1-linux-amd64/node_modules/make-dir/node_modules/semver/bin/semver.js
code-server-4.91.1-linux-amd64/node_modules/make-dir/node_modules/semver/semver.js
code-server-4.91.1-linux-amd64/node_modules/make-dir/index.d.ts
code-server-4.91.1-linux-amd64/node_modules/@jridgewell/
code-server-4.91.1-linux-amd64/node_modules/signal-exit/
code-server-4.91.1-linux-amd64/node_modules/signal-exit/signals.js
code-server-4.91.1-linux-amd64/node_modules/signal-exit/README.md
code-server-4.91.1-linux-amd64/node_modules/signal-exit/index.js
code-server-4.91.1-linux-amd64/node_modules/signal-exit/package.json
code-server-4.91.1-linux-amd64/node_modules/signal-exit/LICENSE.txt
code-server-4.91.1-linux-amd64/node_modules/minipass/
code-server-4.91.1-linux-amd64/node_modules/minipass/README.md
code-server-4.91.1-linux-amd64/node_modules/minipass/LICENSE
code-server-4.91.1-linux-amd64/node_modules/minipass/index.js
code-server-4.91.1-linux-amd64/node_modules/minipass/package.json
code-server-4.91.1-linux-amd64/node_modules/minipass/index.d.ts
code-server-4.91.1-linux-amd64/node_modules/@tsconfig/
code-server-4.91.1-linux-amd64/node_modules/tslib/
code-server-4.91.1-linux-amd64/node_modules/tslib/tslib.html
code-server-4.91.1-linux-amd64/node_modules/tslib/SECURITY.md
code-server-4.91.1-linux-amd64/node_modules/tslib/modules/
code-server-4.91.1-linux-amd64/node_modules/tslib/modules/index.js
code-server-4.91.1-linux-amd64/node_modules/tslib/modules/package.json
code-server-4.91.1-linux-amd64/node_modules/tslib/modules/index.d.ts
code-server-4.91.1-linux-amd64/node_modules/tslib/tslib.es6.mjs
code-server-4.91.1-linux-amd64/node_modules/tslib/tslib.js
code-server-4.91.1-linux-amd64/node_modules/tslib/tslib.es6.js
code-server-4.91.1-linux-amd64/node_modules/tslib/README.md
code-server-4.91.1-linux-amd64/node_modules/tslib/package.json
code-server-4.91.1-linux-amd64/node_modules/tslib/tslib.es6.html
code-server-4.91.1-linux-amd64/node_modules/tslib/tslib.d.ts
code-server-4.91.1-linux-amd64/node_modules/tslib/LICENSE.txt
code-server-4.91.1-linux-amd64/node_modules/tslib/CopyrightNotice.txt
code-server-4.91.1-linux-amd64/node_modules/@eslint-community/
code-server-4.91.1-linux-amd64/node_modules/.bin/
code-server-4.91.1-linux-amd64/node_modules/.bin/nopt
code-server-4.91.1-linux-amd64/node_modules/.bin/node-pre-gyp
code-server-4.91.1-linux-amd64/node_modules/.bin/esparse
code-server-4.91.1-linux-amd64/node_modules/.bin/js-yaml
code-server-4.91.1-linux-amd64/node_modules/.bin/escodegen
code-server-4.91.1-linux-amd64/node_modules/.bin/mkdirp
code-server-4.91.1-linux-amd64/node_modules/.bin/esvalidate
code-server-4.91.1-linux-amd64/node_modules/.bin/semver
code-server-4.91.1-linux-amd64/node_modules/.bin/esgenerate
code-server-4.91.1-linux-amd64/node_modules/.bin/color-support
code-server-4.91.1-linux-amd64/node_modules/.bin/rimraf
code-server-4.91.1-linux-amd64/node_modules/.bin/node-which
code-server-4.91.1-linux-amd64/node_modules/send/
code-server-4.91.1-linux-amd64/node_modules/send/SECURITY.md
code-server-4.91.1-linux-amd64/node_modules/send/README.md
code-server-4.91.1-linux-amd64/node_modules/send/LICENSE
code-server-4.91.1-linux-amd64/node_modules/send/index.js
code-server-4.91.1-linux-amd64/node_modules/send/package.json
code-server-4.91.1-linux-amd64/node_modules/send/node_modules/
code-server-4.91.1-linux-amd64/node_modules/send/node_modules/ms/
code-server-4.91.1-linux-amd64/node_modules/send/node_modules/ms/license.md
code-server-4.91.1-linux-amd64/node_modules/send/node_modules/ms/index.js
code-server-4.91.1-linux-amd64/node_modules/send/node_modules/ms/package.json
code-server-4.91.1-linux-amd64/node_modules/send/node_modules/ms/readme.md
code-server-4.91.1-linux-amd64/node_modules/send/node_modules/debug/
code-server-4.91.1-linux-amd64/node_modules/send/node_modules/debug/.travis.yml
code-server-4.91.1-linux-amd64/node_modules/send/node_modules/debug/.coveralls.yml
code-server-4.91.1-linux-amd64/node_modules/send/node_modules/debug/.eslintrc
code-server-4.91.1-linux-amd64/node_modules/send/node_modules/debug/README.md
code-server-4.91.1-linux-amd64/node_modules/send/node_modules/debug/LICENSE
code-server-4.91.1-linux-amd64/node_modules/send/node_modules/debug/karma.conf.js
code-server-4.91.1-linux-amd64/node_modules/send/node_modules/debug/package.json
code-server-4.91.1-linux-amd64/node_modules/send/node_modules/debug/Makefile
code-server-4.91.1-linux-amd64/node_modules/send/node_modules/debug/src/
code-server-4.91.1-linux-amd64/node_modules/send/node_modules/debug/src/debug.js
code-server-4.91.1-linux-amd64/node_modules/send/node_modules/debug/src/index.js
code-server-4.91.1-linux-amd64/node_modules/send/node_modules/debug/src/browser.js
code-server-4.91.1-linux-amd64/node_modules/send/node_modules/debug/src/node.js
code-server-4.91.1-linux-amd64/node_modules/send/node_modules/debug/CHANGELOG.md
code-server-4.91.1-linux-amd64/node_modules/send/node_modules/debug/node_modules/
code-server-4.91.1-linux-amd64/node_modules/send/node_modules/debug/node_modules/ms/
code-server-4.91.1-linux-amd64/node_modules/send/node_modules/debug/node_modules/ms/license.md
code-server-4.91.1-linux-amd64/node_modules/send/node_modules/debug/node_modules/ms/index.js
code-server-4.91.1-linux-amd64/node_modules/send/node_modules/debug/node_modules/ms/package.json
code-server-4.91.1-linux-amd64/node_modules/send/node_modules/debug/node_modules/ms/readme.md
code-server-4.91.1-linux-amd64/node_modules/send/node_modules/debug/.npmignore
code-server-4.91.1-linux-amd64/node_modules/send/node_modules/debug/node.js
code-server-4.91.1-linux-amd64/node_modules/send/HISTORY.md
code-server-4.91.1-linux-amd64/node_modules/ee-first/
code-server-4.91.1-linux-amd64/node_modules/ee-first/README.md
code-server-4.91.1-linux-amd64/node_modules/ee-first/LICENSE
code-server-4.91.1-linux-amd64/node_modules/ee-first/index.js
code-server-4.91.1-linux-amd64/node_modules/ee-first/package.json
code-server-4.91.1-linux-amd64/node_modules/ip/
code-server-4.91.1-linux-amd64/node_modules/ip/lib/
code-server-4.91.1-linux-amd64/node_modules/ip/lib/ip.js
code-server-4.91.1-linux-amd64/node_modules/ip/README.md
code-server-4.91.1-linux-amd64/node_modules/ip/package.json
code-server-4.91.1-linux-amd64/node_modules/side-channel/
code-server-4.91.1-linux-amd64/node_modules/side-channel/test/
code-server-4.91.1-linux-amd64/node_modules/side-channel/test/index.js
code-server-4.91.1-linux-amd64/node_modules/side-channel/.eslintrc
code-server-4.91.1-linux-amd64/node_modules/side-channel/README.md
code-server-4.91.1-linux-amd64/node_modules/side-channel/LICENSE
code-server-4.91.1-linux-amd64/node_modules/side-channel/index.js
code-server-4.91.1-linux-amd64/node_modules/side-channel/.nycrc
code-server-4.91.1-linux-amd64/node_modules/side-channel/.github/
code-server-4.91.1-linux-amd64/node_modules/side-channel/.github/FUNDING.yml
code-server-4.91.1-linux-amd64/node_modules/side-channel/package.json
code-server-4.91.1-linux-amd64/node_modules/side-channel/CHANGELOG.md
code-server-4.91.1-linux-amd64/node_modules/side-channel/.eslintignore
code-server-4.91.1-linux-amd64/node_modules/cookie-parser/
code-server-4.91.1-linux-amd64/node_modules/cookie-parser/README.md
code-server-4.91.1-linux-amd64/node_modules/cookie-parser/LICENSE
code-server-4.91.1-linux-amd64/node_modules/cookie-parser/index.js
code-server-4.91.1-linux-amd64/node_modules/cookie-parser/package.json
code-server-4.91.1-linux-amd64/node_modules/cookie-parser/HISTORY.md
code-server-4.91.1-linux-amd64/node_modules/abbrev/
code-server-4.91.1-linux-amd64/node_modules/abbrev/README.md
code-server-4.91.1-linux-amd64/node_modules/abbrev/LICENSE
code-server-4.91.1-linux-amd64/node_modules/abbrev/package.json
code-server-4.91.1-linux-amd64/node_modules/abbrev/abbrev.js
code-server-4.91.1-linux-amd64/node_modules/ws/
code-server-4.91.1-linux-amd64/node_modules/ws/wrapper.mjs
code-server-4.91.1-linux-amd64/node_modules/ws/lib/
code-server-4.91.1-linux-amd64/node_modules/ws/lib/websocket.js
code-server-4.91.1-linux-amd64/node_modules/ws/lib/sender.js
code-server-4.91.1-linux-amd64/node_modules/ws/lib/validation.js
code-server-4.91.1-linux-amd64/node_modules/ws/lib/receiver.js
code-server-4.91.1-linux-amd64/node_modules/ws/lib/subprotocol.js
code-server-4.91.1-linux-amd64/node_modules/ws/lib/extension.js
code-server-4.91.1-linux-amd64/node_modules/ws/lib/constants.js
code-server-4.91.1-linux-amd64/node_modules/ws/lib/event-target.js
code-server-4.91.1-linux-amd64/node_modules/ws/lib/limiter.js
code-server-4.91.1-linux-amd64/node_modules/ws/lib/permessage-deflate.js
code-server-4.91.1-linux-amd64/node_modules/ws/lib/websocket-server.js
code-server-4.91.1-linux-amd64/node_modules/ws/lib/stream.js
code-server-4.91.1-linux-amd64/node_modules/ws/lib/buffer-util.js
code-server-4.91.1-linux-amd64/node_modules/ws/README.md
code-server-4.91.1-linux-amd64/node_modules/ws/LICENSE
code-server-4.91.1-linux-amd64/node_modules/ws/index.js
code-server-4.91.1-linux-amd64/node_modules/ws/browser.js
code-server-4.91.1-linux-amd64/node_modules/ws/package.json
code-server-4.91.1-linux-amd64/node_modules/eventemitter3/
code-server-4.91.1-linux-amd64/node_modules/eventemitter3/umd/
code-server-4.91.1-linux-amd64/node_modules/eventemitter3/umd/eventemitter3.js
code-server-4.91.1-linux-amd64/node_modules/eventemitter3/umd/eventemitter3.min.js.map
code-server-4.91.1-linux-amd64/node_modules/eventemitter3/umd/eventemitter3.min.js
code-server-4.91.1-linux-amd64/node_modules/eventemitter3/README.md
code-server-4.91.1-linux-amd64/node_modules/eventemitter3/LICENSE
code-server-4.91.1-linux-amd64/node_modules/eventemitter3/index.js
code-server-4.91.1-linux-amd64/node_modules/eventemitter3/package.json
code-server-4.91.1-linux-amd64/node_modules/eventemitter3/index.d.ts
code-server-4.91.1-linux-amd64/node_modules/socks-proxy-agent/
code-server-4.91.1-linux-amd64/node_modules/socks-proxy-agent/README.md
code-server-4.91.1-linux-amd64/node_modules/socks-proxy-agent/dist/
code-server-4.91.1-linux-amd64/node_modules/socks-proxy-agent/dist/index.js.map
code-server-4.91.1-linux-amd64/node_modules/socks-proxy-agent/dist/index.js
code-server-4.91.1-linux-amd64/node_modules/socks-proxy-agent/dist/index.d.ts
code-server-4.91.1-linux-amd64/node_modules/socks-proxy-agent/dist/index.d.ts.map
code-server-4.91.1-linux-amd64/node_modules/socks-proxy-agent/package.json
code-server-4.91.1-linux-amd64/node_modules/balanced-match/
code-server-4.91.1-linux-amd64/node_modules/balanced-match/LICENSE.md
code-server-4.91.1-linux-amd64/node_modules/balanced-match/README.md
code-server-4.91.1-linux-amd64/node_modules/balanced-match/index.js
code-server-4.91.1-linux-amd64/node_modules/balanced-match/.github/
code-server-4.91.1-linux-amd64/node_modules/balanced-match/.github/FUNDING.yml
code-server-4.91.1-linux-amd64/node_modules/balanced-match/package.json
code-server-4.91.1-linux-amd64/node_modules/minimatch/
code-server-4.91.1-linux-amd64/node_modules/minimatch/README.md
code-server-4.91.1-linux-amd64/node_modules/minimatch/LICENSE
code-server-4.91.1-linux-amd64/node_modules/minimatch/package.json
code-server-4.91.1-linux-amd64/node_modules/minimatch/minimatch.js
code-server-4.91.1-linux-amd64/node_modules/data-uri-to-buffer/
code-server-4.91.1-linux-amd64/node_modules/data-uri-to-buffer/README.md
code-server-4.91.1-linux-amd64/node_modules/data-uri-to-buffer/dist/
code-server-4.91.1-linux-amd64/node_modules/data-uri-to-buffer/dist/index.js.map
code-server-4.91.1-linux-amd64/node_modules/data-uri-to-buffer/dist/index.js
code-server-4.91.1-linux-amd64/node_modules/data-uri-to-buffer/dist/index.d.ts
code-server-4.91.1-linux-amd64/node_modules/data-uri-to-buffer/dist/index.d.ts.map
code-server-4.91.1-linux-amd64/node_modules/data-uri-to-buffer/package.json
code-server-4.91.1-linux-amd64/node_modules/es-define-property/
code-server-4.91.1-linux-amd64/node_modules/es-define-property/tsconfig.json
code-server-4.91.1-linux-amd64/node_modules/es-define-property/test/
code-server-4.91.1-linux-amd64/node_modules/es-define-property/test/index.js
code-server-4.91.1-linux-amd64/node_modules/es-define-property/.eslintrc
code-server-4.91.1-linux-amd64/node_modules/es-define-property/README.md
code-server-4.91.1-linux-amd64/node_modules/es-define-property/LICENSE
code-server-4.91.1-linux-amd64/node_modules/es-define-property/index.js
code-server-4.91.1-linux-amd64/node_modules/es-define-property/.nycrc
code-server-4.91.1-linux-amd64/node_modules/es-define-property/.github/
code-server-4.91.1-linux-amd64/node_modules/es-define-property/.github/FUNDING.yml
code-server-4.91.1-linux-amd64/node_modules/es-define-property/package.json
code-server-4.91.1-linux-amd64/node_modules/es-define-property/CHANGELOG.md
code-server-4.91.1-linux-amd64/node_modules/es-define-property/node_modules/
code-server-4.91.1-linux-amd64/node_modules/es-define-property/node_modules/get-intrinsic/
code-server-4.91.1-linux-amd64/node_modules/es-define-property/node_modules/get-intrinsic/test/
code-server-4.91.1-linux-amd64/node_modules/es-define-property/node_modules/get-intrinsic/test/GetIntrinsic.js
code-server-4.91.1-linux-amd64/node_modules/es-define-property/node_modules/get-intrinsic/.eslintrc
code-server-4.91.1-linux-amd64/node_modules/es-define-property/node_modules/get-intrinsic/README.md
code-server-4.91.1-linux-amd64/node_modules/es-define-property/node_modules/get-intrinsic/LICENSE
code-server-4.91.1-linux-amd64/node_modules/es-define-property/node_modules/get-intrinsic/index.js
code-server-4.91.1-linux-amd64/node_modules/es-define-property/node_modules/get-intrinsic/.nycrc
code-server-4.91.1-linux-amd64/node_modules/es-define-property/node_modules/get-intrinsic/.github/
code-server-4.91.1-linux-amd64/node_modules/es-define-property/node_modules/get-intrinsic/.github/FUNDING.yml
code-server-4.91.1-linux-amd64/node_modules/es-define-property/node_modules/get-intrinsic/package.json
code-server-4.91.1-linux-amd64/node_modules/es-define-property/node_modules/get-intrinsic/CHANGELOG.md
code-server-4.91.1-linux-amd64/node_modules/es-define-property/index.d.ts
code-server-4.91.1-linux-amd64/node_modules/hasown/
code-server-4.91.1-linux-amd64/node_modules/hasown/tsconfig.json
code-server-4.91.1-linux-amd64/node_modules/hasown/.eslintrc
code-server-4.91.1-linux-amd64/node_modules/hasown/README.md
code-server-4.91.1-linux-amd64/node_modules/hasown/LICENSE
code-server-4.91.1-linux-amd64/node_modules/hasown/index.js
code-server-4.91.1-linux-amd64/node_modules/hasown/.nycrc
code-server-4.91.1-linux-amd64/node_modules/hasown/.github/
code-server-4.91.1-linux-amd64/node_modules/hasown/.github/FUNDING.yml
code-server-4.91.1-linux-amd64/node_modules/hasown/package.json
code-server-4.91.1-linux-amd64/node_modules/hasown/CHANGELOG.md
code-server-4.91.1-linux-amd64/node_modules/hasown/index.d.ts
code-server-4.91.1-linux-amd64/node_modules/hasown/index.d.ts.map
code-server-4.91.1-linux-amd64/node_modules/crypt/
code-server-4.91.1-linux-amd64/node_modules/crypt/README.mkd
code-server-4.91.1-linux-amd64/node_modules/crypt/crypt.js
code-server-4.91.1-linux-amd64/node_modules/crypt/package.json
code-server-4.91.1-linux-amd64/node_modules/crypt/LICENSE.mkd
code-server-4.91.1-linux-amd64/node_modules/gopd/
code-server-4.91.1-linux-amd64/node_modules/gopd/test/
code-server-4.91.1-linux-amd64/node_modules/gopd/test/index.js
code-server-4.91.1-linux-amd64/node_modules/gopd/.eslintrc
code-server-4.91.1-linux-amd64/node_modules/gopd/README.md
code-server-4.91.1-linux-amd64/node_modules/gopd/LICENSE
code-server-4.91.1-linux-amd64/node_modules/gopd/index.js
code-server-4.91.1-linux-amd64/node_modules/gopd/.github/
code-server-4.91.1-linux-amd64/node_modules/gopd/.github/FUNDING.yml
code-server-4.91.1-linux-amd64/node_modules/gopd/package.json
code-server-4.91.1-linux-amd64/node_modules/gopd/CHANGELOG.md
code-server-4.91.1-linux-amd64/node_modules/pac-proxy-agent/
code-server-4.91.1-linux-amd64/node_modules/pac-proxy-agent/README.md
code-server-4.91.1-linux-amd64/node_modules/pac-proxy-agent/dist/
code-server-4.91.1-linux-amd64/node_modules/pac-proxy-agent/dist/index.js.map
code-server-4.91.1-linux-amd64/node_modules/pac-proxy-agent/dist/index.js
code-server-4.91.1-linux-amd64/node_modules/pac-proxy-agent/dist/index.d.ts
code-server-4.91.1-linux-amd64/node_modules/pac-proxy-agent/dist/index.d.ts.map
code-server-4.91.1-linux-amd64/node_modules/pac-proxy-agent/package.json
code-server-4.91.1-linux-amd64/node_modules/@mapbox/
code-server-4.91.1-linux-amd64/node_modules/@mapbox/node-pre-gyp/
code-server-4.91.1-linux-amd64/node_modules/@mapbox/node-pre-gyp/lib/
code-server-4.91.1-linux-amd64/node_modules/@mapbox/node-pre-gyp/lib/install.js
code-server-4.91.1-linux-amd64/node_modules/@mapbox/node-pre-gyp/lib/build.js
code-server-4.91.1-linux-amd64/node_modules/@mapbox/node-pre-gyp/lib/main.js
code-server-4.91.1-linux-amd64/node_modules/@mapbox/node-pre-gyp/lib/pre-binding.js
code-server-4.91.1-linux-amd64/node_modules/@mapbox/node-pre-gyp/lib/info.js
code-server-4.91.1-linux-amd64/node_modules/@mapbox/node-pre-gyp/lib/reveal.js
code-server-4.91.1-linux-amd64/node_modules/@mapbox/node-pre-gyp/lib/util/
code-server-4.91.1-linux-amd64/node_modules/@mapbox/node-pre-gyp/lib/util/abi_crosswalk.json
code-server-4.91.1-linux-amd64/node_modules/@mapbox/node-pre-gyp/lib/util/napi.js
code-server-4.91.1-linux-amd64/node_modules/@mapbox/node-pre-gyp/lib/util/s3_setup.js
code-server-4.91.1-linux-amd64/node_modules/@mapbox/node-pre-gyp/lib/util/handle_gyp_opts.js
code-server-4.91.1-linux-amd64/node_modules/@mapbox/node-pre-gyp/lib/util/compile.js
code-server-4.91.1-linux-amd64/node_modules/@mapbox/node-pre-gyp/lib/util/versioning.js
code-server-4.91.1-linux-amd64/node_modules/@mapbox/node-pre-gyp/lib/util/nw-pre-gyp/
code-server-4.91.1-linux-amd64/node_modules/@mapbox/node-pre-gyp/lib/util/nw-pre-gyp/package.json
code-server-4.91.1-linux-amd64/node_modules/@mapbox/node-pre-gyp/lib/util/nw-pre-gyp/index.html
code-server-4.91.1-linux-amd64/node_modules/@mapbox/node-pre-gyp/lib/clean.js
code-server-4.91.1-linux-amd64/node_modules/@mapbox/node-pre-gyp/lib/rebuild.js
code-server-4.91.1-linux-amd64/node_modules/@mapbox/node-pre-gyp/lib/package.js
code-server-4.91.1-linux-amd64/node_modules/@mapbox/node-pre-gyp/lib/reinstall.js
code-server-4.91.1-linux-amd64/node_modules/@mapbox/node-pre-gyp/lib/testpackage.js
code-server-4.91.1-linux-amd64/node_modules/@mapbox/node-pre-gyp/lib/node-pre-gyp.js
code-server-4.91.1-linux-amd64/node_modules/@mapbox/node-pre-gyp/lib/unpublish.js
code-server-4.91.1-linux-amd64/node_modules/@mapbox/node-pre-gyp/lib/publish.js
code-server-4.91.1-linux-amd64/node_modules/@mapbox/node-pre-gyp/lib/testbinary.js
code-server-4.91.1-linux-amd64/node_modules/@mapbox/node-pre-gyp/lib/configure.js
code-server-4.91.1-linux-amd64/node_modules/@mapbox/node-pre-gyp/README.md
code-server-4.91.1-linux-amd64/node_modules/@mapbox/node-pre-gyp/LICENSE
code-server-4.91.1-linux-amd64/node_modules/@mapbox/node-pre-gyp/.github/
code-server-4.91.1-linux-amd64/node_modules/@mapbox/node-pre-gyp/.github/workflows/
code-server-4.91.1-linux-amd64/node_modules/@mapbox/node-pre-gyp/.github/workflows/codeql.yml
code-server-4.91.1-linux-amd64/node_modules/@mapbox/node-pre-gyp/package.json
code-server-4.91.1-linux-amd64/node_modules/@mapbox/node-pre-gyp/bin/
code-server-4.91.1-linux-amd64/node_modules/@mapbox/node-pre-gyp/bin/node-pre-gyp.cmd
code-server-4.91.1-linux-amd64/node_modules/@mapbox/node-pre-gyp/bin/node-pre-gyp
code-server-4.91.1-linux-amd64/node_modules/@mapbox/node-pre-gyp/contributing.md
code-server-4.91.1-linux-amd64/node_modules/@mapbox/node-pre-gyp/CHANGELOG.md
code-server-4.91.1-linux-amd64/node_modules/@mapbox/node-pre-gyp/node_modules/
code-server-4.91.1-linux-amd64/node_modules/@mapbox/node-pre-gyp/node_modules/agent-base/
code-server-4.91.1-linux-amd64/node_modules/@mapbox/node-pre-gyp/node_modules/agent-base/README.md
code-server-4.91.1-linux-amd64/node_modules/@mapbox/node-pre-gyp/node_modules/agent-base/dist/
code-server-4.91.1-linux-amd64/node_modules/@mapbox/node-pre-gyp/node_modules/agent-base/dist/src/
code-server-4.91.1-linux-amd64/node_modules/@mapbox/node-pre-gyp/node_modules/agent-base/dist/src/index.js.map
code-server-4.91.1-linux-amd64/node_modules/@mapbox/node-pre-gyp/node_modules/agent-base/dist/src/index.js
code-server-4.91.1-linux-amd64/node_modules/@mapbox/node-pre-gyp/node_modules/agent-base/dist/src/promisify.d.ts
code-server-4.91.1-linux-amd64/node_modules/@mapbox/node-pre-gyp/node_modules/agent-base/dist/src/promisify.js.map
code-server-4.91.1-linux-amd64/node_modules/@mapbox/node-pre-gyp/node_modules/agent-base/dist/src/promisify.js
code-server-4.91.1-linux-amd64/node_modules/@mapbox/node-pre-gyp/node_modules/agent-base/dist/src/index.d.ts
code-server-4.91.1-linux-amd64/node_modules/@mapbox/node-pre-gyp/node_modules/agent-base/package.json
code-server-4.91.1-linux-amd64/node_modules/@mapbox/node-pre-gyp/node_modules/agent-base/src/
code-server-4.91.1-linux-amd64/node_modules/@mapbox/node-pre-gyp/node_modules/agent-base/src/promisify.ts
code-server-4.91.1-linux-amd64/node_modules/@mapbox/node-pre-gyp/node_modules/agent-base/src/index.ts
code-server-4.91.1-linux-amd64/node_modules/@mapbox/node-pre-gyp/node_modules/https-proxy-agent/
code-server-4.91.1-linux-amd64/node_modules/@mapbox/node-pre-gyp/node_modules/https-proxy-agent/README.md
code-server-4.91.1-linux-amd64/node_modules/@mapbox/node-pre-gyp/node_modules/https-proxy-agent/dist/
code-server-4.91.1-linux-amd64/node_modules/@mapbox/node-pre-gyp/node_modules/https-proxy-agent/dist/parse-proxy-response.d.ts
code-server-4.91.1-linux-amd64/node_modules/@mapbox/node-pre-gyp/node_modules/https-proxy-agent/dist/index.js.map
code-server-4.91.1-linux-amd64/node_modules/@mapbox/node-pre-gyp/node_modules/https-proxy-agent/dist/agent.d.ts
code-server-4.91.1-linux-amd64/node_modules/@mapbox/node-pre-gyp/node_modules/https-proxy-agent/dist/parse-proxy-response.js.map
code-server-4.91.1-linux-amd64/node_modules/@mapbox/node-pre-gyp/node_modules/https-proxy-agent/dist/parse-proxy-response.js
code-server-4.91.1-linux-amd64/node_modules/@mapbox/node-pre-gyp/node_modules/https-proxy-agent/dist/index.js
code-server-4.91.1-linux-amd64/node_modules/@mapbox/node-pre-gyp/node_modules/https-proxy-agent/dist/agent.js
code-server-4.91.1-linux-amd64/node_modules/@mapbox/node-pre-gyp/node_modules/https-proxy-agent/dist/agent.js.map
code-server-4.91.1-linux-amd64/node_modules/@mapbox/node-pre-gyp/node_modules/https-proxy-agent/dist/index.d.ts
code-server-4.91.1-linux-amd64/node_modules/@mapbox/node-pre-gyp/node_modules/https-proxy-agent/package.json
code-server-4.91.1-linux-amd64/node_modules/md5/
code-server-4.91.1-linux-amd64/node_modules/md5/.travis.yml
code-server-4.91.1-linux-amd64/node_modules/md5/webpack.config.js
code-server-4.91.1-linux-amd64/node_modules/md5/README.md
code-server-4.91.1-linux-amd64/node_modules/md5/LICENSE
code-server-4.91.1-linux-amd64/node_modules/md5/test.js
code-server-4.91.1-linux-amd64/node_modules/md5/demo/
code-server-4.91.1-linux-amd64/node_modules/md5/demo/index.html
code-server-4.91.1-linux-amd64/node_modules/md5/dist/
code-server-4.91.1-linux-amd64/node_modules/md5/dist/md5.min.js
code-server-4.91.1-linux-amd64/node_modules/md5/package.json
code-server-4.91.1-linux-amd64/node_modules/md5/md5.js
code-server-4.91.1-linux-amd64/node_modules/md5/node_modules/
code-server-4.91.1-linux-amd64/node_modules/md5/node_modules/is-buffer/
code-server-4.91.1-linux-amd64/node_modules/md5/node_modules/is-buffer/test/
code-server-4.91.1-linux-amd64/node_modules/md5/node_modules/is-buffer/test/basic.js
code-server-4.91.1-linux-amd64/node_modules/md5/node_modules/is-buffer/README.md
code-server-4.91.1-linux-amd64/node_modules/md5/node_modules/is-buffer/LICENSE
code-server-4.91.1-linux-amd64/node_modules/md5/node_modules/is-buffer/index.js
code-server-4.91.1-linux-amd64/node_modules/md5/node_modules/is-buffer/package.json
code-server-4.91.1-linux-amd64/node_modules/requires-port/
code-server-4.91.1-linux-amd64/node_modules/requires-port/.travis.yml
code-server-4.91.1-linux-amd64/node_modules/requires-port/README.md
code-server-4.91.1-linux-amd64/node_modules/requires-port/LICENSE
code-server-4.91.1-linux-amd64/node_modules/requires-port/test.js
code-server-4.91.1-linux-amd64/node_modules/requires-port/index.js
code-server-4.91.1-linux-amd64/node_modules/requires-port/package.json
code-server-4.91.1-linux-amd64/node_modules/requires-port/.npmignore
code-server-4.91.1-linux-amd64/node_modules/isexe/
code-server-4.91.1-linux-amd64/node_modules/isexe/test/
code-server-4.91.1-linux-amd64/node_modules/isexe/test/basic.js
code-server-4.91.1-linux-amd64/node_modules/isexe/README.md
code-server-4.91.1-linux-amd64/node_modules/isexe/LICENSE
code-server-4.91.1-linux-amd64/node_modules/isexe/index.js
code-server-4.91.1-linux-amd64/node_modules/isexe/package.json
code-server-4.91.1-linux-amd64/node_modules/isexe/windows.js
code-server-4.91.1-linux-amd64/node_modules/isexe/.npmignore
code-server-4.91.1-linux-amd64/node_modules/isexe/mode.js
code-server-4.91.1-linux-amd64/node_modules/object-inspect/
code-server-4.91.1-linux-amd64/node_modules/object-inspect/util.inspect.js
code-server-4.91.1-linux-amd64/node_modules/object-inspect/test/
code-server-4.91.1-linux-amd64/node_modules/object-inspect/test/element.js
code-server-4.91.1-linux-amd64/node_modules/object-inspect/test/fakes.js
code-server-4.91.1-linux-amd64/node_modules/object-inspect/test/has.js
code-server-4.91.1-linux-amd64/node_modules/object-inspect/test/err.js
code-server-4.91.1-linux-amd64/node_modules/object-inspect/test/values.js
code-server-4.91.1-linux-amd64/node_modules/object-inspect/test/lowbyte.js
code-server-4.91.1-linux-amd64/node_modules/object-inspect/test/deep.js
code-server-4.91.1-linux-amd64/node_modules/object-inspect/test/circular.js
code-server-4.91.1-linux-amd64/node_modules/object-inspect/test/undef.js
code-server-4.91.1-linux-amd64/node_modules/object-inspect/test/quoteStyle.js
code-server-4.91.1-linux-amd64/node_modules/object-inspect/test/number.js
code-server-4.91.1-linux-amd64/node_modules/object-inspect/test/browser/
code-server-4.91.1-linux-amd64/node_modules/object-inspect/test/browser/dom.js
code-server-4.91.1-linux-amd64/node_modules/object-inspect/test/fn.js
code-server-4.91.1-linux-amd64/node_modules/object-inspect/test/indent-option.js
code-server-4.91.1-linux-amd64/node_modules/object-inspect/test/bigint.js
code-server-4.91.1-linux-amd64/node_modules/object-inspect/test/holes.js
code-server-4.91.1-linux-amd64/node_modules/object-inspect/test/inspect.js
code-server-4.91.1-linux-amd64/node_modules/object-inspect/test/toStringTag.js
code-server-4.91.1-linux-amd64/node_modules/object-inspect/test-core-js.js
code-server-4.91.1-linux-amd64/node_modules/object-inspect/.eslintrc
code-server-4.91.1-linux-amd64/node_modules/object-inspect/LICENSE
code-server-4.91.1-linux-amd64/node_modules/object-inspect/readme.markdown
code-server-4.91.1-linux-amd64/node_modules/object-inspect/index.js
code-server-4.91.1-linux-amd64/node_modules/object-inspect/.nycrc
code-server-4.91.1-linux-amd64/node_modules/object-inspect/.github/
code-server-4.91.1-linux-amd64/node_modules/object-inspect/.github/FUNDING.yml
code-server-4.91.1-linux-amd64/node_modules/object-inspect/package.json
code-server-4.91.1-linux-amd64/node_modules/object-inspect/example/
code-server-4.91.1-linux-amd64/node_modules/object-inspect/example/all.js
code-server-4.91.1-linux-amd64/node_modules/object-inspect/example/circular.js
code-server-4.91.1-linux-amd64/node_modules/object-inspect/example/fn.js
code-server-4.91.1-linux-amd64/node_modules/object-inspect/example/inspect.js
code-server-4.91.1-linux-amd64/node_modules/object-inspect/package-support.json
code-server-4.91.1-linux-amd64/node_modules/object-inspect/CHANGELOG.md
code-server-4.91.1-linux-amd64/node_modules/delegates/
code-server-4.91.1-linux-amd64/node_modules/delegates/test/
code-server-4.91.1-linux-amd64/node_modules/delegates/test/index.js
code-server-4.91.1-linux-amd64/node_modules/delegates/index.js
code-server-4.91.1-linux-amd64/node_modules/delegates/License
code-server-4.91.1-linux-amd64/node_modules/delegates/package.json
code-server-4.91.1-linux-amd64/node_modules/delegates/Makefile
code-server-4.91.1-linux-amd64/node_modules/delegates/Readme.md
code-server-4.91.1-linux-amd64/node_modules/delegates/.npmignore
code-server-4.91.1-linux-amd64/node_modules/delegates/History.md
code-server-4.91.1-linux-amd64/node_modules/are-we-there-yet/
code-server-4.91.1-linux-amd64/node_modules/are-we-there-yet/LICENSE.md
code-server-4.91.1-linux-amd64/node_modules/are-we-there-yet/lib/
code-server-4.91.1-linux-amd64/node_modules/are-we-there-yet/lib/tracker-base.js
code-server-4.91.1-linux-amd64/node_modules/are-we-there-yet/lib/index.js
code-server-4.91.1-linux-amd64/node_modules/are-we-there-yet/lib/tracker-group.js
code-server-4.91.1-linux-amd64/node_modules/are-we-there-yet/lib/tracker-stream.js
code-server-4.91.1-linux-amd64/node_modules/are-we-there-yet/lib/tracker.js
code-server-4.91.1-linux-amd64/node_modules/are-we-there-yet/README.md
code-server-4.91.1-linux-amd64/node_modules/are-we-there-yet/package.json
code-server-4.91.1-linux-amd64/node_modules/http-proxy/
code-server-4.91.1-linux-amd64/node_modules/http-proxy/.gitattributes
code-server-4.91.1-linux-amd64/node_modules/http-proxy/lib/
code-server-4.91.1-linux-amd64/node_modules/http-proxy/lib/http-proxy/
code-server-4.91.1-linux-amd64/node_modules/http-proxy/lib/http-proxy/passes/
code-server-4.91.1-linux-amd64/node_modules/http-proxy/lib/http-proxy/passes/web-outgoing.js
code-server-4.91.1-linux-amd64/node_modules/http-proxy/lib/http-proxy/passes/web-incoming.js
code-server-4.91.1-linux-amd64/node_modules/http-proxy/lib/http-proxy/passes/ws-incoming.js
code-server-4.91.1-linux-amd64/node_modules/http-proxy/lib/http-proxy/index.js
code-server-4.91.1-linux-amd64/node_modules/http-proxy/lib/http-proxy/common.js
code-server-4.91.1-linux-amd64/node_modules/http-proxy/lib/http-proxy.js
code-server-4.91.1-linux-amd64/node_modules/http-proxy/codecov.yml
code-server-4.91.1-linux-amd64/node_modules/http-proxy/README.md
code-server-4.91.1-linux-amd64/node_modules/http-proxy/LICENSE
code-server-4.91.1-linux-amd64/node_modules/http-proxy/index.js
code-server-4.91.1-linux-amd64/node_modules/http-proxy/renovate.json
code-server-4.91.1-linux-amd64/node_modules/http-proxy/package.json
code-server-4.91.1-linux-amd64/node_modules/http-proxy/.auto-changelog
code-server-4.91.1-linux-amd64/node_modules/http-proxy/CODE_OF_CONDUCT.md
code-server-4.91.1-linux-amd64/node_modules/http-proxy/CHANGELOG.md
code-server-4.91.1-linux-amd64/node_modules/just-performance/
code-server-4.91.1-linux-amd64/node_modules/just-performance/README.md
code-server-4.91.1-linux-amd64/node_modules/just-performance/LICENSE
code-server-4.91.1-linux-amd64/node_modules/just-performance/dist/
code-server-4.91.1-linux-amd64/node_modules/just-performance/dist/tsconfig.browser.esm.tsbuildinfo
code-server-4.91.1-linux-amd64/node_modules/just-performance/dist/tsconfig.node.esm.tsbuildinfo
code-server-4.91.1-linux-amd64/node_modules/just-performance/dist/esm/
code-server-4.91.1-linux-amd64/node_modules/just-performance/dist/esm/browser.d.ts
code-server-4.91.1-linux-amd64/node_modules/just-performance/dist/esm/node.d.ts.map
code-server-4.91.1-linux-amd64/node_modules/just-performance/dist/esm/browser.js.map
code-server-4.91.1-linux-amd64/node_modules/just-performance/dist/esm/browser.js
code-server-4.91.1-linux-amd64/node_modules/just-performance/dist/esm/node.d.ts
code-server-4.91.1-linux-amd64/node_modules/just-performance/dist/esm/browser.d.ts.map
code-server-4.91.1-linux-amd64/node_modules/just-performance/dist/esm/node.js.map
code-server-4.91.1-linux-amd64/node_modules/just-performance/dist/esm/node.js
code-server-4.91.1-linux-amd64/node_modules/just-performance/dist/cjs/
code-server-4.91.1-linux-amd64/node_modules/just-performance/dist/cjs/node.d.ts.map
code-server-4.91.1-linux-amd64/node_modules/just-performance/dist/cjs/node.d.ts
code-server-4.91.1-linux-amd64/node_modules/just-performance/dist/cjs/node.js.map
code-server-4.91.1-linux-amd64/node_modules/just-performance/dist/cjs/node.js
code-server-4.91.1-linux-amd64/node_modules/just-performance/dist/tsconfig.node.cjs.tsbuildinfo
code-server-4.91.1-linux-amd64/node_modules/just-performance/package.json
code-server-4.91.1-linux-amd64/node_modules/just-performance/src/
code-server-4.91.1-linux-amd64/node_modules/just-performance/src/node.ts
code-server-4.91.1-linux-amd64/node_modules/just-performance/src/browser.ts
code-server-4.91.1-linux-amd64/node_modules/on-finished/
code-server-4.91.1-linux-amd64/node_modules/on-finished/README.md
code-server-4.91.1-linux-amd64/node_modules/on-finished/LICENSE
code-server-4.91.1-linux-amd64/node_modules/on-finished/index.js
code-server-4.91.1-linux-amd64/node_modules/on-finished/package.json
code-server-4.91.1-linux-amd64/node_modules/on-finished/HISTORY.md
code-server-4.91.1-linux-amd64/node_modules/body-parser/
code-server-4.91.1-linux-amd64/node_modules/body-parser/SECURITY.md
code-server-4.91.1-linux-amd64/node_modules/body-parser/lib/
code-server-4.91.1-linux-amd64/node_modules/body-parser/lib/read.js
code-server-4.91.1-linux-amd64/node_modules/body-parser/lib/types/
code-server-4.91.1-linux-amd64/node_modules/body-parser/lib/types/json.js
code-server-4.91.1-linux-amd64/node_modules/body-parser/lib/types/raw.js
code-server-4.91.1-linux-amd64/node_modules/body-parser/lib/types/text.js
code-server-4.91.1-linux-amd64/node_modules/body-parser/lib/types/urlencoded.js
code-server-4.91.1-linux-amd64/node_modules/body-parser/README.md
code-server-4.91.1-linux-amd64/node_modules/body-parser/LICENSE
code-server-4.91.1-linux-amd64/node_modules/body-parser/index.js
code-server-4.91.1-linux-amd64/node_modules/body-parser/package.json
code-server-4.91.1-linux-amd64/node_modules/body-parser/node_modules/
code-server-4.91.1-linux-amd64/node_modules/body-parser/node_modules/qs/
code-server-4.91.1-linux-amd64/node_modules/body-parser/node_modules/qs/LICENSE.md
code-server-4.91.1-linux-amd64/node_modules/body-parser/node_modules/qs/lib/
code-server-4.91.1-linux-amd64/node_modules/body-parser/node_modules/qs/lib/parse.js
code-server-4.91.1-linux-amd64/node_modules/body-parser/node_modules/qs/lib/formats.js
code-server-4.91.1-linux-amd64/node_modules/body-parser/node_modules/qs/lib/index.js
code-server-4.91.1-linux-amd64/node_modules/body-parser/node_modules/qs/lib/utils.js
code-server-4.91.1-linux-amd64/node_modules/body-parser/node_modules/qs/lib/stringify.js
code-server-4.91.1-linux-amd64/node_modules/body-parser/node_modules/qs/test/
code-server-4.91.1-linux-amd64/node_modules/body-parser/node_modules/qs/test/parse.js
code-server-4.91.1-linux-amd64/node_modules/body-parser/node_modules/qs/test/utils.js
code-server-4.91.1-linux-amd64/node_modules/body-parser/node_modules/qs/test/stringify.js
code-server-4.91.1-linux-amd64/node_modules/body-parser/node_modules/qs/.editorconfig
code-server-4.91.1-linux-amd64/node_modules/body-parser/node_modules/qs/.eslintrc
code-server-4.91.1-linux-amd64/node_modules/body-parser/node_modules/qs/README.md
code-server-4.91.1-linux-amd64/node_modules/body-parser/node_modules/qs/.nycrc
code-server-4.91.1-linux-amd64/node_modules/body-parser/node_modules/qs/.github/
code-server-4.91.1-linux-amd64/node_modules/body-parser/node_modules/qs/.github/FUNDING.yml
code-server-4.91.1-linux-amd64/node_modules/body-parser/node_modules/qs/dist/
code-server-4.91.1-linux-amd64/node_modules/body-parser/node_modules/qs/dist/qs.js
code-server-4.91.1-linux-amd64/node_modules/body-parser/node_modules/qs/package.json
code-server-4.91.1-linux-amd64/node_modules/body-parser/node_modules/qs/CHANGELOG.md
code-server-4.91.1-linux-amd64/node_modules/body-parser/node_modules/debug/
code-server-4.91.1-linux-amd64/node_modules/body-parser/node_modules/debug/.travis.yml
code-server-4.91.1-linux-amd64/node_modules/body-parser/node_modules/debug/.coveralls.yml
code-server-4.91.1-linux-amd64/node_modules/body-parser/node_modules/debug/.eslintrc
code-server-4.91.1-linux-amd64/node_modules/body-parser/node_modules/debug/README.md
code-server-4.91.1-linux-amd64/node_modules/body-parser/node_modules/debug/LICENSE
code-server-4.91.1-linux-amd64/node_modules/body-parser/node_modules/debug/karma.conf.js
code-server-4.91.1-linux-amd64/node_modules/body-parser/node_modules/debug/package.json
code-server-4.91.1-linux-amd64/node_modules/body-parser/node_modules/debug/Makefile
code-server-4.91.1-linux-amd64/node_modules/body-parser/node_modules/debug/src/
code-server-4.91.1-linux-amd64/node_modules/body-parser/node_modules/debug/src/debug.js
code-server-4.91.1-linux-amd64/node_modules/body-parser/node_modules/debug/src/index.js
code-server-4.91.1-linux-amd64/node_modules/body-parser/node_modules/debug/src/browser.js
code-server-4.91.1-linux-amd64/node_modules/body-parser/node_modules/debug/src/node.js
code-server-4.91.1-linux-amd64/node_modules/body-parser/node_modules/debug/CHANGELOG.md
code-server-4.91.1-linux-amd64/node_modules/body-parser/node_modules/debug/.npmignore
code-server-4.91.1-linux-amd64/node_modules/body-parser/node_modules/debug/node.js
code-server-4.91.1-linux-amd64/node_modules/body-parser/HISTORY.md
code-server-4.91.1-linux-amd64/node_modules/js-yaml/
code-server-4.91.1-linux-amd64/node_modules/js-yaml/lib/
code-server-4.91.1-linux-amd64/node_modules/js-yaml/lib/type.js
code-server-4.91.1-linux-amd64/node_modules/js-yaml/lib/dumper.js
code-server-4.91.1-linux-amd64/node_modules/js-yaml/lib/exception.js
code-server-4.91.1-linux-amd64/node_modules/js-yaml/lib/schema/
code-server-4.91.1-linux-amd64/node_modules/js-yaml/lib/schema/json.js
code-server-4.91.1-linux-amd64/node_modules/js-yaml/lib/schema/core.js
code-server-4.91.1-linux-amd64/node_modules/js-yaml/lib/schema/default.js
code-server-4.91.1-linux-amd64/node_modules/js-yaml/lib/schema/failsafe.js
code-server-4.91.1-linux-amd64/node_modules/js-yaml/lib/type/
code-server-4.91.1-linux-amd64/node_modules/js-yaml/lib/type/bool.js
code-server-4.91.1-linux-amd64/node_modules/js-yaml/lib/type/merge.js
code-server-4.91.1-linux-amd64/node_modules/js-yaml/lib/type/pairs.js
code-server-4.91.1-linux-amd64/node_modules/js-yaml/lib/type/float.js
code-server-4.91.1-linux-amd64/node_modules/js-yaml/lib/type/set.js
code-server-4.91.1-linux-amd64/node_modules/js-yaml/lib/type/map.js
code-server-4.91.1-linux-amd64/node_modules/js-yaml/lib/type/timestamp.js
code-server-4.91.1-linux-amd64/node_modules/js-yaml/lib/type/seq.js
code-server-4.91.1-linux-amd64/node_modules/js-yaml/lib/type/omap.js
code-server-4.91.1-linux-amd64/node_modules/js-yaml/lib/type/str.js
code-server-4.91.1-linux-amd64/node_modules/js-yaml/lib/type/null.js
code-server-4.91.1-linux-amd64/node_modules/js-yaml/lib/type/int.js
code-server-4.91.1-linux-amd64/node_modules/js-yaml/lib/type/binary.js
code-server-4.91.1-linux-amd64/node_modules/js-yaml/lib/schema.js
code-server-4.91.1-linux-amd64/node_modules/js-yaml/lib/loader.js
code-server-4.91.1-linux-amd64/node_modules/js-yaml/lib/common.js
code-server-4.91.1-linux-amd64/node_modules/js-yaml/lib/snippet.js
code-server-4.91.1-linux-amd64/node_modules/js-yaml/README.md
code-server-4.91.1-linux-amd64/node_modules/js-yaml/LICENSE
code-server-4.91.1-linux-amd64/node_modules/js-yaml/index.js
code-server-4.91.1-linux-amd64/node_modules/js-yaml/dist/
code-server-4.91.1-linux-amd64/node_modules/js-yaml/dist/js-yaml.min.js
code-server-4.91.1-linux-amd64/node_modules/js-yaml/dist/js-yaml.mjs
code-server-4.91.1-linux-amd64/node_modules/js-yaml/dist/js-yaml.js
code-server-4.91.1-linux-amd64/node_modules/js-yaml/package.json
code-server-4.91.1-linux-amd64/node_modules/js-yaml/bin/
code-server-4.91.1-linux-amd64/node_modules/js-yaml/bin/js-yaml.js
code-server-4.91.1-linux-amd64/node_modules/js-yaml/CHANGELOG.md
code-server-4.91.1-linux-amd64/node_modules/@pkgr/
code-server-4.91.1-linux-amd64/node_modules/array-flatten/
code-server-4.91.1-linux-amd64/node_modules/array-flatten/README.md
code-server-4.91.1-linux-amd64/node_modules/array-flatten/LICENSE
code-server-4.91.1-linux-amd64/node_modules/array-flatten/dist/
code-server-4.91.1-linux-amd64/node_modules/array-flatten/dist/index.js.map
code-server-4.91.1-linux-amd64/node_modules/array-flatten/dist/index.spec.js
code-server-4.91.1-linux-amd64/node_modules/array-flatten/dist/index.spec.js.map
code-server-4.91.1-linux-amd64/node_modules/array-flatten/dist/index.js
code-server-4.91.1-linux-amd64/node_modules/array-flatten/dist/index.spec.d.ts
code-server-4.91.1-linux-amd64/node_modules/array-flatten/dist/index.d.ts
code-server-4.91.1-linux-amd64/node_modules/array-flatten/package.json
code-server-4.91.1-linux-amd64/node_modules/array-flatten/dist.es2015/
code-server-4.91.1-linux-amd64/node_modules/array-flatten/dist.es2015/index.js.map
code-server-4.91.1-linux-amd64/node_modules/array-flatten/dist.es2015/index.spec.js
code-server-4.91.1-linux-amd64/node_modules/array-flatten/dist.es2015/index.spec.js.map
code-server-4.91.1-linux-amd64/node_modules/array-flatten/dist.es2015/index.js
code-server-4.91.1-linux-amd64/node_modules/function-bind/
code-server-4.91.1-linux-amd64/node_modules/function-bind/test/
code-server-4.91.1-linux-amd64/node_modules/function-bind/test/.eslintrc
code-server-4.91.1-linux-amd64/node_modules/function-bind/test/index.js
code-server-4.91.1-linux-amd64/node_modules/function-bind/.eslintrc
code-server-4.91.1-linux-amd64/node_modules/function-bind/README.md
code-server-4.91.1-linux-amd64/node_modules/function-bind/LICENSE
code-server-4.91.1-linux-amd64/node_modules/function-bind/index.js
code-server-4.91.1-linux-amd64/node_modules/function-bind/.nycrc
code-server-4.91.1-linux-amd64/node_modules/function-bind/.github/
code-server-4.91.1-linux-amd64/node_modules/function-bind/.github/SECURITY.md
code-server-4.91.1-linux-amd64/node_modules/function-bind/.github/FUNDING.yml
code-server-4.91.1-linux-amd64/node_modules/function-bind/package.json
code-server-4.91.1-linux-amd64/node_modules/function-bind/implementation.js
code-server-4.91.1-linux-amd64/node_modules/function-bind/CHANGELOG.md
code-server-4.91.1-linux-amd64/node_modules/buffer-alloc-unsafe/
code-server-4.91.1-linux-amd64/node_modules/buffer-alloc-unsafe/index.js
code-server-4.91.1-linux-amd64/node_modules/buffer-alloc-unsafe/package.json
code-server-4.91.1-linux-amd64/node_modules/buffer-alloc-unsafe/readme.md
code-server-4.91.1-linux-amd64/node_modules/util-deprecate/
code-server-4.91.1-linux-amd64/node_modules/util-deprecate/README.md
code-server-4.91.1-linux-amd64/node_modules/util-deprecate/LICENSE
code-server-4.91.1-linux-amd64/node_modules/util-deprecate/browser.js
code-server-4.91.1-linux-amd64/node_modules/util-deprecate/package.json
code-server-4.91.1-linux-amd64/node_modules/util-deprecate/node.js
code-server-4.91.1-linux-amd64/node_modules/util-deprecate/History.md
code-server-4.91.1-linux-amd64/node_modules/gauge/
code-server-4.91.1-linux-amd64/node_modules/gauge/error.js
code-server-4.91.1-linux-amd64/node_modules/gauge/base-theme.js
code-server-4.91.1-linux-amd64/node_modules/gauge/set-immediate.js
code-server-4.91.1-linux-amd64/node_modules/gauge/README.md
code-server-4.91.1-linux-amd64/node_modules/gauge/LICENSE
code-server-4.91.1-linux-amd64/node_modules/gauge/index.js
code-server-4.91.1-linux-amd64/node_modules/gauge/themes.js
code-server-4.91.1-linux-amd64/node_modules/gauge/plumbing.js
code-server-4.91.1-linux-amd64/node_modules/gauge/package.json
code-server-4.91.1-linux-amd64/node_modules/gauge/render-template.js
code-server-4.91.1-linux-amd64/node_modules/gauge/theme-set.js
code-server-4.91.1-linux-amd64/node_modules/gauge/template-item.js
code-server-4.91.1-linux-amd64/node_modules/gauge/process.js
code-server-4.91.1-linux-amd64/node_modules/gauge/wide-truncate.js
code-server-4.91.1-linux-amd64/node_modules/gauge/CHANGELOG.md
code-server-4.91.1-linux-amd64/node_modules/gauge/set-interval.js
code-server-4.91.1-linux-amd64/node_modules/gauge/spin.js
code-server-4.91.1-linux-amd64/node_modules/gauge/progress-bar.js
code-server-4.91.1-linux-amd64/node_modules/gauge/has-color.js
code-server-4.91.1-linux-amd64/node_modules/concat-map/
code-server-4.91.1-linux-amd64/node_modules/concat-map/.travis.yml
code-server-4.91.1-linux-amd64/node_modules/concat-map/README.markdown
code-server-4.91.1-linux-amd64/node_modules/concat-map/test/
code-server-4.91.1-linux-amd64/node_modules/concat-map/test/map.js
code-server-4.91.1-linux-amd64/node_modules/concat-map/LICENSE
code-server-4.91.1-linux-amd64/node_modules/concat-map/index.js
code-server-4.91.1-linux-amd64/node_modules/concat-map/package.json
code-server-4.91.1-linux-amd64/node_modules/concat-map/example/
code-server-4.91.1-linux-amd64/node_modules/concat-map/example/map.js
code-server-4.91.1-linux-amd64/node_modules/set-blocking/
code-server-4.91.1-linux-amd64/node_modules/set-blocking/README.md
code-server-4.91.1-linux-amd64/node_modules/set-blocking/index.js
code-server-4.91.1-linux-amd64/node_modules/set-blocking/package.json
code-server-4.91.1-linux-amd64/node_modules/set-blocking/LICENSE.txt
code-server-4.91.1-linux-amd64/node_modules/set-blocking/CHANGELOG.md
code-server-4.91.1-linux-amd64/node_modules/compression/
code-server-4.91.1-linux-amd64/node_modules/compression/README.md
code-server-4.91.1-linux-amd64/node_modules/compression/LICENSE
code-server-4.91.1-linux-amd64/node_modules/compression/index.js
code-server-4.91.1-linux-amd64/node_modules/compression/package.json
code-server-4.91.1-linux-amd64/node_modules/compression/node_modules/
code-server-4.91.1-linux-amd64/node_modules/compression/node_modules/bytes/
code-server-4.91.1-linux-amd64/node_modules/compression/node_modules/bytes/LICENSE
code-server-4.91.1-linux-amd64/node_modules/compression/node_modules/bytes/index.js
code-server-4.91.1-linux-amd64/node_modules/compression/node_modules/bytes/package.json
code-server-4.91.1-linux-amd64/node_modules/compression/node_modules/bytes/Readme.md
code-server-4.91.1-linux-amd64/node_modules/compression/node_modules/bytes/History.md
code-server-4.91.1-linux-amd64/node_modules/compression/node_modules/safe-buffer/
code-server-4.91.1-linux-amd64/node_modules/compression/node_modules/safe-buffer/README.md
code-server-4.91.1-linux-amd64/node_modules/compression/node_modules/safe-buffer/LICENSE
code-server-4.91.1-linux-amd64/node_modules/compression/node_modules/safe-buffer/index.js
code-server-4.91.1-linux-amd64/node_modules/compression/node_modules/safe-buffer/package.json
code-server-4.91.1-linux-amd64/node_modules/compression/node_modules/safe-buffer/index.d.ts
code-server-4.91.1-linux-amd64/node_modules/compression/node_modules/debug/
code-server-4.91.1-linux-amd64/node_modules/compression/node_modules/debug/.travis.yml
code-server-4.91.1-linux-amd64/node_modules/compression/node_modules/debug/.coveralls.yml
code-server-4.91.1-linux-amd64/node_modules/compression/node_modules/debug/.eslintrc
code-server-4.91.1-linux-amd64/node_modules/compression/node_modules/debug/README.md
code-server-4.91.1-linux-amd64/node_modules/compression/node_modules/debug/LICENSE
code-server-4.91.1-linux-amd64/node_modules/compression/node_modules/debug/karma.conf.js
code-server-4.91.1-linux-amd64/node_modules/compression/node_modules/debug/package.json
code-server-4.91.1-linux-amd64/node_modules/compression/node_modules/debug/component.json
code-server-4.91.1-linux-amd64/node_modules/compression/node_modules/debug/Makefile
code-server-4.91.1-linux-amd64/node_modules/compression/node_modules/debug/src/
code-server-4.91.1-linux-amd64/node_modules/compression/node_modules/debug/src/inspector-log.js
code-server-4.91.1-linux-amd64/node_modules/compression/node_modules/debug/src/debug.js
code-server-4.91.1-linux-amd64/node_modules/compression/node_modules/debug/src/index.js
code-server-4.91.1-linux-amd64/node_modules/compression/node_modules/debug/src/browser.js
code-server-4.91.1-linux-amd64/node_modules/compression/node_modules/debug/src/node.js
code-server-4.91.1-linux-amd64/node_modules/compression/node_modules/debug/CHANGELOG.md
code-server-4.91.1-linux-amd64/node_modules/compression/node_modules/debug/.npmignore
code-server-4.91.1-linux-amd64/node_modules/compression/node_modules/debug/node.js
code-server-4.91.1-linux-amd64/node_modules/compression/HISTORY.md
code-server-4.91.1-linux-amd64/node_modules/iconv-lite/
code-server-4.91.1-linux-amd64/node_modules/iconv-lite/lib/
code-server-4.91.1-linux-amd64/node_modules/iconv-lite/lib/index.js
code-server-4.91.1-linux-amd64/node_modules/iconv-lite/lib/streams.js
code-server-4.91.1-linux-amd64/node_modules/iconv-lite/lib/extend-node.js
code-server-4.91.1-linux-amd64/node_modules/iconv-lite/lib/index.d.ts
code-server-4.91.1-linux-amd64/node_modules/iconv-lite/lib/bom-handling.js
code-server-4.91.1-linux-amd64/node_modules/iconv-lite/README.md
code-server-4.91.1-linux-amd64/node_modules/iconv-lite/LICENSE
code-server-4.91.1-linux-amd64/node_modules/iconv-lite/Changelog.md
code-server-4.91.1-linux-amd64/node_modules/iconv-lite/encodings/
code-server-4.91.1-linux-amd64/node_modules/iconv-lite/encodings/utf16.js
code-server-4.91.1-linux-amd64/node_modules/iconv-lite/encodings/sbcs-data-generated.js
code-server-4.91.1-linux-amd64/node_modules/iconv-lite/encodings/dbcs-codec.js
code-server-4.91.1-linux-amd64/node_modules/iconv-lite/encodings/index.js
code-server-4.91.1-linux-amd64/node_modules/iconv-lite/encodings/sbcs-data.js
code-server-4.91.1-linux-amd64/node_modules/iconv-lite/encodings/utf32.js
code-server-4.91.1-linux-amd64/node_modules/iconv-lite/encodings/dbcs-data.js
code-server-4.91.1-linux-amd64/node_modules/iconv-lite/encodings/utf7.js
code-server-4.91.1-linux-amd64/node_modules/iconv-lite/encodings/tables/
code-server-4.91.1-linux-amd64/node_modules/iconv-lite/encodings/tables/cp936.json
code-server-4.91.1-linux-amd64/node_modules/iconv-lite/encodings/tables/cp950.json
code-server-4.91.1-linux-amd64/node_modules/iconv-lite/encodings/tables/big5-added.json
code-server-4.91.1-linux-amd64/node_modules/iconv-lite/encodings/tables/cp949.json
code-server-4.91.1-linux-amd64/node_modules/iconv-lite/encodings/tables/gbk-added.json
code-server-4.91.1-linux-amd64/node_modules/iconv-lite/encodings/tables/eucjp.json
code-server-4.91.1-linux-amd64/node_modules/iconv-lite/encodings/tables/shiftjis.json
code-server-4.91.1-linux-amd64/node_modules/iconv-lite/encodings/tables/gb18030-ranges.json
code-server-4.91.1-linux-amd64/node_modules/iconv-lite/encodings/sbcs-codec.js
code-server-4.91.1-linux-amd64/node_modules/iconv-lite/encodings/internal.js
code-server-4.91.1-linux-amd64/node_modules/iconv-lite/package.json
code-server-4.91.1-linux-amd64/node_modules/universalify/
code-server-4.91.1-linux-amd64/node_modules/universalify/README.md
code-server-4.91.1-linux-amd64/node_modules/universalify/LICENSE
code-server-4.91.1-linux-amd64/node_modules/universalify/index.js
code-server-4.91.1-linux-amd64/node_modules/universalify/package.json
code-server-4.91.1-linux-amd64/node_modules/@coder/
code-server-4.91.1-linux-amd64/node_modules/@coder/logger/
code-server-4.91.1-linux-amd64/node_modules/@coder/logger/.editorconfig
code-server-4.91.1-linux-amd64/node_modules/@coder/logger/README.md
code-server-4.91.1-linux-amd64/node_modules/@coder/logger/.github/
code-server-4.91.1-linux-amd64/node_modules/@coder/logger/.github/workflows/
code-server-4.91.1-linux-amd64/node_modules/@coder/logger/.github/workflows/ci.yaml
code-server-4.91.1-linux-amd64/node_modules/@coder/logger/package.json
code-server-4.91.1-linux-amd64/node_modules/@coder/logger/.stylelintrc.yaml
code-server-4.91.1-linux-amd64/node_modules/@coder/logger/src/
code-server-4.91.1-linux-amd64/node_modules/@coder/logger/src/logger.ts
code-server-4.91.1-linux-amd64/node_modules/@coder/logger/src/index.ts
code-server-4.91.1-linux-amd64/node_modules/@coder/logger/.prettierrc.yaml
code-server-4.91.1-linux-amd64/node_modules/@coder/logger/out/
code-server-4.91.1-linux-amd64/node_modules/@coder/logger/out/index.js.map
code-server-4.91.1-linux-amd64/node_modules/@coder/logger/out/logger.js.map
code-server-4.91.1-linux-amd64/node_modules/@coder/logger/out/index.js
code-server-4.91.1-linux-amd64/node_modules/@coder/logger/out/logger.d.ts
code-server-4.91.1-linux-amd64/node_modules/@coder/logger/out/index.d.ts
code-server-4.91.1-linux-amd64/node_modules/@coder/logger/out/logger.js
code-server-4.91.1-linux-amd64/node_modules/@coder/logger/.eslintrc.yaml
code-server-4.91.1-linux-amd64/node_modules/ast-types/
code-server-4.91.1-linux-amd64/node_modules/ast-types/gen/
code-server-4.91.1-linux-amd64/node_modules/ast-types/gen/kinds.d.ts
code-server-4.91.1-linux-amd64/node_modules/ast-types/gen/visitor.d.ts
code-server-4.91.1-linux-amd64/node_modules/ast-types/gen/kinds.js
code-server-4.91.1-linux-amd64/node_modules/ast-types/gen/namedTypes.d.ts
code-server-4.91.1-linux-amd64/node_modules/ast-types/gen/visitor.js
code-server-4.91.1-linux-amd64/node_modules/ast-types/gen/namedTypes.js
code-server-4.91.1-linux-amd64/node_modules/ast-types/gen/builders.d.ts
code-server-4.91.1-linux-amd64/node_modules/ast-types/gen/builders.js
code-server-4.91.1-linux-amd64/node_modules/ast-types/main.js
code-server-4.91.1-linux-amd64/node_modules/ast-types/lib/
code-server-4.91.1-linux-amd64/node_modules/ast-types/lib/node-path.d.ts
code-server-4.91.1-linux-amd64/node_modules/ast-types/lib/equiv.d.ts
code-server-4.91.1-linux-amd64/node_modules/ast-types/lib/scope.js
code-server-4.91.1-linux-amd64/node_modules/ast-types/lib/path-visitor.d.ts
code-server-4.91.1-linux-amd64/node_modules/ast-types/lib/node-path.js
code-server-4.91.1-linux-amd64/node_modules/ast-types/lib/path-visitor.js
code-server-4.91.1-linux-amd64/node_modules/ast-types/lib/shared.d.ts
code-server-4.91.1-linux-amd64/node_modules/ast-types/lib/shared.js
code-server-4.91.1-linux-amd64/node_modules/ast-types/lib/equiv.js
code-server-4.91.1-linux-amd64/node_modules/ast-types/lib/path.js
code-server-4.91.1-linux-amd64/node_modules/ast-types/lib/types.js
code-server-4.91.1-linux-amd64/node_modules/ast-types/lib/path.d.ts
code-server-4.91.1-linux-amd64/node_modules/ast-types/lib/scope.d.ts
code-server-4.91.1-linux-amd64/node_modules/ast-types/lib/types.d.ts
code-server-4.91.1-linux-amd64/node_modules/ast-types/tsconfig.json
code-server-4.91.1-linux-amd64/node_modules/ast-types/main.d.ts
code-server-4.91.1-linux-amd64/node_modules/ast-types/README.md
code-server-4.91.1-linux-amd64/node_modules/ast-types/LICENSE
code-server-4.91.1-linux-amd64/node_modules/ast-types/.github/
code-server-4.91.1-linux-amd64/node_modules/ast-types/.github/dependabot.yml
code-server-4.91.1-linux-amd64/node_modules/ast-types/.github/workflows/
code-server-4.91.1-linux-amd64/node_modules/ast-types/.github/workflows/main.yml
code-server-4.91.1-linux-amd64/node_modules/ast-types/package.json
code-server-4.91.1-linux-amd64/node_modules/ast-types/fork.js
code-server-4.91.1-linux-amd64/node_modules/ast-types/fork.d.ts
code-server-4.91.1-linux-amd64/node_modules/ast-types/def/
code-server-4.91.1-linux-amd64/node_modules/ast-types/def/es7.d.ts
code-server-4.91.1-linux-amd64/node_modules/ast-types/def/babel-core.d.ts
code-server-4.91.1-linux-amd64/node_modules/ast-types/def/jsx.js
code-server-4.91.1-linux-amd64/node_modules/ast-types/def/babel-core.js
code-server-4.91.1-linux-amd64/node_modules/ast-types/def/esprima.js
code-server-4.91.1-linux-amd64/node_modules/ast-types/def/es-proposals.d.ts
code-server-4.91.1-linux-amd64/node_modules/ast-types/def/core.d.ts
code-server-4.91.1-linux-amd64/node_modules/ast-types/def/core.js
code-server-4.91.1-linux-amd64/node_modules/ast-types/def/typescript.d.ts
code-server-4.91.1-linux-amd64/node_modules/ast-types/def/typescript.js
code-server-4.91.1-linux-amd64/node_modules/ast-types/def/es7.js
code-server-4.91.1-linux-amd64/node_modules/ast-types/def/es6.d.ts
code-server-4.91.1-linux-amd64/node_modules/ast-types/def/babel.js
code-server-4.91.1-linux-amd64/node_modules/ast-types/def/jsx.d.ts
code-server-4.91.1-linux-amd64/node_modules/ast-types/def/type-annotations.d.ts
code-server-4.91.1-linux-amd64/node_modules/ast-types/def/es2020.js
code-server-4.91.1-linux-amd64/node_modules/ast-types/def/flow.d.ts
code-server-4.91.1-linux-amd64/node_modules/ast-types/def/type-annotations.js
code-server-4.91.1-linux-amd64/node_modules/ast-types/def/flow.js
code-server-4.91.1-linux-amd64/node_modules/ast-types/def/es2020.d.ts
code-server-4.91.1-linux-amd64/node_modules/ast-types/def/es-proposals.js
code-server-4.91.1-linux-amd64/node_modules/ast-types/def/esprima.d.ts
code-server-4.91.1-linux-amd64/node_modules/ast-types/def/es6.js
code-server-4.91.1-linux-amd64/node_modules/ast-types/def/babel.d.ts
code-server-4.91.1-linux-amd64/node_modules/ast-types/types.js
code-server-4.91.1-linux-amd64/node_modules/ast-types/types.d.ts
code-server-4.91.1-linux-amd64/node_modules/buffer-alloc/
code-server-4.91.1-linux-amd64/node_modules/buffer-alloc/index.js
code-server-4.91.1-linux-amd64/node_modules/buffer-alloc/package.json
code-server-4.91.1-linux-amd64/node_modules/buffer-alloc/readme.md
code-server-4.91.1-linux-amd64/node_modules/string-width/
code-server-4.91.1-linux-amd64/node_modules/string-width/license
code-server-4.91.1-linux-amd64/node_modules/string-width/index.js
code-server-4.91.1-linux-amd64/node_modules/string-width/package.json
code-server-4.91.1-linux-amd64/node_modules/string-width/readme.md
code-server-4.91.1-linux-amd64/node_modules/string-width/node_modules/
code-server-4.91.1-linux-amd64/node_modules/string-width/node_modules/emoji-regex/
code-server-4.91.1-linux-amd64/node_modules/string-width/node_modules/emoji-regex/text.js
code-server-4.91.1-linux-amd64/node_modules/string-width/node_modules/emoji-regex/README.md
code-server-4.91.1-linux-amd64/node_modules/string-width/node_modules/emoji-regex/index.js
code-server-4.91.1-linux-amd64/node_modules/string-width/node_modules/emoji-regex/package.json
code-server-4.91.1-linux-amd64/node_modules/string-width/node_modules/emoji-regex/es2015/
code-server-4.91.1-linux-amd64/node_modules/string-width/node_modules/emoji-regex/es2015/text.js
code-server-4.91.1-linux-amd64/node_modules/string-width/node_modules/emoji-regex/es2015/index.js
code-server-4.91.1-linux-amd64/node_modules/string-width/node_modules/emoji-regex/LICENSE-MIT.txt
code-server-4.91.1-linux-amd64/node_modules/string-width/node_modules/emoji-regex/index.d.ts
code-server-4.91.1-linux-amd64/node_modules/string-width/index.d.ts
code-server-4.91.1-linux-amd64/node_modules/safe-compare/
code-server-4.91.1-linux-amd64/node_modules/safe-compare/appveyor.yml
code-server-4.91.1-linux-amd64/node_modules/safe-compare/README.md
code-server-4.91.1-linux-amd64/node_modules/safe-compare/LICENSE
code-server-4.91.1-linux-amd64/node_modules/safe-compare/index.js
code-server-4.91.1-linux-amd64/node_modules/safe-compare/package.json
code-server-4.91.1-linux-amd64/node_modules/safe-compare/.npmignore
code-server-4.91.1-linux-amd64/node_modules/is-promise/
code-server-4.91.1-linux-amd64/node_modules/is-promise/LICENSE
code-server-4.91.1-linux-amd64/node_modules/is-promise/index.js
code-server-4.91.1-linux-amd64/node_modules/is-promise/package.json
code-server-4.91.1-linux-amd64/node_modules/is-promise/readme.md
code-server-4.91.1-linux-amd64/node_modules/is-promise/index.mjs
code-server-4.91.1-linux-amd64/node_modules/is-promise/index.d.ts
code-server-4.91.1-linux-amd64/node_modules/raw-body/
code-server-4.91.1-linux-amd64/node_modules/raw-body/SECURITY.md
code-server-4.91.1-linux-amd64/node_modules/raw-body/README.md
code-server-4.91.1-linux-amd64/node_modules/raw-body/LICENSE
code-server-4.91.1-linux-amd64/node_modules/raw-body/index.js
code-server-4.91.1-linux-amd64/node_modules/raw-body/package.json
code-server-4.91.1-linux-amd64/node_modules/raw-body/HISTORY.md
code-server-4.91.1-linux-amd64/node_modules/raw-body/index.d.ts
code-server-4.91.1-linux-amd64/node_modules/router/
code-server-4.91.1-linux-amd64/node_modules/router/SECURITY.md
code-server-4.91.1-linux-amd64/node_modules/router/lib/
code-server-4.91.1-linux-amd64/node_modules/router/lib/route.js
code-server-4.91.1-linux-amd64/node_modules/router/lib/layer.js
code-server-4.91.1-linux-amd64/node_modules/router/README.md
code-server-4.91.1-linux-amd64/node_modules/router/LICENSE
code-server-4.91.1-linux-amd64/node_modules/router/index.js
code-server-4.91.1-linux-amd64/node_modules/router/package.json
code-server-4.91.1-linux-amd64/node_modules/router/HISTORY.md
code-server-4.91.1-linux-amd64/node_modules/proxy-from-env/
code-server-4.91.1-linux-amd64/node_modules/proxy-from-env/.travis.yml
code-server-4.91.1-linux-amd64/node_modules/proxy-from-env/.eslintrc
code-server-4.91.1-linux-amd64/node_modules/proxy-from-env/README.md
code-server-4.91.1-linux-amd64/node_modules/proxy-from-env/LICENSE
code-server-4.91.1-linux-amd64/node_modules/proxy-from-env/test.js
code-server-4.91.1-linux-amd64/node_modules/proxy-from-env/index.js
code-server-4.91.1-linux-amd64/node_modules/proxy-from-env/package.json
code-server-4.91.1-linux-amd64/node_modules/finalhandler/
code-server-4.91.1-linux-amd64/node_modules/finalhandler/SECURITY.md
code-server-4.91.1-linux-amd64/node_modules/finalhandler/README.md
code-server-4.91.1-linux-amd64/node_modules/finalhandler/LICENSE
code-server-4.91.1-linux-amd64/node_modules/finalhandler/index.js
code-server-4.91.1-linux-amd64/node_modules/finalhandler/package.json
code-server-4.91.1-linux-amd64/node_modules/finalhandler/node_modules/
code-server-4.91.1-linux-amd64/node_modules/finalhandler/node_modules/debug/
code-server-4.91.1-linux-amd64/node_modules/finalhandler/node_modules/debug/.travis.yml
code-server-4.91.1-linux-amd64/node_modules/finalhandler/node_modules/debug/.coveralls.yml
code-server-4.91.1-linux-amd64/node_modules/finalhandler/node_modules/debug/.eslintrc
code-server-4.91.1-linux-amd64/node_modules/finalhandler/node_modules/debug/README.md
code-server-4.91.1-linux-amd64/node_modules/finalhandler/node_modules/debug/LICENSE
code-server-4.91.1-linux-amd64/node_modules/finalhandler/node_modules/debug/karma.conf.js
code-server-4.91.1-linux-amd64/node_modules/finalhandler/node_modules/debug/package.json
code-server-4.91.1-linux-amd64/node_modules/finalhandler/node_modules/debug/component.json
code-server-4.91.1-linux-amd64/node_modules/finalhandler/node_modules/debug/Makefile
code-server-4.91.1-linux-amd64/node_modules/finalhandler/node_modules/debug/src/
code-server-4.91.1-linux-amd64/node_modules/finalhandler/node_modules/debug/src/inspector-log.js
code-server-4.91.1-linux-amd64/node_modules/finalhandler/node_modules/debug/src/debug.js
code-server-4.91.1-linux-amd64/node_modules/finalhandler/node_modules/debug/src/index.js
code-server-4.91.1-linux-amd64/node_modules/finalhandler/node_modules/debug/src/browser.js
code-server-4.91.1-linux-amd64/node_modules/finalhandler/node_modules/debug/src/node.js
code-server-4.91.1-linux-amd64/node_modules/finalhandler/node_modules/debug/CHANGELOG.md
code-server-4.91.1-linux-amd64/node_modules/finalhandler/node_modules/debug/.npmignore
code-server-4.91.1-linux-amd64/node_modules/finalhandler/node_modules/debug/node.js
code-server-4.91.1-linux-amd64/node_modules/finalhandler/HISTORY.md
code-server-4.91.1-linux-amd64/node_modules/bytes/
code-server-4.91.1-linux-amd64/node_modules/bytes/LICENSE
code-server-4.91.1-linux-amd64/node_modules/bytes/index.js
code-server-4.91.1-linux-amd64/node_modules/bytes/package.json
code-server-4.91.1-linux-amd64/node_modules/bytes/Readme.md
code-server-4.91.1-linux-amd64/node_modules/bytes/History.md
code-server-4.91.1-linux-amd64/node_modules/@nodelib/
code-server-4.91.1-linux-amd64/node_modules/aproba/
code-server-4.91.1-linux-amd64/node_modules/aproba/README.md
code-server-4.91.1-linux-amd64/node_modules/aproba/LICENSE
code-server-4.91.1-linux-amd64/node_modules/aproba/index.js
code-server-4.91.1-linux-amd64/node_modules/aproba/package.json
code-server-4.91.1-linux-amd64/node_modules/aproba/CHANGELOG.md
code-server-4.91.1-linux-amd64/node_modules/minizlib/
code-server-4.91.1-linux-amd64/node_modules/minizlib/README.md
code-server-4.91.1-linux-amd64/node_modules/minizlib/LICENSE
code-server-4.91.1-linux-amd64/node_modules/minizlib/constants.js
code-server-4.91.1-linux-amd64/node_modules/minizlib/index.js
code-server-4.91.1-linux-amd64/node_modules/minizlib/package.json
code-server-4.91.1-linux-amd64/node_modules/escodegen/
code-server-4.91.1-linux-amd64/node_modules/escodegen/README.md
code-server-4.91.1-linux-amd64/node_modules/escodegen/package.json
code-server-4.91.1-linux-amd64/node_modules/escodegen/escodegen.js
code-server-4.91.1-linux-amd64/node_modules/escodegen/bin/
code-server-4.91.1-linux-amd64/node_modules/escodegen/bin/escodegen.js
code-server-4.91.1-linux-amd64/node_modules/escodegen/bin/esgenerate.js
code-server-4.91.1-linux-amd64/node_modules/escodegen/LICENSE.BSD
code-server-4.91.1-linux-amd64/node_modules/fs-extra/
code-server-4.91.1-linux-amd64/node_modules/fs-extra/lib/
code-server-4.91.1-linux-amd64/node_modules/fs-extra/lib/output/
code-server-4.91.1-linux-amd64/node_modules/fs-extra/lib/output/index.js
code-server-4.91.1-linux-amd64/node_modules/fs-extra/lib/util/
code-server-4.91.1-linux-amd64/node_modules/fs-extra/lib/util/stat.js
code-server-4.91.1-linux-amd64/node_modules/fs-extra/lib/util/buffer.js
code-server-4.91.1-linux-amd64/node_modules/fs-extra/lib/util/utimes.js
code-server-4.91.1-linux-amd64/node_modules/fs-extra/lib/path-exists/
code-server-4.91.1-linux-amd64/node_modules/fs-extra/lib/path-exists/index.js
code-server-4.91.1-linux-amd64/node_modules/fs-extra/lib/index.js
code-server-4.91.1-linux-amd64/node_modules/fs-extra/lib/empty/
code-server-4.91.1-linux-amd64/node_modules/fs-extra/lib/empty/index.js
code-server-4.91.1-linux-amd64/node_modules/fs-extra/lib/remove/
code-server-4.91.1-linux-amd64/node_modules/fs-extra/lib/remove/rimraf.js
code-server-4.91.1-linux-amd64/node_modules/fs-extra/lib/remove/index.js
code-server-4.91.1-linux-amd64/node_modules/fs-extra/lib/move/
code-server-4.91.1-linux-amd64/node_modules/fs-extra/lib/move/move.js
code-server-4.91.1-linux-amd64/node_modules/fs-extra/lib/move/index.js
code-server-4.91.1-linux-amd64/node_modules/fs-extra/lib/fs/
code-server-4.91.1-linux-amd64/node_modules/fs-extra/lib/fs/index.js
code-server-4.91.1-linux-amd64/node_modules/fs-extra/lib/json/
code-server-4.91.1-linux-amd64/node_modules/fs-extra/lib/json/output-json.js
code-server-4.91.1-linux-amd64/node_modules/fs-extra/lib/json/index.js
code-server-4.91.1-linux-amd64/node_modules/fs-extra/lib/json/jsonfile.js
code-server-4.91.1-linux-amd64/node_modules/fs-extra/lib/json/output-json-sync.js
code-server-4.91.1-linux-amd64/node_modules/fs-extra/lib/ensure/
code-server-4.91.1-linux-amd64/node_modules/fs-extra/lib/ensure/symlink-paths.js
code-server-4.91.1-linux-amd64/node_modules/fs-extra/lib/ensure/symlink-type.js
code-server-4.91.1-linux-amd64/node_modules/fs-extra/lib/ensure/index.js
code-server-4.91.1-linux-amd64/node_modules/fs-extra/lib/ensure/link.js
code-server-4.91.1-linux-amd64/node_modules/fs-extra/lib/ensure/file.js
code-server-4.91.1-linux-amd64/node_modules/fs-extra/lib/ensure/symlink.js
code-server-4.91.1-linux-amd64/node_modules/fs-extra/lib/move-sync/
code-server-4.91.1-linux-amd64/node_modules/fs-extra/lib/move-sync/move-sync.js
code-server-4.91.1-linux-amd64/node_modules/fs-extra/lib/move-sync/index.js
code-server-4.91.1-linux-amd64/node_modules/fs-extra/lib/mkdirs/
code-server-4.91.1-linux-amd64/node_modules/fs-extra/lib/mkdirs/win32.js
code-server-4.91.1-linux-amd64/node_modules/fs-extra/lib/mkdirs/index.js
code-server-4.91.1-linux-amd64/node_modules/fs-extra/lib/mkdirs/mkdirs.js
code-server-4.91.1-linux-amd64/node_modules/fs-extra/lib/mkdirs/mkdirs-sync.js
code-server-4.91.1-linux-amd64/node_modules/fs-extra/lib/copy/
code-server-4.91.1-linux-amd64/node_modules/fs-extra/lib/copy/index.js
code-server-4.91.1-linux-amd64/node_modules/fs-extra/lib/copy/copy.js
code-server-4.91.1-linux-amd64/node_modules/fs-extra/lib/copy-sync/
code-server-4.91.1-linux-amd64/node_modules/fs-extra/lib/copy-sync/index.js
code-server-4.91.1-linux-amd64/node_modules/fs-extra/lib/copy-sync/copy-sync.js
code-server-4.91.1-linux-amd64/node_modules/fs-extra/README.md
code-server-4.91.1-linux-amd64/node_modules/fs-extra/LICENSE
code-server-4.91.1-linux-amd64/node_modules/fs-extra/package.json
code-server-4.91.1-linux-amd64/node_modules/fs-extra/CHANGELOG.md
code-server-4.91.1-linux-amd64/node_modules/content-type/
code-server-4.91.1-linux-amd64/node_modules/content-type/README.md
code-server-4.91.1-linux-amd64/node_modules/content-type/LICENSE
code-server-4.91.1-linux-amd64/node_modules/content-type/index.js
code-server-4.91.1-linux-amd64/node_modules/content-type/package.json
code-server-4.91.1-linux-amd64/node_modules/content-type/HISTORY.md
code-server-4.91.1-linux-amd64/node_modules/media-typer/
code-server-4.91.1-linux-amd64/node_modules/media-typer/README.md
code-server-4.91.1-linux-amd64/node_modules/media-typer/LICENSE
code-server-4.91.1-linux-amd64/node_modules/media-typer/index.js
code-server-4.91.1-linux-amd64/node_modules/media-typer/package.json
code-server-4.91.1-linux-amd64/node_modules/media-typer/HISTORY.md
code-server-4.91.1-linux-amd64/node_modules/@types/
code-server-4.91.1-linux-amd64/node_modules/webidl-conversions/
code-server-4.91.1-linux-amd64/node_modules/webidl-conversions/LICENSE.md
code-server-4.91.1-linux-amd64/node_modules/webidl-conversions/lib/
code-server-4.91.1-linux-amd64/node_modules/webidl-conversions/lib/index.js
code-server-4.91.1-linux-amd64/node_modules/webidl-conversions/README.md
code-server-4.91.1-linux-amd64/node_modules/webidl-conversions/package.json
code-server-4.91.1-linux-amd64/node_modules/https-proxy-agent/
code-server-4.91.1-linux-amd64/node_modules/https-proxy-agent/README.md
code-server-4.91.1-linux-amd64/node_modules/https-proxy-agent/LICENSE
code-server-4.91.1-linux-amd64/node_modules/https-proxy-agent/dist/
code-server-4.91.1-linux-amd64/node_modules/https-proxy-agent/dist/parse-proxy-response.d.ts
code-server-4.91.1-linux-amd64/node_modules/https-proxy-agent/dist/index.js.map
code-server-4.91.1-linux-amd64/node_modules/https-proxy-agent/dist/parse-proxy-response.js.map
code-server-4.91.1-linux-amd64/node_modules/https-proxy-agent/dist/parse-proxy-response.js
code-server-4.91.1-linux-amd64/node_modules/https-proxy-agent/dist/index.js
code-server-4.91.1-linux-amd64/node_modules/https-proxy-agent/dist/parse-proxy-response.d.ts.map
code-server-4.91.1-linux-amd64/node_modules/https-proxy-agent/dist/index.d.ts
code-server-4.91.1-linux-amd64/node_modules/https-proxy-agent/dist/index.d.ts.map
code-server-4.91.1-linux-amd64/node_modules/https-proxy-agent/package.json
code-server-4.91.1-linux-amd64/node_modules/socks/
code-server-4.91.1-linux-amd64/node_modules/socks/README.md
code-server-4.91.1-linux-amd64/node_modules/socks/LICENSE
code-server-4.91.1-linux-amd64/node_modules/socks/typings/
code-server-4.91.1-linux-amd64/node_modules/socks/typings/common/
code-server-4.91.1-linux-amd64/node_modules/socks/typings/common/helpers.d.ts
code-server-4.91.1-linux-amd64/node_modules/socks/typings/common/constants.d.ts
code-server-4.91.1-linux-amd64/node_modules/socks/typings/common/util.d.ts
code-server-4.91.1-linux-amd64/node_modules/socks/typings/common/receivebuffer.d.ts
code-server-4.91.1-linux-amd64/node_modules/socks/typings/client/
code-server-4.91.1-linux-amd64/node_modules/socks/typings/client/socksclient.d.ts
code-server-4.91.1-linux-amd64/node_modules/socks/typings/index.d.ts
code-server-4.91.1-linux-amd64/node_modules/socks/package.json
code-server-4.91.1-linux-amd64/node_modules/socks/.prettierrc.yaml
code-server-4.91.1-linux-amd64/node_modules/socks/.eslintrc.cjs
code-server-4.91.1-linux-amd64/node_modules/socks/build/
code-server-4.91.1-linux-amd64/node_modules/socks/build/index.js.map
code-server-4.91.1-linux-amd64/node_modules/socks/build/index.js
code-server-4.91.1-linux-amd64/node_modules/socks/build/common/
code-server-4.91.1-linux-amd64/node_modules/socks/build/common/util.js
code-server-4.91.1-linux-amd64/node_modules/socks/build/common/helpers.js
code-server-4.91.1-linux-amd64/node_modules/socks/build/common/receivebuffer.js
code-server-4.91.1-linux-amd64/node_modules/socks/build/common/constants.js.map
code-server-4.91.1-linux-amd64/node_modules/socks/build/common/constants.js
code-server-4.91.1-linux-amd64/node_modules/socks/build/common/receivebuffer.js.map
code-server-4.91.1-linux-amd64/node_modules/socks/build/common/util.js.map
code-server-4.91.1-linux-amd64/node_modules/socks/build/common/helpers.js.map
code-server-4.91.1-linux-amd64/node_modules/socks/build/client/
code-server-4.91.1-linux-amd64/node_modules/socks/build/client/socksclient.js.map
code-server-4.91.1-linux-amd64/node_modules/socks/build/client/socksclient.js
code-server-4.91.1-linux-amd64/node_modules/socks/node_modules/
code-server-4.91.1-linux-amd64/node_modules/socks/node_modules/ip/
code-server-4.91.1-linux-amd64/node_modules/socks/node_modules/ip/lib/
code-server-4.91.1-linux-amd64/node_modules/socks/node_modules/ip/lib/ip.js
code-server-4.91.1-linux-amd64/node_modules/socks/node_modules/ip/README.md
code-server-4.91.1-linux-amd64/node_modules/socks/node_modules/ip/package.json
code-server-4.91.1-linux-amd64/node_modules/socks/docs/
code-server-4.91.1-linux-amd64/node_modules/socks/docs/index.md
code-server-4.91.1-linux-amd64/node_modules/socks/docs/migratingFromV1.md
code-server-4.91.1-linux-amd64/node_modules/socks/docs/examples/
code-server-4.91.1-linux-amd64/node_modules/socks/docs/examples/index.md
code-server-4.91.1-linux-amd64/node_modules/socks/docs/examples/typescript/
code-server-4.91.1-linux-amd64/node_modules/socks/docs/examples/typescript/bindExample.md
code-server-4.91.1-linux-amd64/node_modules/socks/docs/examples/typescript/connectExample.md
code-server-4.91.1-linux-amd64/node_modules/socks/docs/examples/typescript/associateExample.md
code-server-4.91.1-linux-amd64/node_modules/socks/docs/examples/javascript/
code-server-4.91.1-linux-amd64/node_modules/socks/docs/examples/javascript/bindExample.md
code-server-4.91.1-linux-amd64/node_modules/socks/docs/examples/javascript/connectExample.md
code-server-4.91.1-linux-amd64/node_modules/socks/docs/examples/javascript/associateExample.md
code-server-4.91.1-linux-amd64/node_modules/@cspotcode/
code-server-4.91.1-linux-amd64/node_modules/on-headers/
code-server-4.91.1-linux-amd64/node_modules/on-headers/README.md
code-server-4.91.1-linux-amd64/node_modules/on-headers/LICENSE
code-server-4.91.1-linux-amd64/node_modules/on-headers/index.js
code-server-4.91.1-linux-amd64/node_modules/on-headers/package.json
code-server-4.91.1-linux-amd64/node_modules/on-headers/HISTORY.md
code-server-4.91.1-linux-amd64/node_modules/safe-buffer/
code-server-4.91.1-linux-amd64/node_modules/safe-buffer/README.md
code-server-4.91.1-linux-amd64/node_modules/safe-buffer/LICENSE
code-server-4.91.1-linux-amd64/node_modules/safe-buffer/index.js
code-server-4.91.1-linux-amd64/node_modules/safe-buffer/package.json
code-server-4.91.1-linux-amd64/node_modules/safe-buffer/index.d.ts
code-server-4.91.1-linux-amd64/node_modules/serve-static/
code-server-4.91.1-linux-amd64/node_modules/serve-static/README.md
code-server-4.91.1-linux-amd64/node_modules/serve-static/LICENSE
code-server-4.91.1-linux-amd64/node_modules/serve-static/index.js
code-server-4.91.1-linux-amd64/node_modules/serve-static/package.json
code-server-4.91.1-linux-amd64/node_modules/serve-static/HISTORY.md
code-server-4.91.1-linux-amd64/node_modules/graceful-fs/
code-server-4.91.1-linux-amd64/node_modules/graceful-fs/clone.js
code-server-4.91.1-linux-amd64/node_modules/graceful-fs/README.md
code-server-4.91.1-linux-amd64/node_modules/graceful-fs/LICENSE
code-server-4.91.1-linux-amd64/node_modules/graceful-fs/package.json
code-server-4.91.1-linux-amd64/node_modules/graceful-fs/legacy-streams.js
code-server-4.91.1-linux-amd64/node_modules/graceful-fs/polyfills.js
code-server-4.91.1-linux-amd64/node_modules/graceful-fs/graceful-fs.js
code-server-4.91.1-linux-amd64/node_modules/follow-redirects/
code-server-4.91.1-linux-amd64/node_modules/follow-redirects/debug.js
code-server-4.91.1-linux-amd64/node_modules/follow-redirects/README.md
code-server-4.91.1-linux-amd64/node_modules/follow-redirects/LICENSE
code-server-4.91.1-linux-amd64/node_modules/follow-redirects/index.js
code-server-4.91.1-linux-amd64/node_modules/follow-redirects/http.js
code-server-4.91.1-linux-amd64/node_modules/follow-redirects/package.json
code-server-4.91.1-linux-amd64/node_modules/follow-redirects/https.js
code-server-4.91.1-linux-amd64/node_modules/mkdirp/
code-server-4.91.1-linux-amd64/node_modules/mkdirp/lib/
code-server-4.91.1-linux-amd64/node_modules/mkdirp/lib/find-made.js
code-server-4.91.1-linux-amd64/node_modules/mkdirp/lib/opts-arg.js
code-server-4.91.1-linux-amd64/node_modules/mkdirp/lib/mkdirp-native.js
code-server-4.91.1-linux-amd64/node_modules/mkdirp/lib/path-arg.js
code-server-4.91.1-linux-amd64/node_modules/mkdirp/lib/use-native.js
code-server-4.91.1-linux-amd64/node_modules/mkdirp/lib/mkdirp-manual.js
code-server-4.91.1-linux-amd64/node_modules/mkdirp/LICENSE
code-server-4.91.1-linux-amd64/node_modules/mkdirp/readme.markdown
code-server-4.91.1-linux-amd64/node_modules/mkdirp/index.js
code-server-4.91.1-linux-amd64/node_modules/mkdirp/package.json
code-server-4.91.1-linux-amd64/node_modules/mkdirp/bin/
code-server-4.91.1-linux-amd64/node_modules/mkdirp/bin/cmd.js
code-server-4.91.1-linux-amd64/node_modules/mkdirp/CHANGELOG.md
code-server-4.91.1-linux-amd64/node_modules/es-errors/
code-server-4.91.1-linux-amd64/node_modules/es-errors/type.js
code-server-4.91.1-linux-amd64/node_modules/es-errors/tsconfig.json
code-server-4.91.1-linux-amd64/node_modules/es-errors/test/
code-server-4.91.1-linux-amd64/node_modules/es-errors/test/index.js
code-server-4.91.1-linux-amd64/node_modules/es-errors/.eslintrc
code-server-4.91.1-linux-amd64/node_modules/es-errors/README.md
code-server-4.91.1-linux-amd64/node_modules/es-errors/LICENSE
code-server-4.91.1-linux-amd64/node_modules/es-errors/index.js
code-server-4.91.1-linux-amd64/node_modules/es-errors/ref.js
code-server-4.91.1-linux-amd64/node_modules/es-errors/.github/
code-server-4.91.1-linux-amd64/node_modules/es-errors/.github/FUNDING.yml
code-server-4.91.1-linux-amd64/node_modules/es-errors/ref.d.ts
code-server-4.91.1-linux-amd64/node_modules/es-errors/package.json
code-server-4.91.1-linux-amd64/node_modules/es-errors/range.js
code-server-4.91.1-linux-amd64/node_modules/es-errors/eval.js
code-server-4.91.1-linux-amd64/node_modules/es-errors/eval.d.ts
code-server-4.91.1-linux-amd64/node_modules/es-errors/syntax.js
code-server-4.91.1-linux-amd64/node_modules/es-errors/syntax.d.ts
code-server-4.91.1-linux-amd64/node_modules/es-errors/range.d.ts
code-server-4.91.1-linux-amd64/node_modules/es-errors/type.d.ts
code-server-4.91.1-linux-amd64/node_modules/es-errors/CHANGELOG.md
code-server-4.91.1-linux-amd64/node_modules/es-errors/uri.js
code-server-4.91.1-linux-amd64/node_modules/es-errors/index.d.ts
code-server-4.91.1-linux-amd64/node_modules/es-errors/uri.d.ts
code-server-4.91.1-linux-amd64/node_modules/set-function-length/
code-server-4.91.1-linux-amd64/node_modules/set-function-length/tsconfig.json
code-server-4.91.1-linux-amd64/node_modules/set-function-length/.eslintrc
code-server-4.91.1-linux-amd64/node_modules/set-function-length/README.md
code-server-4.91.1-linux-amd64/node_modules/set-function-length/LICENSE
code-server-4.91.1-linux-amd64/node_modules/set-function-length/index.js
code-server-4.91.1-linux-amd64/node_modules/set-function-length/.nycrc
code-server-4.91.1-linux-amd64/node_modules/set-function-length/.github/
code-server-4.91.1-linux-amd64/node_modules/set-function-length/.github/FUNDING.yml
code-server-4.91.1-linux-amd64/node_modules/set-function-length/package.json
code-server-4.91.1-linux-amd64/node_modules/set-function-length/env.js
code-server-4.91.1-linux-amd64/node_modules/set-function-length/env.d.ts
code-server-4.91.1-linux-amd64/node_modules/set-function-length/CHANGELOG.md
code-server-4.91.1-linux-amd64/node_modules/set-function-length/node_modules/
code-server-4.91.1-linux-amd64/node_modules/set-function-length/node_modules/get-intrinsic/
code-server-4.91.1-linux-amd64/node_modules/set-function-length/node_modules/get-intrinsic/test/
code-server-4.91.1-linux-amd64/node_modules/set-function-length/node_modules/get-intrinsic/test/GetIntrinsic.js
code-server-4.91.1-linux-amd64/node_modules/set-function-length/node_modules/get-intrinsic/.eslintrc
code-server-4.91.1-linux-amd64/node_modules/set-function-length/node_modules/get-intrinsic/README.md
code-server-4.91.1-linux-amd64/node_modules/set-function-length/node_modules/get-intrinsic/LICENSE
code-server-4.91.1-linux-amd64/node_modules/set-function-length/node_modules/get-intrinsic/index.js
code-server-4.91.1-linux-amd64/node_modules/set-function-length/node_modules/get-intrinsic/.nycrc
code-server-4.91.1-linux-amd64/node_modules/set-function-length/node_modules/get-intrinsic/.github/
code-server-4.91.1-linux-amd64/node_modules/set-function-length/node_modules/get-intrinsic/.github/FUNDING.yml
code-server-4.91.1-linux-amd64/node_modules/set-function-length/node_modules/get-intrinsic/package.json
code-server-4.91.1-linux-amd64/node_modules/set-function-length/node_modules/get-intrinsic/CHANGELOG.md
code-server-4.91.1-linux-amd64/node_modules/set-function-length/node_modules/define-data-property/
code-server-4.91.1-linux-amd64/node_modules/set-function-length/node_modules/define-data-property/tsconfig.json
code-server-4.91.1-linux-amd64/node_modules/set-function-length/node_modules/define-data-property/test/
code-server-4.91.1-linux-amd64/node_modules/set-function-length/node_modules/define-data-property/test/index.js
code-server-4.91.1-linux-amd64/node_modules/set-function-length/node_modules/define-data-property/.eslintrc
code-server-4.91.1-linux-amd64/node_modules/set-function-length/node_modules/define-data-property/README.md
code-server-4.91.1-linux-amd64/node_modules/set-function-length/node_modules/define-data-property/LICENSE
code-server-4.91.1-linux-amd64/node_modules/set-function-length/node_modules/define-data-property/index.js
code-server-4.91.1-linux-amd64/node_modules/set-function-length/node_modules/define-data-property/.nycrc
code-server-4.91.1-linux-amd64/node_modules/set-function-length/node_modules/define-data-property/.github/
code-server-4.91.1-linux-amd64/node_modules/set-function-length/node_modules/define-data-property/.github/FUNDING.yml
code-server-4.91.1-linux-amd64/node_modules/set-function-length/node_modules/define-data-property/package.json
code-server-4.91.1-linux-amd64/node_modules/set-function-length/node_modules/define-data-property/CHANGELOG.md
code-server-4.91.1-linux-amd64/node_modules/set-function-length/node_modules/define-data-property/index.d.ts
code-server-4.91.1-linux-amd64/node_modules/set-function-length/node_modules/has-property-descriptors/
code-server-4.91.1-linux-amd64/node_modules/set-function-length/node_modules/has-property-descriptors/test/
code-server-4.91.1-linux-amd64/node_modules/set-function-length/node_modules/has-property-descriptors/test/index.js
code-server-4.91.1-linux-amd64/node_modules/set-function-length/node_modules/has-property-descriptors/.eslintrc
code-server-4.91.1-linux-amd64/node_modules/set-function-length/node_modules/has-property-descriptors/README.md
code-server-4.91.1-linux-amd64/node_modules/set-function-length/node_modules/has-property-descriptors/LICENSE
code-server-4.91.1-linux-amd64/node_modules/set-function-length/node_modules/has-property-descriptors/index.js
code-server-4.91.1-linux-amd64/node_modules/set-function-length/node_modules/has-property-descriptors/.nycrc
code-server-4.91.1-linux-amd64/node_modules/set-function-length/node_modules/has-property-descriptors/.github/
code-server-4.91.1-linux-amd64/node_modules/set-function-length/node_modules/has-property-descriptors/.github/FUNDING.yml
code-server-4.91.1-linux-amd64/node_modules/set-function-length/node_modules/has-property-descriptors/package.json
code-server-4.91.1-linux-amd64/node_modules/set-function-length/node_modules/has-property-descriptors/CHANGELOG.md
code-server-4.91.1-linux-amd64/node_modules/set-function-length/index.d.ts
code-server-4.91.1-linux-amd64/node_modules/argon2/
code-server-4.91.1-linux-amd64/node_modules/argon2/lib/
code-server-4.91.1-linux-amd64/node_modules/argon2/lib/binding/
code-server-4.91.1-linux-amd64/node_modules/argon2/lib/binding/napi-v3/
code-server-4.91.1-linux-amd64/node_modules/argon2/lib/binding/napi-v3/argon2.node
code-server-4.91.1-linux-amd64/node_modules/argon2/binding.gyp
code-server-4.91.1-linux-amd64/node_modules/argon2/README.md
code-server-4.91.1-linux-amd64/node_modules/argon2/LICENSE
code-server-4.91.1-linux-amd64/node_modules/argon2/package.json
code-server-4.91.1-linux-amd64/node_modules/argon2/argon2/
code-server-4.91.1-linux-amd64/node_modules/argon2/argon2/LICENSE
code-server-4.91.1-linux-amd64/node_modules/argon2/argon2/include/
code-server-4.91.1-linux-amd64/node_modules/argon2/argon2/include/argon2.h
code-server-4.91.1-linux-amd64/node_modules/argon2/argon2/src/
code-server-4.91.1-linux-amd64/node_modules/argon2/argon2/src/argon2.c
code-server-4.91.1-linux-amd64/node_modules/argon2/argon2/src/opt.c
code-server-4.91.1-linux-amd64/node_modules/argon2/argon2/src/encoding.h
code-server-4.91.1-linux-amd64/node_modules/argon2/argon2/src/encoding.c
code-server-4.91.1-linux-amd64/node_modules/argon2/argon2/src/blake2/
code-server-4.91.1-linux-amd64/node_modules/argon2/argon2/src/blake2/blake2.h
code-server-4.91.1-linux-amd64/node_modules/argon2/argon2/src/blake2/blamka-round-ref.h
code-server-4.91.1-linux-amd64/node_modules/argon2/argon2/src/blake2/blake2b.c
code-server-4.91.1-linux-amd64/node_modules/argon2/argon2/src/blake2/blamka-round-opt.h
code-server-4.91.1-linux-amd64/node_modules/argon2/argon2/src/blake2/blake2-impl.h
code-server-4.91.1-linux-amd64/node_modules/argon2/argon2/src/core.c
code-server-4.91.1-linux-amd64/node_modules/argon2/argon2/src/thread.h
code-server-4.91.1-linux-amd64/node_modules/argon2/argon2/src/core.h
code-server-4.91.1-linux-amd64/node_modules/argon2/argon2/src/thread.c
code-server-4.91.1-linux-amd64/node_modules/argon2/argon2/src/ref.c
code-server-4.91.1-linux-amd64/node_modules/argon2/argon2/CHANGELOG.md
code-server-4.91.1-linux-amd64/node_modules/argon2/argon2_node.cpp
code-server-4.91.1-linux-amd64/node_modules/argon2/argon2.d.ts
code-server-4.91.1-linux-amd64/node_modules/argon2/argon2.js
code-server-4.91.1-linux-amd64/node_modules/@ungap/
code-server-4.91.1-linux-amd64/node_modules/@typescript-eslint/
code-server-4.91.1-linux-amd64/node_modules/compressible/
code-server-4.91.1-linux-amd64/node_modules/compressible/README.md
code-server-4.91.1-linux-amd64/node_modules/compressible/LICENSE
code-server-4.91.1-linux-amd64/node_modules/compressible/index.js
code-server-4.91.1-linux-amd64/node_modules/compressible/package.json
code-server-4.91.1-linux-amd64/node_modules/compressible/HISTORY.md
code-server-4.91.1-linux-amd64/node_modules/has/
code-server-4.91.1-linux-amd64/node_modules/has/test/
code-server-4.91.1-linux-amd64/node_modules/has/test/index.js
code-server-4.91.1-linux-amd64/node_modules/has/LICENSE-MIT
code-server-4.91.1-linux-amd64/node_modules/has/README.md
code-server-4.91.1-linux-amd64/node_modules/has/package.json
code-server-4.91.1-linux-amd64/node_modules/has/src/
code-server-4.91.1-linux-amd64/node_modules/has/src/index.js
code-server-4.91.1-linux-amd64/node_modules/has/node_modules/
code-server-4.91.1-linux-amd64/node_modules/has/node_modules/function-bind/
code-server-4.91.1-linux-amd64/node_modules/has/node_modules/function-bind/.travis.yml
code-server-4.91.1-linux-amd64/node_modules/has/node_modules/function-bind/test/
code-server-4.91.1-linux-amd64/node_modules/has/node_modules/function-bind/test/.eslintrc
code-server-4.91.1-linux-amd64/node_modules/has/node_modules/function-bind/test/index.js
code-server-4.91.1-linux-amd64/node_modules/has/node_modules/function-bind/.editorconfig
code-server-4.91.1-linux-amd64/node_modules/has/node_modules/function-bind/.eslintrc
code-server-4.91.1-linux-amd64/node_modules/has/node_modules/function-bind/README.md
code-server-4.91.1-linux-amd64/node_modules/has/node_modules/function-bind/LICENSE
code-server-4.91.1-linux-amd64/node_modules/has/node_modules/function-bind/index.js
code-server-4.91.1-linux-amd64/node_modules/has/node_modules/function-bind/package.json
code-server-4.91.1-linux-amd64/node_modules/has/node_modules/function-bind/implementation.js
code-server-4.91.1-linux-amd64/node_modules/has/node_modules/function-bind/.jscs.json
code-server-4.91.1-linux-amd64/node_modules/has/node_modules/function-bind/.npmignore
code-server-4.91.1-linux-amd64/node_modules/@schemastore/
code-server-4.91.1-linux-amd64/node_modules/whatwg-url/
code-server-4.91.1-linux-amd64/node_modules/whatwg-url/lib/
code-server-4.91.1-linux-amd64/node_modules/whatwg-url/lib/url-state-machine.js
code-server-4.91.1-linux-amd64/node_modules/whatwg-url/lib/utils.js
code-server-4.91.1-linux-amd64/node_modules/whatwg-url/lib/URL.js
code-server-4.91.1-linux-amd64/node_modules/whatwg-url/lib/public-api.js
code-server-4.91.1-linux-amd64/node_modules/whatwg-url/lib/URL-impl.js
code-server-4.91.1-linux-amd64/node_modules/whatwg-url/README.md
code-server-4.91.1-linux-amd64/node_modules/whatwg-url/package.json
code-server-4.91.1-linux-amd64/node_modules/whatwg-url/LICENSE.txt
code-server-4.91.1-linux-amd64/node_modules/semver/
code-server-4.91.1-linux-amd64/node_modules/semver/README.md
code-server-4.91.1-linux-amd64/node_modules/semver/LICENSE
code-server-4.91.1-linux-amd64/node_modules/semver/range.bnf
code-server-4.91.1-linux-amd64/node_modules/semver/index.js
code-server-4.91.1-linux-amd64/node_modules/semver/ranges/
code-server-4.91.1-linux-amd64/node_modules/semver/ranges/min-version.js
code-server-4.91.1-linux-amd64/node_modules/semver/ranges/intersects.js
code-server-4.91.1-linux-amd64/node_modules/semver/ranges/min-satisfying.js
code-server-4.91.1-linux-amd64/node_modules/semver/ranges/outside.js
code-server-4.91.1-linux-amd64/node_modules/semver/ranges/max-satisfying.js
code-server-4.91.1-linux-amd64/node_modules/semver/ranges/subset.js
code-server-4.91.1-linux-amd64/node_modules/semver/ranges/ltr.js
code-server-4.91.1-linux-amd64/node_modules/semver/ranges/to-comparators.js
code-server-4.91.1-linux-amd64/node_modules/semver/ranges/valid.js
code-server-4.91.1-linux-amd64/node_modules/semver/ranges/gtr.js
code-server-4.91.1-linux-amd64/node_modules/semver/ranges/simplify.js
code-server-4.91.1-linux-amd64/node_modules/semver/package.json
code-server-4.91.1-linux-amd64/node_modules/semver/internal/
code-server-4.91.1-linux-amd64/node_modules/semver/internal/identifiers.js
code-server-4.91.1-linux-amd64/node_modules/semver/internal/debug.js
code-server-4.91.1-linux-amd64/node_modules/semver/internal/parse-options.js
code-server-4.91.1-linux-amd64/node_modules/semver/internal/constants.js
code-server-4.91.1-linux-amd64/node_modules/semver/internal/re.js
code-server-4.91.1-linux-amd64/node_modules/semver/bin/
code-server-4.91.1-linux-amd64/node_modules/semver/bin/semver.js
code-server-4.91.1-linux-amd64/node_modules/semver/functions/
code-server-4.91.1-linux-amd64/node_modules/semver/functions/inc.js
code-server-4.91.1-linux-amd64/node_modules/semver/functions/eq.js
code-server-4.91.1-linux-amd64/node_modules/semver/functions/parse.js
code-server-4.91.1-linux-amd64/node_modules/semver/functions/gt.js
code-server-4.91.1-linux-amd64/node_modules/semver/functions/major.js
code-server-4.91.1-linux-amd64/node_modules/semver/functions/cmp.js
code-server-4.91.1-linux-amd64/node_modules/semver/functions/lt.js
code-server-4.91.1-linux-amd64/node_modules/semver/functions/gte.js
code-server-4.91.1-linux-amd64/node_modules/semver/functions/rsort.js
code-server-4.91.1-linux-amd64/node_modules/semver/functions/neq.js
code-server-4.91.1-linux-amd64/node_modules/semver/functions/clean.js
code-server-4.91.1-linux-amd64/node_modules/semver/functions/coerce.js
code-server-4.91.1-linux-amd64/node_modules/semver/functions/lte.js
code-server-4.91.1-linux-amd64/node_modules/semver/functions/diff.js
code-server-4.91.1-linux-amd64/node_modules/semver/functions/compare-build.js
code-server-4.91.1-linux-amd64/node_modules/semver/functions/minor.js
code-server-4.91.1-linux-amd64/node_modules/semver/functions/satisfies.js
code-server-4.91.1-linux-amd64/node_modules/semver/functions/sort.js
code-server-4.91.1-linux-amd64/node_modules/semver/functions/rcompare.js
code-server-4.91.1-linux-amd64/node_modules/semver/functions/compare.js
code-server-4.91.1-linux-amd64/node_modules/semver/functions/prerelease.js
code-server-4.91.1-linux-amd64/node_modules/semver/functions/compare-loose.js
code-server-4.91.1-linux-amd64/node_modules/semver/functions/patch.js
code-server-4.91.1-linux-amd64/node_modules/semver/functions/valid.js
code-server-4.91.1-linux-amd64/node_modules/semver/classes/
code-server-4.91.1-linux-amd64/node_modules/semver/classes/index.js
code-server-4.91.1-linux-amd64/node_modules/semver/classes/range.js
code-server-4.91.1-linux-amd64/node_modules/semver/classes/comparator.js
code-server-4.91.1-linux-amd64/node_modules/semver/classes/semver.js
code-server-4.91.1-linux-amd64/node_modules/semver/preload.js
code-server-4.91.1-linux-amd64/node_modules/fs-minipass/
code-server-4.91.1-linux-amd64/node_modules/fs-minipass/README.md
code-server-4.91.1-linux-amd64/node_modules/fs-minipass/LICENSE
code-server-4.91.1-linux-amd64/node_modules/fs-minipass/index.js
code-server-4.91.1-linux-amd64/node_modules/fs-minipass/package.json
code-server-4.91.1-linux-amd64/node_modules/yallist/
code-server-4.91.1-linux-amd64/node_modules/yallist/README.md
code-server-4.91.1-linux-amd64/node_modules/yallist/LICENSE
code-server-4.91.1-linux-amd64/node_modules/yallist/yallist.js
code-server-4.91.1-linux-amd64/node_modules/yallist/package.json
code-server-4.91.1-linux-amd64/node_modules/yallist/iterator.js
code-server-4.91.1-linux-amd64/node_modules/once/
code-server-4.91.1-linux-amd64/node_modules/once/README.md
code-server-4.91.1-linux-amd64/node_modules/once/LICENSE
code-server-4.91.1-linux-amd64/node_modules/once/package.json
code-server-4.91.1-linux-amd64/node_modules/once/once.js
code-server-4.91.1-linux-amd64/node_modules/depd/
code-server-4.91.1-linux-amd64/node_modules/depd/lib/
code-server-4.91.1-linux-amd64/node_modules/depd/lib/browser/
code-server-4.91.1-linux-amd64/node_modules/depd/lib/browser/index.js
code-server-4.91.1-linux-amd64/node_modules/depd/LICENSE
code-server-4.91.1-linux-amd64/node_modules/depd/index.js
code-server-4.91.1-linux-amd64/node_modules/depd/package.json
code-server-4.91.1-linux-amd64/node_modules/depd/Readme.md
code-server-4.91.1-linux-amd64/node_modules/depd/History.md
code-server-4.91.1-linux-amd64/node_modules/readable-stream/
code-server-4.91.1-linux-amd64/node_modules/readable-stream/readable.js
code-server-4.91.1-linux-amd64/node_modules/readable-stream/lib/
code-server-4.91.1-linux-amd64/node_modules/readable-stream/lib/_stream_readable.js
code-server-4.91.1-linux-amd64/node_modules/readable-stream/lib/_stream_passthrough.js
code-server-4.91.1-linux-amd64/node_modules/readable-stream/lib/_stream_duplex.js
code-server-4.91.1-linux-amd64/node_modules/readable-stream/lib/internal/
code-server-4.91.1-linux-amd64/node_modules/readable-stream/lib/internal/streams/
code-server-4.91.1-linux-amd64/node_modules/readable-stream/lib/internal/streams/state.js
code-server-4.91.1-linux-amd64/node_modules/readable-stream/lib/internal/streams/end-of-stream.js
code-server-4.91.1-linux-amd64/node_modules/readable-stream/lib/internal/streams/from.js
code-server-4.91.1-linux-amd64/node_modules/readable-stream/lib/internal/streams/buffer_list.js
code-server-4.91.1-linux-amd64/node_modules/readable-stream/lib/internal/streams/pipeline.js
code-server-4.91.1-linux-amd64/node_modules/readable-stream/lib/internal/streams/async_iterator.js
code-server-4.91.1-linux-amd64/node_modules/readable-stream/lib/internal/streams/stream-browser.js
code-server-4.91.1-linux-amd64/node_modules/readable-stream/lib/internal/streams/from-browser.js
code-server-4.91.1-linux-amd64/node_modules/readable-stream/lib/internal/streams/destroy.js
code-server-4.91.1-linux-amd64/node_modules/readable-stream/lib/internal/streams/stream.js
code-server-4.91.1-linux-amd64/node_modules/readable-stream/lib/_stream_writable.js
code-server-4.91.1-linux-amd64/node_modules/readable-stream/lib/_stream_transform.js
code-server-4.91.1-linux-amd64/node_modules/readable-stream/errors-browser.js
code-server-4.91.1-linux-amd64/node_modules/readable-stream/CONTRIBUTING.md
code-server-4.91.1-linux-amd64/node_modules/readable-stream/readable-browser.js
code-server-4.91.1-linux-amd64/node_modules/readable-stream/GOVERNANCE.md
code-server-4.91.1-linux-amd64/node_modules/readable-stream/errors.js
code-server-4.91.1-linux-amd64/node_modules/readable-stream/README.md
code-server-4.91.1-linux-amd64/node_modules/readable-stream/LICENSE
code-server-4.91.1-linux-amd64/node_modules/readable-stream/package.json
code-server-4.91.1-linux-amd64/node_modules/readable-stream/experimentalWarning.js
code-server-4.91.1-linux-amd64/node_modules/regenerator-runtime/
code-server-4.91.1-linux-amd64/node_modules/regenerator-runtime/README.md
code-server-4.91.1-linux-amd64/node_modules/regenerator-runtime/LICENSE
code-server-4.91.1-linux-amd64/node_modules/regenerator-runtime/package.json
code-server-4.91.1-linux-amd64/node_modules/regenerator-runtime/path.js
code-server-4.91.1-linux-amd64/node_modules/regenerator-runtime/runtime.js
code-server-4.91.1-linux-amd64/node_modules/os-tmpdir/
code-server-4.91.1-linux-amd64/node_modules/os-tmpdir/license
code-server-4.91.1-linux-amd64/node_modules/os-tmpdir/index.js
code-server-4.91.1-linux-amd64/node_modules/os-tmpdir/package.json
code-server-4.91.1-linux-amd64/node_modules/os-tmpdir/readme.md
code-server-4.91.1-linux-amd64/node_modules/@eslint/
code-server-4.91.1-linux-amd64/node_modules/path-to-regexp/
code-server-4.91.1-linux-amd64/node_modules/path-to-regexp/LICENSE
code-server-4.91.1-linux-amd64/node_modules/path-to-regexp/index.js
code-server-4.91.1-linux-amd64/node_modules/path-to-regexp/package.json
code-server-4.91.1-linux-amd64/node_modules/path-to-regexp/Readme.md
code-server-4.91.1-linux-amd64/node_modules/path-to-regexp/index.d.ts
code-server-4.91.1-linux-amd64/node_modules/path-to-regexp/History.md
code-server-4.91.1-linux-amd64/node_modules/smart-buffer/
code-server-4.91.1-linux-amd64/node_modules/smart-buffer/.travis.yml
code-server-4.91.1-linux-amd64/node_modules/smart-buffer/README.md
code-server-4.91.1-linux-amd64/node_modules/smart-buffer/LICENSE
code-server-4.91.1-linux-amd64/node_modules/smart-buffer/typings/
code-server-4.91.1-linux-amd64/node_modules/smart-buffer/typings/utils.d.ts
code-server-4.91.1-linux-amd64/node_modules/smart-buffer/typings/smartbuffer.d.ts
code-server-4.91.1-linux-amd64/node_modules/smart-buffer/package.json
code-server-4.91.1-linux-amd64/node_modules/smart-buffer/.prettierrc.yaml
code-server-4.91.1-linux-amd64/node_modules/smart-buffer/build/
code-server-4.91.1-linux-amd64/node_modules/smart-buffer/build/utils.js.map
code-server-4.91.1-linux-amd64/node_modules/smart-buffer/build/smartbuffer.js.map
code-server-4.91.1-linux-amd64/node_modules/smart-buffer/build/utils.js
code-server-4.91.1-linux-amd64/node_modules/smart-buffer/build/smartbuffer.js
code-server-4.91.1-linux-amd64/node_modules/smart-buffer/docs/
code-server-4.91.1-linux-amd64/node_modules/smart-buffer/docs/ROADMAP.md
code-server-4.91.1-linux-amd64/node_modules/smart-buffer/docs/README_v3.md
code-server-4.91.1-linux-amd64/node_modules/smart-buffer/docs/CHANGELOG.md
code-server-4.91.1-linux-amd64/node_modules/cookie-signature/
code-server-4.91.1-linux-amd64/node_modules/cookie-signature/index.js
code-server-4.91.1-linux-amd64/node_modules/cookie-signature/package.json
code-server-4.91.1-linux-amd64/node_modules/cookie-signature/Readme.md
code-server-4.91.1-linux-amd64/node_modules/cookie-signature/.npmignore
code-server-4.91.1-linux-amd64/node_modules/cookie-signature/History.md
code-server-4.91.1-linux-amd64/node_modules/lru-cache/
code-server-4.91.1-linux-amd64/node_modules/lru-cache/README.md
code-server-4.91.1-linux-amd64/node_modules/lru-cache/LICENSE
code-server-4.91.1-linux-amd64/node_modules/lru-cache/index.js
code-server-4.91.1-linux-amd64/node_modules/lru-cache/package.json
code-server-4.91.1-linux-amd64/node_modules/which/
code-server-4.91.1-linux-amd64/node_modules/which/which.js
code-server-4.91.1-linux-amd64/node_modules/which/README.md
code-server-4.91.1-linux-amd64/node_modules/which/LICENSE
code-server-4.91.1-linux-amd64/node_modules/which/package.json
code-server-4.91.1-linux-amd64/node_modules/which/bin/
code-server-4.91.1-linux-amd64/node_modules/which/bin/node-which
code-server-4.91.1-linux-amd64/node_modules/which/CHANGELOG.md
code-server-4.91.1-linux-amd64/node_modules/http-proxy-agent/
code-server-4.91.1-linux-amd64/node_modules/http-proxy-agent/README.md
code-server-4.91.1-linux-amd64/node_modules/http-proxy-agent/LICENSE
code-server-4.91.1-linux-amd64/node_modules/http-proxy-agent/dist/
code-server-4.91.1-linux-amd64/node_modules/http-proxy-agent/dist/index.js.map
code-server-4.91.1-linux-amd64/node_modules/http-proxy-agent/dist/index.js
code-server-4.91.1-linux-amd64/node_modules/http-proxy-agent/dist/index.d.ts
code-server-4.91.1-linux-amd64/node_modules/http-proxy-agent/dist/index.d.ts.map
code-server-4.91.1-linux-amd64/node_modules/http-proxy-agent/package.json
code-server-4.91.1-linux-amd64/node_modules/argparse/
code-server-4.91.1-linux-amd64/node_modules/argparse/lib/
code-server-4.91.1-linux-amd64/node_modules/argparse/lib/sub.js
code-server-4.91.1-linux-amd64/node_modules/argparse/lib/textwrap.js
code-server-4.91.1-linux-amd64/node_modules/argparse/README.md
code-server-4.91.1-linux-amd64/node_modules/argparse/LICENSE
code-server-4.91.1-linux-amd64/node_modules/argparse/package.json
code-server-4.91.1-linux-amd64/node_modules/argparse/argparse.js
code-server-4.91.1-linux-amd64/node_modules/argparse/CHANGELOG.md
code-server-4.91.1-linux-amd64/node_modules/node-fetch/
code-server-4.91.1-linux-amd64/node_modules/node-fetch/LICENSE.md
code-server-4.91.1-linux-amd64/node_modules/node-fetch/lib/
code-server-4.91.1-linux-amd64/node_modules/node-fetch/lib/index.js
code-server-4.91.1-linux-amd64/node_modules/node-fetch/lib/index.es.js
code-server-4.91.1-linux-amd64/node_modules/node-fetch/lib/index.mjs
code-server-4.91.1-linux-amd64/node_modules/node-fetch/README.md
code-server-4.91.1-linux-amd64/node_modules/node-fetch/browser.js
code-server-4.91.1-linux-amd64/node_modules/node-fetch/package.json
code-server-4.91.1-linux-amd64/node_modules/qs/
code-server-4.91.1-linux-amd64/node_modules/qs/LICENSE.md
code-server-4.91.1-linux-amd64/node_modules/qs/lib/
code-server-4.91.1-linux-amd64/node_modules/qs/lib/parse.js
code-server-4.91.1-linux-amd64/node_modules/qs/lib/formats.js
code-server-4.91.1-linux-amd64/node_modules/qs/lib/index.js
code-server-4.91.1-linux-amd64/node_modules/qs/lib/utils.js
code-server-4.91.1-linux-amd64/node_modules/qs/lib/stringify.js
code-server-4.91.1-linux-amd64/node_modules/qs/test/
code-server-4.91.1-linux-amd64/node_modules/qs/test/parse.js
code-server-4.91.1-linux-amd64/node_modules/qs/test/utils.js
code-server-4.91.1-linux-amd64/node_modules/qs/test/stringify.js
code-server-4.91.1-linux-amd64/node_modules/qs/test/empty-keys-cases.js
code-server-4.91.1-linux-amd64/node_modules/qs/.editorconfig
code-server-4.91.1-linux-amd64/node_modules/qs/.eslintrc
code-server-4.91.1-linux-amd64/node_modules/qs/README.md
code-server-4.91.1-linux-amd64/node_modules/qs/.nycrc
code-server-4.91.1-linux-amd64/node_modules/qs/.github/
code-server-4.91.1-linux-amd64/node_modules/qs/.github/FUNDING.yml
code-server-4.91.1-linux-amd64/node_modules/qs/dist/
code-server-4.91.1-linux-amd64/node_modules/qs/dist/qs.js
code-server-4.91.1-linux-amd64/node_modules/qs/package.json
code-server-4.91.1-linux-amd64/node_modules/qs/CHANGELOG.md
code-server-4.91.1-linux-amd64/node_modules/qs/node_modules/
code-server-4.91.1-linux-amd64/node_modules/qs/node_modules/get-intrinsic/
code-server-4.91.1-linux-amd64/node_modules/qs/node_modules/get-intrinsic/test/
code-server-4.91.1-linux-amd64/node_modules/qs/node_modules/get-intrinsic/test/GetIntrinsic.js
code-server-4.91.1-linux-amd64/node_modules/qs/node_modules/get-intrinsic/.eslintrc
code-server-4.91.1-linux-amd64/node_modules/qs/node_modules/get-intrinsic/README.md
code-server-4.91.1-linux-amd64/node_modules/qs/node_modules/get-intrinsic/LICENSE
code-server-4.91.1-linux-amd64/node_modules/qs/node_modules/get-intrinsic/index.js
code-server-4.91.1-linux-amd64/node_modules/qs/node_modules/get-intrinsic/.nycrc
code-server-4.91.1-linux-amd64/node_modules/qs/node_modules/get-intrinsic/.github/
code-server-4.91.1-linux-amd64/node_modules/qs/node_modules/get-intrinsic/.github/FUNDING.yml
code-server-4.91.1-linux-amd64/node_modules/qs/node_modules/get-intrinsic/package.json
code-server-4.91.1-linux-amd64/node_modules/qs/node_modules/get-intrinsic/CHANGELOG.md
code-server-4.91.1-linux-amd64/node_modules/qs/node_modules/side-channel/
code-server-4.91.1-linux-amd64/node_modules/qs/node_modules/side-channel/tsconfig.json
code-server-4.91.1-linux-amd64/node_modules/qs/node_modules/side-channel/test/
code-server-4.91.1-linux-amd64/node_modules/qs/node_modules/side-channel/test/index.js
code-server-4.91.1-linux-amd64/node_modules/qs/node_modules/side-channel/.editorconfig
code-server-4.91.1-linux-amd64/node_modules/qs/node_modules/side-channel/.eslintrc
code-server-4.91.1-linux-amd64/node_modules/qs/node_modules/side-channel/README.md
code-server-4.91.1-linux-amd64/node_modules/qs/node_modules/side-channel/LICENSE
code-server-4.91.1-linux-amd64/node_modules/qs/node_modules/side-channel/index.js
code-server-4.91.1-linux-amd64/node_modules/qs/node_modules/side-channel/.nycrc
code-server-4.91.1-linux-amd64/node_modules/qs/node_modules/side-channel/.github/
code-server-4.91.1-linux-amd64/node_modules/qs/node_modules/side-channel/.github/FUNDING.yml
code-server-4.91.1-linux-amd64/node_modules/qs/node_modules/side-channel/package.json
code-server-4.91.1-linux-amd64/node_modules/qs/node_modules/side-channel/CHANGELOG.md
code-server-4.91.1-linux-amd64/node_modules/qs/node_modules/side-channel/index.d.ts
code-server-4.91.1-linux-amd64/node_modules/qs/node_modules/object-inspect/
code-server-4.91.1-linux-amd64/node_modules/qs/node_modules/object-inspect/util.inspect.js
code-server-4.91.1-linux-amd64/node_modules/qs/node_modules/object-inspect/test/
code-server-4.91.1-linux-amd64/node_modules/qs/node_modules/object-inspect/test/element.js
code-server-4.91.1-linux-amd64/node_modules/qs/node_modules/object-inspect/test/fakes.js
code-server-4.91.1-linux-amd64/node_modules/qs/node_modules/object-inspect/test/has.js
code-server-4.91.1-linux-amd64/node_modules/qs/node_modules/object-inspect/test/err.js
code-server-4.91.1-linux-amd64/node_modules/qs/node_modules/object-inspect/test/values.js
code-server-4.91.1-linux-amd64/node_modules/qs/node_modules/object-inspect/test/lowbyte.js
code-server-4.91.1-linux-amd64/node_modules/qs/node_modules/object-inspect/test/deep.js
code-server-4.91.1-linux-amd64/node_modules/qs/node_modules/object-inspect/test/circular.js
code-server-4.91.1-linux-amd64/node_modules/qs/node_modules/object-inspect/test/undef.js
code-server-4.91.1-linux-amd64/node_modules/qs/node_modules/object-inspect/test/global.js
code-server-4.91.1-linux-amd64/node_modules/qs/node_modules/object-inspect/test/quoteStyle.js
code-server-4.91.1-linux-amd64/node_modules/qs/node_modules/object-inspect/test/number.js
code-server-4.91.1-linux-amd64/node_modules/qs/node_modules/object-inspect/test/browser/
code-server-4.91.1-linux-amd64/node_modules/qs/node_modules/object-inspect/test/browser/dom.js
code-server-4.91.1-linux-amd64/node_modules/qs/node_modules/object-inspect/test/fn.js
code-server-4.91.1-linux-amd64/node_modules/qs/node_modules/object-inspect/test/indent-option.js
code-server-4.91.1-linux-amd64/node_modules/qs/node_modules/object-inspect/test/bigint.js
code-server-4.91.1-linux-amd64/node_modules/qs/node_modules/object-inspect/test/holes.js
code-server-4.91.1-linux-amd64/node_modules/qs/node_modules/object-inspect/test/inspect.js
code-server-4.91.1-linux-amd64/node_modules/qs/node_modules/object-inspect/test/toStringTag.js
code-server-4.91.1-linux-amd64/node_modules/qs/node_modules/object-inspect/test-core-js.js
code-server-4.91.1-linux-amd64/node_modules/qs/node_modules/object-inspect/.eslintrc
code-server-4.91.1-linux-amd64/node_modules/qs/node_modules/object-inspect/LICENSE
code-server-4.91.1-linux-amd64/node_modules/qs/node_modules/object-inspect/readme.markdown
code-server-4.91.1-linux-amd64/node_modules/qs/node_modules/object-inspect/index.js
code-server-4.91.1-linux-amd64/node_modules/qs/node_modules/object-inspect/.nycrc
code-server-4.91.1-linux-amd64/node_modules/qs/node_modules/object-inspect/.github/
code-server-4.91.1-linux-amd64/node_modules/qs/node_modules/object-inspect/.github/FUNDING.yml
code-server-4.91.1-linux-amd64/node_modules/qs/node_modules/object-inspect/package.json
code-server-4.91.1-linux-amd64/node_modules/qs/node_modules/object-inspect/example/
code-server-4.91.1-linux-amd64/node_modules/qs/node_modules/object-inspect/example/all.js
code-server-4.91.1-linux-amd64/node_modules/qs/node_modules/object-inspect/example/circular.js
code-server-4.91.1-linux-amd64/node_modules/qs/node_modules/object-inspect/example/fn.js
code-server-4.91.1-linux-amd64/node_modules/qs/node_modules/object-inspect/example/inspect.js
code-server-4.91.1-linux-amd64/node_modules/qs/node_modules/object-inspect/package-support.json
code-server-4.91.1-linux-amd64/node_modules/qs/node_modules/object-inspect/CHANGELOG.md
code-server-4.91.1-linux-amd64/node_modules/qs/node_modules/call-bind/
code-server-4.91.1-linux-amd64/node_modules/qs/node_modules/call-bind/callBound.js
code-server-4.91.1-linux-amd64/node_modules/qs/node_modules/call-bind/test/
code-server-4.91.1-linux-amd64/node_modules/qs/node_modules/call-bind/test/callBound.js
code-server-4.91.1-linux-amd64/node_modules/qs/node_modules/call-bind/test/index.js
code-server-4.91.1-linux-amd64/node_modules/qs/node_modules/call-bind/.eslintrc
code-server-4.91.1-linux-amd64/node_modules/qs/node_modules/call-bind/README.md
code-server-4.91.1-linux-amd64/node_modules/qs/node_modules/call-bind/LICENSE
code-server-4.91.1-linux-amd64/node_modules/qs/node_modules/call-bind/index.js
code-server-4.91.1-linux-amd64/node_modules/qs/node_modules/call-bind/.nycrc
code-server-4.91.1-linux-amd64/node_modules/qs/node_modules/call-bind/.github/
code-server-4.91.1-linux-amd64/node_modules/qs/node_modules/call-bind/.github/FUNDING.yml
code-server-4.91.1-linux-amd64/node_modules/qs/node_modules/call-bind/package.json
code-server-4.91.1-linux-amd64/node_modules/qs/node_modules/call-bind/CHANGELOG.md
code-server-4.91.1-linux-amd64/node_modules/qs/node_modules/call-bind/.eslintignore
code-server-4.91.1-linux-amd64/node_modules/i18next/
code-server-4.91.1-linux-amd64/node_modules/i18next/index.v4.d.ts
code-server-4.91.1-linux-amd64/node_modules/i18next/typescript/
code-server-4.91.1-linux-amd64/node_modules/i18next/typescript/helpers.d.ts
code-server-4.91.1-linux-amd64/node_modules/i18next/typescript/t.v4.d.ts
code-server-4.91.1-linux-amd64/node_modules/i18next/typescript/options.d.ts
code-server-4.91.1-linux-amd64/node_modules/i18next/typescript/t.d.ts
code-server-4.91.1-linux-amd64/node_modules/i18next/index.d.mts
code-server-4.91.1-linux-amd64/node_modules/i18next/README.md
code-server-4.91.1-linux-amd64/node_modules/i18next/LICENSE
code-server-4.91.1-linux-amd64/node_modules/i18next/index.js
code-server-4.91.1-linux-amd64/node_modules/i18next/dist/
code-server-4.91.1-linux-amd64/node_modules/i18next/dist/umd/
code-server-4.91.1-linux-amd64/node_modules/i18next/dist/umd/i18next.js
code-server-4.91.1-linux-amd64/node_modules/i18next/dist/umd/i18next.min.js
code-server-4.91.1-linux-amd64/node_modules/i18next/dist/esm/
code-server-4.91.1-linux-amd64/node_modules/i18next/dist/esm/package.json
code-server-4.91.1-linux-amd64/node_modules/i18next/dist/esm/i18next.js
code-server-4.91.1-linux-amd64/node_modules/i18next/dist/esm/i18next.bundled.js
code-server-4.91.1-linux-amd64/node_modules/i18next/dist/cjs/
code-server-4.91.1-linux-amd64/node_modules/i18next/dist/cjs/i18next.js
code-server-4.91.1-linux-amd64/node_modules/i18next/package.json
code-server-4.91.1-linux-amd64/node_modules/i18next/i18next.js
code-server-4.91.1-linux-amd64/node_modules/i18next/i18next.min.js
code-server-4.91.1-linux-amd64/node_modules/i18next/index.d.ts
code-server-4.91.1-linux-amd64/node_modules/type-is/
code-server-4.91.1-linux-amd64/node_modules/type-is/README.md
code-server-4.91.1-linux-amd64/node_modules/type-is/LICENSE
code-server-4.91.1-linux-amd64/node_modules/type-is/index.js
code-server-4.91.1-linux-amd64/node_modules/type-is/package.json
code-server-4.91.1-linux-amd64/node_modules/type-is/HISTORY.md
code-server-4.91.1-linux-amd64/node_modules/inflight/
code-server-4.91.1-linux-amd64/node_modules/inflight/README.md
code-server-4.91.1-linux-amd64/node_modules/inflight/LICENSE
code-server-4.91.1-linux-amd64/node_modules/inflight/package.json
code-server-4.91.1-linux-amd64/node_modules/inflight/inflight.js
code-server-4.91.1-linux-amd64/node_modules/wide-align/
code-server-4.91.1-linux-amd64/node_modules/wide-align/align.js
code-server-4.91.1-linux-amd64/node_modules/wide-align/README.md
code-server-4.91.1-linux-amd64/node_modules/wide-align/LICENSE
code-server-4.91.1-linux-amd64/node_modules/wide-align/package.json
code-server-4.91.1-linux-amd64/node_modules/inherits/
code-server-4.91.1-linux-amd64/node_modules/inherits/README.md
code-server-4.91.1-linux-amd64/node_modules/inherits/LICENSE
code-server-4.91.1-linux-amd64/node_modules/inherits/package.json
code-server-4.91.1-linux-amd64/node_modules/inherits/inherits.js
code-server-4.91.1-linux-amd64/node_modules/inherits/inherits_browser.js
code-server-4.91.1-linux-amd64/node_modules/pem/
code-server-4.91.1-linux-amd64/node_modules/pem/lib/
code-server-4.91.1-linux-amd64/node_modules/pem/lib/pem.js
code-server-4.91.1-linux-amd64/node_modules/pem/lib/openssl.js
code-server-4.91.1-linux-amd64/node_modules/pem/lib/debug.js
code-server-4.91.1-linux-amd64/node_modules/pem/lib/convert.js
code-server-4.91.1-linux-amd64/node_modules/pem/lib/helper.js
code-server-4.91.1-linux-amd64/node_modules/pem/README.md
code-server-4.91.1-linux-amd64/node_modules/pem/LICENSE
code-server-4.91.1-linux-amd64/node_modules/pem/dist/
code-server-4.91.1-linux-amd64/node_modules/pem/dist/index.js.map
code-server-4.91.1-linux-amd64/node_modules/pem/dist/sourcemap-register.js
code-server-4.91.1-linux-amd64/node_modules/pem/dist/index.js
code-server-4.91.1-linux-amd64/node_modules/pem/package.json
code-server-4.91.1-linux-amd64/node_modules/pem/HISTORY.md
code-server-4.91.1-linux-amd64/node_modules/cookie/
code-server-4.91.1-linux-amd64/node_modules/cookie/README.md
code-server-4.91.1-linux-amd64/node_modules/cookie/LICENSE
code-server-4.91.1-linux-amd64/node_modules/cookie/index.js
code-server-4.91.1-linux-amd64/node_modules/cookie/package.json
code-server-4.91.1-linux-amd64/node_modules/cookie/HISTORY.md
code-server-4.91.1-linux-amd64/node_modules/destroy/
code-server-4.91.1-linux-amd64/node_modules/destroy/README.md
code-server-4.91.1-linux-amd64/node_modules/destroy/LICENSE
code-server-4.91.1-linux-amd64/node_modules/destroy/index.js
code-server-4.91.1-linux-amd64/node_modules/destroy/package.json
code-server-4.91.1-linux-amd64/node_modules/etag/
code-server-4.91.1-linux-amd64/node_modules/etag/README.md
code-server-4.91.1-linux-amd64/node_modules/etag/LICENSE
code-server-4.91.1-linux-amd64/node_modules/etag/index.js
code-server-4.91.1-linux-amd64/node_modules/etag/package.json
code-server-4.91.1-linux-amd64/node_modules/etag/HISTORY.md
code-server-4.91.1-linux-amd64/node_modules/color-support/
code-server-4.91.1-linux-amd64/node_modules/color-support/bin.js
code-server-4.91.1-linux-amd64/node_modules/color-support/README.md
code-server-4.91.1-linux-amd64/node_modules/color-support/LICENSE
code-server-4.91.1-linux-amd64/node_modules/color-support/index.js
code-server-4.91.1-linux-amd64/node_modules/color-support/browser.js
code-server-4.91.1-linux-amd64/node_modules/color-support/package.json
code-server-4.91.1-linux-amd64/node_modules/basic-ftp/
code-server-4.91.1-linux-amd64/node_modules/basic-ftp/README.md
code-server-4.91.1-linux-amd64/node_modules/basic-ftp/dist/
code-server-4.91.1-linux-amd64/node_modules/basic-ftp/dist/ProgressTracker.d.ts
code-server-4.91.1-linux-amd64/node_modules/basic-ftp/dist/FileInfo.js
code-server-4.91.1-linux-amd64/node_modules/basic-ftp/dist/Client.d.ts
code-server-4.91.1-linux-amd64/node_modules/basic-ftp/dist/parseListUnix.js
code-server-4.91.1-linux-amd64/node_modules/basic-ftp/dist/FtpContext.js
code-server-4.91.1-linux-amd64/node_modules/basic-ftp/dist/StringWriter.js
code-server-4.91.1-linux-amd64/node_modules/basic-ftp/dist/parseControlResponse.d.ts
code-server-4.91.1-linux-amd64/node_modules/basic-ftp/dist/parseListUnix.d.ts
code-server-4.91.1-linux-amd64/node_modules/basic-ftp/dist/index.js
code-server-4.91.1-linux-amd64/node_modules/basic-ftp/dist/netUtils.js
code-server-4.91.1-linux-amd64/node_modules/basic-ftp/dist/parseList.d.ts
code-server-4.91.1-linux-amd64/node_modules/basic-ftp/dist/parseListDOS.d.ts
code-server-4.91.1-linux-amd64/node_modules/basic-ftp/dist/parseControlResponse.js
code-server-4.91.1-linux-amd64/node_modules/basic-ftp/dist/StringWriter.d.ts
code-server-4.91.1-linux-amd64/node_modules/basic-ftp/dist/FileInfo.d.ts
code-server-4.91.1-linux-amd64/node_modules/basic-ftp/dist/Client.js
code-server-4.91.1-linux-amd64/node_modules/basic-ftp/dist/transfer.d.ts
code-server-4.91.1-linux-amd64/node_modules/basic-ftp/dist/parseListDOS.js
code-server-4.91.1-linux-amd64/node_modules/basic-ftp/dist/StringEncoding.js
code-server-4.91.1-linux-amd64/node_modules/basic-ftp/dist/transfer.js
code-server-4.91.1-linux-amd64/node_modules/basic-ftp/dist/netUtils.d.ts
code-server-4.91.1-linux-amd64/node_modules/basic-ftp/dist/parseList.js
code-server-4.91.1-linux-amd64/node_modules/basic-ftp/dist/StringEncoding.d.ts
code-server-4.91.1-linux-amd64/node_modules/basic-ftp/dist/index.d.ts
code-server-4.91.1-linux-amd64/node_modules/basic-ftp/dist/parseListMLSD.d.ts
code-server-4.91.1-linux-amd64/node_modules/basic-ftp/dist/parseListMLSD.js
code-server-4.91.1-linux-amd64/node_modules/basic-ftp/dist/FtpContext.d.ts
code-server-4.91.1-linux-amd64/node_modules/basic-ftp/dist/ProgressTracker.js
code-server-4.91.1-linux-amd64/node_modules/basic-ftp/package.json
code-server-4.91.1-linux-amd64/node_modules/basic-ftp/LICENSE.txt
code-server-4.91.1-linux-amd64/node_modules/has-proto/
code-server-4.91.1-linux-amd64/node_modules/has-proto/test/
code-server-4.91.1-linux-amd64/node_modules/has-proto/test/index.js
code-server-4.91.1-linux-amd64/node_modules/has-proto/.eslintrc
code-server-4.91.1-linux-amd64/node_modules/has-proto/README.md
code-server-4.91.1-linux-amd64/node_modules/has-proto/LICENSE
code-server-4.91.1-linux-amd64/node_modules/has-proto/index.js
code-server-4.91.1-linux-amd64/node_modules/has-proto/.github/
code-server-4.91.1-linux-amd64/node_modules/has-proto/.github/FUNDING.yml
code-server-4.91.1-linux-amd64/node_modules/has-proto/package.json
code-server-4.91.1-linux-amd64/node_modules/has-proto/CHANGELOG.md
code-server-4.91.1-linux-amd64/node_modules/utils-merge/
code-server-4.91.1-linux-amd64/node_modules/utils-merge/README.md
code-server-4.91.1-linux-amd64/node_modules/utils-merge/LICENSE
code-server-4.91.1-linux-amd64/node_modules/utils-merge/index.js
code-server-4.91.1-linux-amd64/node_modules/utils-merge/package.json
code-server-4.91.1-linux-amd64/node_modules/utils-merge/.npmignore
code-server-4.91.1-linux-amd64/node_modules/ansi-regex/
code-server-4.91.1-linux-amd64/node_modules/ansi-regex/license
code-server-4.91.1-linux-amd64/node_modules/ansi-regex/index.js
code-server-4.91.1-linux-amd64/node_modules/ansi-regex/package.json
code-server-4.91.1-linux-amd64/node_modules/ansi-regex/readme.md
code-server-4.91.1-linux-amd64/node_modules/ansi-regex/index.d.ts
code-server-4.91.1-linux-amd64/node_modules/rimraf/
code-server-4.91.1-linux-amd64/node_modules/rimraf/bin.js
code-server-4.91.1-linux-amd64/node_modules/rimraf/README.md
code-server-4.91.1-linux-amd64/node_modules/rimraf/LICENSE
code-server-4.91.1-linux-amd64/node_modules/rimraf/rimraf.js
code-server-4.91.1-linux-amd64/node_modules/rimraf/package.json
code-server-4.91.1-linux-amd64/node_modules/rimraf/CHANGELOG.md
code-server-4.91.1-linux-amd64/node_modules/toidentifier/
code-server-4.91.1-linux-amd64/node_modules/toidentifier/README.md
code-server-4.91.1-linux-amd64/node_modules/toidentifier/LICENSE
code-server-4.91.1-linux-amd64/node_modules/toidentifier/index.js
code-server-4.91.1-linux-amd64/node_modules/toidentifier/package.json
code-server-4.91.1-linux-amd64/node_modules/toidentifier/HISTORY.md
code-server-4.91.1-linux-amd64/node_modules/get-uri/
code-server-4.91.1-linux-amd64/node_modules/get-uri/README.md
code-server-4.91.1-linux-amd64/node_modules/get-uri/dist/
code-server-4.91.1-linux-amd64/node_modules/get-uri/dist/index.js.map
code-server-4.91.1-linux-amd64/node_modules/get-uri/dist/notfound.js
code-server-4.91.1-linux-amd64/node_modules/get-uri/dist/notmodified.d.ts
code-server-4.91.1-linux-amd64/node_modules/get-uri/dist/http-error.js
code-server-4.91.1-linux-amd64/node_modules/get-uri/dist/notfound.d.ts
code-server-4.91.1-linux-amd64/node_modules/get-uri/dist/data.d.ts
code-server-4.91.1-linux-amd64/node_modules/get-uri/dist/ftp.js.map
code-server-4.91.1-linux-amd64/node_modules/get-uri/dist/http-error.js.map
code-server-4.91.1-linux-amd64/node_modules/get-uri/dist/https.js.map
code-server-4.91.1-linux-amd64/node_modules/get-uri/dist/index.js
code-server-4.91.1-linux-amd64/node_modules/get-uri/dist/notfound.js.map
code-server-4.91.1-linux-amd64/node_modules/get-uri/dist/http.js
code-server-4.91.1-linux-amd64/node_modules/get-uri/dist/http.js.map
code-server-4.91.1-linux-amd64/node_modules/get-uri/dist/notmodified.js
code-server-4.91.1-linux-amd64/node_modules/get-uri/dist/file.js
code-server-4.91.1-linux-amd64/node_modules/get-uri/dist/notmodified.js.map
code-server-4.91.1-linux-amd64/node_modules/get-uri/dist/file.d.ts
code-server-4.91.1-linux-amd64/node_modules/get-uri/dist/data.js
code-server-4.91.1-linux-amd64/node_modules/get-uri/dist/data.js.map
code-server-4.91.1-linux-amd64/node_modules/get-uri/dist/ftp.js
code-server-4.91.1-linux-amd64/node_modules/get-uri/dist/https.js
code-server-4.91.1-linux-amd64/node_modules/get-uri/dist/http-error.d.ts
code-server-4.91.1-linux-amd64/node_modules/get-uri/dist/http.d.ts
code-server-4.91.1-linux-amd64/node_modules/get-uri/dist/https.d.ts
code-server-4.91.1-linux-amd64/node_modules/get-uri/dist/ftp.d.ts
code-server-4.91.1-linux-amd64/node_modules/get-uri/dist/index.d.ts
code-server-4.91.1-linux-amd64/node_modules/get-uri/dist/file.js.map
code-server-4.91.1-linux-amd64/node_modules/get-uri/package.json
code-server-4.91.1-linux-amd64/node_modules/chownr/
code-server-4.91.1-linux-amd64/node_modules/chownr/README.md
code-server-4.91.1-linux-amd64/node_modules/chownr/LICENSE
code-server-4.91.1-linux-amd64/node_modules/chownr/chownr.js
code-server-4.91.1-linux-amd64/node_modules/chownr/package.json
code-server-4.91.1-linux-amd64/node_modules/object-assign/
code-server-4.91.1-linux-amd64/node_modules/object-assign/license
code-server-4.91.1-linux-amd64/node_modules/object-assign/index.js
code-server-4.91.1-linux-amd64/node_modules/object-assign/package.json
code-server-4.91.1-linux-amd64/node_modules/object-assign/readme.md
code-server-4.91.1-linux-amd64/node_modules/rotating-file-stream/
code-server-4.91.1-linux-amd64/node_modules/rotating-file-stream/README.md
code-server-4.91.1-linux-amd64/node_modules/rotating-file-stream/LICENSE
code-server-4.91.1-linux-amd64/node_modules/rotating-file-stream/dist/
code-server-4.91.1-linux-amd64/node_modules/rotating-file-stream/dist/es/
code-server-4.91.1-linux-amd64/node_modules/rotating-file-stream/dist/es/index.js
code-server-4.91.1-linux-amd64/node_modules/rotating-file-stream/dist/cjs/
code-server-4.91.1-linux-amd64/node_modules/rotating-file-stream/dist/cjs/index.js
code-server-4.91.1-linux-amd64/node_modules/rotating-file-stream/dist/types/
code-server-4.91.1-linux-amd64/node_modules/rotating-file-stream/dist/types/index.d.ts
code-server-4.91.1-linux-amd64/node_modules/rotating-file-stream/package.json
code-server-4.91.1-linux-amd64/node_modules/rotating-file-stream/CHANGELOG.md
code-server-4.91.1-linux-amd64/node_modules/@aashutoshrathi/
code-server-4.91.1-linux-amd64/node_modules/console-control-strings/
code-server-4.91.1-linux-amd64/node_modules/console-control-strings/README.md
code-server-4.91.1-linux-amd64/node_modules/console-control-strings/LICENSE
code-server-4.91.1-linux-amd64/node_modules/console-control-strings/README.md~
code-server-4.91.1-linux-amd64/node_modules/console-control-strings/index.js
code-server-4.91.1-linux-amd64/node_modules/console-control-strings/package.json
code-server-4.91.1-linux-amd64/node_modules/merge-descriptors/
code-server-4.91.1-linux-amd64/node_modules/merge-descriptors/README.md
code-server-4.91.1-linux-amd64/node_modules/merge-descriptors/LICENSE
code-server-4.91.1-linux-amd64/node_modules/merge-descriptors/index.js
code-server-4.91.1-linux-amd64/node_modules/merge-descriptors/package.json
code-server-4.91.1-linux-amd64/node_modules/merge-descriptors/HISTORY.md
code-server-4.91.1-linux-amd64/node_modules/escape-html/
code-server-4.91.1-linux-amd64/node_modules/escape-html/LICENSE
code-server-4.91.1-linux-amd64/node_modules/escape-html/index.js
code-server-4.91.1-linux-amd64/node_modules/escape-html/package.json
code-server-4.91.1-linux-amd64/node_modules/escape-html/Readme.md
code-server-4.91.1-linux-amd64/node_modules/esutils/
code-server-4.91.1-linux-amd64/node_modules/esutils/lib/
code-server-4.91.1-linux-amd64/node_modules/esutils/lib/keyword.js
code-server-4.91.1-linux-amd64/node_modules/esutils/lib/code.js
code-server-4.91.1-linux-amd64/node_modules/esutils/lib/ast.js
code-server-4.91.1-linux-amd64/node_modules/esutils/lib/utils.js
code-server-4.91.1-linux-amd64/node_modules/esutils/README.md
code-server-4.91.1-linux-amd64/node_modules/esutils/package.json
code-server-4.91.1-linux-amd64/node_modules/esutils/LICENSE.BSD
code-server-4.91.1-linux-amd64/node_modules/unpipe/
code-server-4.91.1-linux-amd64/node_modules/unpipe/README.md
code-server-4.91.1-linux-amd64/node_modules/unpipe/LICENSE
code-server-4.91.1-linux-amd64/node_modules/unpipe/index.js
code-server-4.91.1-linux-amd64/node_modules/unpipe/package.json
code-server-4.91.1-linux-amd64/node_modules/unpipe/HISTORY.md
code-server-4.91.1-linux-amd64/node_modules/degenerator/
code-server-4.91.1-linux-amd64/node_modules/degenerator/README.md
code-server-4.91.1-linux-amd64/node_modules/degenerator/dist/
code-server-4.91.1-linux-amd64/node_modules/degenerator/dist/index.js.map
code-server-4.91.1-linux-amd64/node_modules/degenerator/dist/compile.js.map
code-server-4.91.1-linux-amd64/node_modules/degenerator/dist/degenerator.d.ts.map
code-server-4.91.1-linux-amd64/node_modules/degenerator/dist/index.js
code-server-4.91.1-linux-amd64/node_modules/degenerator/dist/degenerator.d.ts
code-server-4.91.1-linux-amd64/node_modules/degenerator/dist/degenerator.js
code-server-4.91.1-linux-amd64/node_modules/degenerator/dist/degenerator.js.map
code-server-4.91.1-linux-amd64/node_modules/degenerator/dist/compile.d.ts.map
code-server-4.91.1-linux-amd64/node_modules/degenerator/dist/compile.js
code-server-4.91.1-linux-amd64/node_modules/degenerator/dist/compile.d.ts
code-server-4.91.1-linux-amd64/node_modules/degenerator/dist/index.d.ts
code-server-4.91.1-linux-amd64/node_modules/degenerator/dist/index.d.ts.map
code-server-4.91.1-linux-amd64/node_modules/degenerator/package.json
code-server-4.91.1-linux-amd64/node_modules/content-disposition/
code-server-4.91.1-linux-amd64/node_modules/content-disposition/README.md
code-server-4.91.1-linux-amd64/node_modules/content-disposition/LICENSE
code-server-4.91.1-linux-amd64/node_modules/content-disposition/index.js
code-server-4.91.1-linux-amd64/node_modules/content-disposition/package.json
code-server-4.91.1-linux-amd64/node_modules/content-disposition/HISTORY.md
code-server-4.91.1-linux-amd64/node_modules/ipaddr.js/
code-server-4.91.1-linux-amd64/node_modules/ipaddr.js/lib/
code-server-4.91.1-linux-amd64/node_modules/ipaddr.js/lib/ipaddr.js
code-server-4.91.1-linux-amd64/node_modules/ipaddr.js/lib/ipaddr.js.d.ts
code-server-4.91.1-linux-amd64/node_modules/ipaddr.js/README.md
code-server-4.91.1-linux-amd64/node_modules/ipaddr.js/LICENSE
code-server-4.91.1-linux-amd64/node_modules/ipaddr.js/package.json
code-server-4.91.1-linux-amd64/node_modules/ipaddr.js/ipaddr.min.js
code-server-4.91.1-linux-amd64/node_modules/netmask/
code-server-4.91.1-linux-amd64/node_modules/netmask/lib/
code-server-4.91.1-linux-amd64/node_modules/netmask/lib/netmask.js
code-server-4.91.1-linux-amd64/node_modules/netmask/lib/netmask.coffee
code-server-4.91.1-linux-amd64/node_modules/netmask/test/
code-server-4.91.1-linux-amd64/node_modules/netmask/test/badnets.coffee
code-server-4.91.1-linux-amd64/node_modules/netmask/test/netmasks.coffee
code-server-4.91.1-linux-amd64/node_modules/netmask/README.md
code-server-4.91.1-linux-amd64/node_modules/netmask/tests/
code-server-4.91.1-linux-amd64/node_modules/netmask/tests/netmask.js
code-server-4.91.1-linux-amd64/node_modules/netmask/package.json
code-server-4.91.1-linux-amd64/node_modules/netmask/example/
code-server-4.91.1-linux-amd64/node_modules/netmask/example/ipcalc.coffee
code-server-4.91.1-linux-amd64/node_modules/netmask/CREDITS.md
code-server-4.91.1-linux-amd64/node_modules/netmask/CHANGELOG.md
code-server-4.91.1-linux-amd64/node_modules/mime-db/
code-server-4.91.1-linux-amd64/node_modules/mime-db/README.md
code-server-4.91.1-linux-amd64/node_modules/mime-db/LICENSE
code-server-4.91.1-linux-amd64/node_modules/mime-db/index.js
code-server-4.91.1-linux-amd64/node_modules/mime-db/package.json
code-server-4.91.1-linux-amd64/node_modules/mime-db/db.json
code-server-4.91.1-linux-amd64/node_modules/mime-db/HISTORY.md
code-server-4.91.1-linux-amd64/node_modules/@textlint/
code-server-4.91.1-linux-amd64/node_modules/env-paths/
code-server-4.91.1-linux-amd64/node_modules/env-paths/license
code-server-4.91.1-linux-amd64/node_modules/env-paths/index.js
code-server-4.91.1-linux-amd64/node_modules/env-paths/package.json
code-server-4.91.1-linux-amd64/node_modules/env-paths/readme.md
code-server-4.91.1-linux-amd64/node_modules/env-paths/index.d.ts
code-server-4.91.1-linux-amd64/node_modules/path-is-absolute/
code-server-4.91.1-linux-amd64/node_modules/path-is-absolute/license
code-server-4.91.1-linux-amd64/node_modules/path-is-absolute/index.js
code-server-4.91.1-linux-amd64/node_modules/path-is-absolute/package.json
code-server-4.91.1-linux-amd64/node_modules/path-is-absolute/readme.md
code-server-4.91.1-linux-amd64/node_modules/ms/
code-server-4.91.1-linux-amd64/node_modules/ms/license.md
code-server-4.91.1-linux-amd64/node_modules/ms/index.js
code-server-4.91.1-linux-amd64/node_modules/ms/package.json
code-server-4.91.1-linux-amd64/node_modules/ms/readme.md
code-server-4.91.1-linux-amd64/node_modules/fresh/
code-server-4.91.1-linux-amd64/node_modules/fresh/README.md
code-server-4.91.1-linux-amd64/node_modules/fresh/LICENSE
code-server-4.91.1-linux-amd64/node_modules/fresh/index.js
code-server-4.91.1-linux-amd64/node_modules/fresh/package.json
code-server-4.91.1-linux-amd64/node_modules/fresh/HISTORY.md
code-server-4.91.1-linux-amd64/node_modules/pac-resolver/
code-server-4.91.1-linux-amd64/node_modules/pac-resolver/README.md
code-server-4.91.1-linux-amd64/node_modules/pac-resolver/dist/
code-server-4.91.1-linux-amd64/node_modules/pac-resolver/dist/isInNet.d.ts.map
code-server-4.91.1-linux-amd64/node_modules/pac-resolver/dist/myIpAddress.d.ts
code-server-4.91.1-linux-amd64/node_modules/pac-resolver/dist/myIpAddress.js
code-server-4.91.1-linux-amd64/node_modules/pac-resolver/dist/weekdayRange.js
code-server-4.91.1-linux-amd64/node_modules/pac-resolver/dist/isInNet.js.map
code-server-4.91.1-linux-amd64/node_modules/pac-resolver/dist/dnsDomainLevels.js.map
code-server-4.91.1-linux-amd64/node_modules/pac-resolver/dist/util.d.ts.map
code-server-4.91.1-linux-amd64/node_modules/pac-resolver/dist/util.js
code-server-4.91.1-linux-amd64/node_modules/pac-resolver/dist/index.js.map
code-server-4.91.1-linux-amd64/node_modules/pac-resolver/dist/dnsDomainLevels.d.ts.map
code-server-4.91.1-linux-amd64/node_modules/pac-resolver/dist/timeRange.js
code-server-4.91.1-linux-amd64/node_modules/pac-resolver/dist/timeRange.js.map
code-server-4.91.1-linux-amd64/node_modules/pac-resolver/dist/isPlainHostName.d.ts.map
code-server-4.91.1-linux-amd64/node_modules/pac-resolver/dist/dnsDomainLevels.d.ts
code-server-4.91.1-linux-amd64/node_modules/pac-resolver/dist/localHostOrDomainIs.d.ts
code-server-4.91.1-linux-amd64/node_modules/pac-resolver/dist/dateRange.d.ts
code-server-4.91.1-linux-amd64/node_modules/pac-resolver/dist/localHostOrDomainIs.d.ts.map
code-server-4.91.1-linux-amd64/node_modules/pac-resolver/dist/shExpMatch.d.ts
code-server-4.91.1-linux-amd64/node_modules/pac-resolver/dist/dnsResolve.js.map
code-server-4.91.1-linux-amd64/node_modules/pac-resolver/dist/weekdayRange.d.ts.map
code-server-4.91.1-linux-amd64/node_modules/pac-resolver/dist/dnsResolve.js
code-server-4.91.1-linux-amd64/node_modules/pac-resolver/dist/shExpMatch.d.ts.map
code-server-4.91.1-linux-amd64/node_modules/pac-resolver/dist/shExpMatch.js
code-server-4.91.1-linux-amd64/node_modules/pac-resolver/dist/localHostOrDomainIs.js.map
code-server-4.91.1-linux-amd64/node_modules/pac-resolver/dist/myIpAddress.d.ts.map
code-server-4.91.1-linux-amd64/node_modules/pac-resolver/dist/index.js
code-server-4.91.1-linux-amd64/node_modules/pac-resolver/dist/isPlainHostName.js.map
code-server-4.91.1-linux-amd64/node_modules/pac-resolver/dist/weekdayRange.d.ts
code-server-4.91.1-linux-amd64/node_modules/pac-resolver/dist/dnsDomainIs.js.map
code-server-4.91.1-linux-amd64/node_modules/pac-resolver/dist/dateRange.js
code-server-4.91.1-linux-amd64/node_modules/pac-resolver/dist/dnsDomainIs.js
code-server-4.91.1-linux-amd64/node_modules/pac-resolver/dist/weekdayRange.js.map
code-server-4.91.1-linux-amd64/node_modules/pac-resolver/dist/dnsDomainIs.d.ts.map
code-server-4.91.1-linux-amd64/node_modules/pac-resolver/dist/shExpMatch.js.map
code-server-4.91.1-linux-amd64/node_modules/pac-resolver/dist/isPlainHostName.d.ts
code-server-4.91.1-linux-amd64/node_modules/pac-resolver/dist/localHostOrDomainIs.js
code-server-4.91.1-linux-amd64/node_modules/pac-resolver/dist/util.d.ts
code-server-4.91.1-linux-amd64/node_modules/pac-resolver/dist/dnsDomainLevels.js
code-server-4.91.1-linux-amd64/node_modules/pac-resolver/dist/isInNet.js
code-server-4.91.1-linux-amd64/node_modules/pac-resolver/dist/util.js.map
code-server-4.91.1-linux-amd64/node_modules/pac-resolver/dist/dnsResolve.d.ts.map
code-server-4.91.1-linux-amd64/node_modules/pac-resolver/dist/isResolvable.js
code-server-4.91.1-linux-amd64/node_modules/pac-resolver/dist/isResolvable.d.ts
code-server-4.91.1-linux-amd64/node_modules/pac-resolver/dist/timeRange.d.ts.map
code-server-4.91.1-linux-amd64/node_modules/pac-resolver/dist/dnsDomainIs.d.ts
code-server-4.91.1-linux-amd64/node_modules/pac-resolver/dist/isInNet.d.ts
code-server-4.91.1-linux-amd64/node_modules/pac-resolver/dist/dateRange.d.ts.map
code-server-4.91.1-linux-amd64/node_modules/pac-resolver/dist/dateRange.js.map
code-server-4.91.1-linux-amd64/node_modules/pac-resolver/dist/timeRange.d.ts
code-server-4.91.1-linux-amd64/node_modules/pac-resolver/dist/index.d.ts
code-server-4.91.1-linux-amd64/node_modules/pac-resolver/dist/isPlainHostName.js
code-server-4.91.1-linux-amd64/node_modules/pac-resolver/dist/myIpAddress.js.map
code-server-4.91.1-linux-amd64/node_modules/pac-resolver/dist/dnsResolve.d.ts
code-server-4.91.1-linux-amd64/node_modules/pac-resolver/dist/isResolvable.d.ts.map
code-server-4.91.1-linux-amd64/node_modules/pac-resolver/dist/index.d.ts.map
code-server-4.91.1-linux-amd64/node_modules/pac-resolver/dist/isResolvable.js.map
code-server-4.91.1-linux-amd64/node_modules/pac-resolver/package.json
code-server-4.91.1-linux-amd64/node_modules/parseurl/
code-server-4.91.1-linux-amd64/node_modules/parseurl/README.md
code-server-4.91.1-linux-amd64/node_modules/parseurl/LICENSE
code-server-4.91.1-linux-amd64/node_modules/parseurl/index.js
code-server-4.91.1-linux-amd64/node_modules/parseurl/package.json
code-server-4.91.1-linux-amd64/node_modules/parseurl/HISTORY.md
code-server-4.91.1-linux-amd64/node_modules/charenc/
code-server-4.91.1-linux-amd64/node_modules/charenc/README.js
code-server-4.91.1-linux-amd64/node_modules/charenc/package.json
code-server-4.91.1-linux-amd64/node_modules/charenc/charenc.js
code-server-4.91.1-linux-amd64/node_modules/charenc/LICENSE.mkd
code-server-4.91.1-linux-amd64/node_modules/@phc/
code-server-4.91.1-linux-amd64/node_modules/@phc/format/
code-server-4.91.1-linux-amd64/node_modules/@phc/format/license
code-server-4.91.1-linux-amd64/node_modules/@phc/format/index.js
code-server-4.91.1-linux-amd64/node_modules/@phc/format/package.json
code-server-4.91.1-linux-amd64/node_modules/@phc/format/readme.md
code-server-4.91.1-linux-amd64/node_modules/statuses/
code-server-4.91.1-linux-amd64/node_modules/statuses/codes.json
code-server-4.91.1-linux-amd64/node_modules/statuses/README.md
code-server-4.91.1-linux-amd64/node_modules/statuses/LICENSE
code-server-4.91.1-linux-amd64/node_modules/statuses/index.js
code-server-4.91.1-linux-amd64/node_modules/statuses/package.json
code-server-4.91.1-linux-amd64/node_modules/statuses/HISTORY.md
code-server-4.91.1-linux-amd64/node_modules/strip-ansi/
code-server-4.91.1-linux-amd64/node_modules/strip-ansi/license
code-server-4.91.1-linux-amd64/node_modules/strip-ansi/index.js
code-server-4.91.1-linux-amd64/node_modules/strip-ansi/package.json
code-server-4.91.1-linux-amd64/node_modules/strip-ansi/readme.md
code-server-4.91.1-linux-amd64/node_modules/strip-ansi/index.d.ts
code-server-4.91.1-linux-amd64/node_modules/fs.realpath/
code-server-4.91.1-linux-amd64/node_modules/fs.realpath/old.js
code-server-4.91.1-linux-amd64/node_modules/fs.realpath/README.md
code-server-4.91.1-linux-amd64/node_modules/fs.realpath/LICENSE
code-server-4.91.1-linux-amd64/node_modules/fs.realpath/index.js
code-server-4.91.1-linux-amd64/node_modules/fs.realpath/package.json
code-server-4.91.1-linux-amd64/node_modules/encodeurl/
code-server-4.91.1-linux-amd64/node_modules/encodeurl/README.md
code-server-4.91.1-linux-amd64/node_modules/encodeurl/LICENSE
code-server-4.91.1-linux-amd64/node_modules/encodeurl/index.js
code-server-4.91.1-linux-amd64/node_modules/encodeurl/package.json
code-server-4.91.1-linux-amd64/node_modules/encodeurl/HISTORY.md
code-server-4.91.1-linux-amd64/node_modules/node-addon-api/
code-server-4.91.1-linux-amd64/node_modules/node-addon-api/noexcept.gypi
code-server-4.91.1-linux-amd64/node_modules/node-addon-api/LICENSE.md
code-server-4.91.1-linux-amd64/node_modules/node-addon-api/napi-inl.h
code-server-4.91.1-linux-amd64/node_modules/node-addon-api/except.gypi
code-server-4.91.1-linux-amd64/node_modules/node-addon-api/tools/
code-server-4.91.1-linux-amd64/node_modules/node-addon-api/tools/README.md
code-server-4.91.1-linux-amd64/node_modules/node-addon-api/tools/clang-format.js
code-server-4.91.1-linux-amd64/node_modules/node-addon-api/tools/conversion.js
code-server-4.91.1-linux-amd64/node_modules/node-addon-api/tools/check-napi.js
code-server-4.91.1-linux-amd64/node_modules/node-addon-api/tools/eslint-format.js
code-server-4.91.1-linux-amd64/node_modules/node-addon-api/README.md
code-server-4.91.1-linux-amd64/node_modules/node-addon-api/common.gypi
code-server-4.91.1-linux-amd64/node_modules/node-addon-api/index.js
code-server-4.91.1-linux-amd64/node_modules/node-addon-api/package.json
code-server-4.91.1-linux-amd64/node_modules/node-addon-api/nothing.c
code-server-4.91.1-linux-amd64/node_modules/node-addon-api/napi-inl.deprecated.h
code-server-4.91.1-linux-amd64/node_modules/node-addon-api/package-support.json
code-server-4.91.1-linux-amd64/node_modules/node-addon-api/node_api.gyp
code-server-4.91.1-linux-amd64/node_modules/node-addon-api/napi.h
code-server-4.91.1-linux-amd64/node_modules/safer-buffer/
code-server-4.91.1-linux-amd64/node_modules/safer-buffer/Porting-Buffer.md
code-server-4.91.1-linux-amd64/node_modules/safer-buffer/safer.js
code-server-4.91.1-linux-amd64/node_modules/safer-buffer/LICENSE
code-server-4.91.1-linux-amd64/node_modules/safer-buffer/package.json
code-server-4.91.1-linux-amd64/node_modules/safer-buffer/tests.js
code-server-4.91.1-linux-amd64/node_modules/safer-buffer/dangerous.js
code-server-4.91.1-linux-amd64/node_modules/safer-buffer/Readme.md
code-server-4.91.1-linux-amd64/node_modules/glob/
code-server-4.91.1-linux-amd64/node_modules/glob/README.md
code-server-4.91.1-linux-amd64/node_modules/glob/LICENSE
code-server-4.91.1-linux-amd64/node_modules/glob/package.json
code-server-4.91.1-linux-amd64/node_modules/glob/common.js
code-server-4.91.1-linux-amd64/node_modules/glob/glob.js
code-server-4.91.1-linux-amd64/node_modules/glob/sync.js
code-server-4.91.1-linux-amd64/node_modules/source-map/
code-server-4.91.1-linux-amd64/node_modules/source-map/source-map.d.ts
code-server-4.91.1-linux-amd64/node_modules/source-map/lib/
code-server-4.91.1-linux-amd64/node_modules/source-map/lib/array-set.js
code-server-4.91.1-linux-amd64/node_modules/source-map/lib/binary-search.js
code-server-4.91.1-linux-amd64/node_modules/source-map/lib/util.js
code-server-4.91.1-linux-amd64/node_modules/source-map/lib/mapping-list.js
code-server-4.91.1-linux-amd64/node_modules/source-map/lib/quick-sort.js
code-server-4.91.1-linux-amd64/node_modules/source-map/lib/source-map-generator.js
code-server-4.91.1-linux-amd64/node_modules/source-map/lib/source-node.js
code-server-4.91.1-linux-amd64/node_modules/source-map/lib/base64-vlq.js
code-server-4.91.1-linux-amd64/node_modules/source-map/lib/base64.js
code-server-4.91.1-linux-amd64/node_modules/source-map/lib/source-map-consumer.js
code-server-4.91.1-linux-amd64/node_modules/source-map/README.md
code-server-4.91.1-linux-amd64/node_modules/source-map/LICENSE
code-server-4.91.1-linux-amd64/node_modules/source-map/source-map.js
code-server-4.91.1-linux-amd64/node_modules/source-map/dist/
code-server-4.91.1-linux-amd64/node_modules/source-map/dist/source-map.debug.js
code-server-4.91.1-linux-amd64/node_modules/source-map/dist/source-map.js
code-server-4.91.1-linux-amd64/node_modules/source-map/dist/source-map.min.js.map
code-server-4.91.1-linux-amd64/node_modules/source-map/dist/source-map.min.js
code-server-4.91.1-linux-amd64/node_modules/source-map/package.json
code-server-4.91.1-linux-amd64/node_modules/source-map/CHANGELOG.md
code-server-4.91.1-linux-amd64/node_modules/negotiator/
code-server-4.91.1-linux-amd64/node_modules/negotiator/lib/
code-server-4.91.1-linux-amd64/node_modules/negotiator/lib/language.js
code-server-4.91.1-linux-amd64/node_modules/negotiator/lib/charset.js
code-server-4.91.1-linux-amd64/node_modules/negotiator/lib/encoding.js
code-server-4.91.1-linux-amd64/node_modules/negotiator/lib/mediaType.js
code-server-4.91.1-linux-amd64/node_modules/negotiator/README.md
code-server-4.91.1-linux-amd64/node_modules/negotiator/LICENSE
code-server-4.91.1-linux-amd64/node_modules/negotiator/index.js
code-server-4.91.1-linux-amd64/node_modules/negotiator/package.json
code-server-4.91.1-linux-amd64/node_modules/negotiator/HISTORY.md
code-server-4.91.1-linux-amd64/node_modules/estraverse/
code-server-4.91.1-linux-amd64/node_modules/estraverse/estraverse.js
code-server-4.91.1-linux-amd64/node_modules/estraverse/README.md
code-server-4.91.1-linux-amd64/node_modules/estraverse/package.json
code-server-4.91.1-linux-amd64/node_modules/estraverse/gulpfile.js
code-server-4.91.1-linux-amd64/node_modules/estraverse/.jshintrc
code-server-4.91.1-linux-amd64/node_modules/estraverse/LICENSE.BSD
code-server-4.91.1-linux-amd64/node_modules/call-bind/
code-server-4.91.1-linux-amd64/node_modules/call-bind/callBound.js
code-server-4.91.1-linux-amd64/node_modules/call-bind/test/
code-server-4.91.1-linux-amd64/node_modules/call-bind/test/callBound.js
code-server-4.91.1-linux-amd64/node_modules/call-bind/test/index.js
code-server-4.91.1-linux-amd64/node_modules/call-bind/.eslintrc
code-server-4.91.1-linux-amd64/node_modules/call-bind/README.md
code-server-4.91.1-linux-amd64/node_modules/call-bind/LICENSE
code-server-4.91.1-linux-amd64/node_modules/call-bind/index.js
code-server-4.91.1-linux-amd64/node_modules/call-bind/.nycrc
code-server-4.91.1-linux-amd64/node_modules/call-bind/.github/
code-server-4.91.1-linux-amd64/node_modules/call-bind/.github/FUNDING.yml
code-server-4.91.1-linux-amd64/node_modules/call-bind/package.json
code-server-4.91.1-linux-amd64/node_modules/call-bind/CHANGELOG.md
code-server-4.91.1-linux-amd64/node_modules/call-bind/node_modules/
code-server-4.91.1-linux-amd64/node_modules/call-bind/node_modules/function-bind/
code-server-4.91.1-linux-amd64/node_modules/call-bind/node_modules/function-bind/.travis.yml
code-server-4.91.1-linux-amd64/node_modules/call-bind/node_modules/function-bind/test/
code-server-4.91.1-linux-amd64/node_modules/call-bind/node_modules/function-bind/test/.eslintrc
code-server-4.91.1-linux-amd64/node_modules/call-bind/node_modules/function-bind/test/index.js
code-server-4.91.1-linux-amd64/node_modules/call-bind/node_modules/function-bind/.editorconfig
code-server-4.91.1-linux-amd64/node_modules/call-bind/node_modules/function-bind/.eslintrc
code-server-4.91.1-linux-amd64/node_modules/call-bind/node_modules/function-bind/README.md
code-server-4.91.1-linux-amd64/node_modules/call-bind/node_modules/function-bind/LICENSE
code-server-4.91.1-linux-amd64/node_modules/call-bind/node_modules/function-bind/index.js
code-server-4.91.1-linux-amd64/node_modules/call-bind/node_modules/function-bind/package.json
code-server-4.91.1-linux-amd64/node_modules/call-bind/node_modules/function-bind/implementation.js
code-server-4.91.1-linux-amd64/node_modules/call-bind/node_modules/function-bind/.jscs.json
code-server-4.91.1-linux-amd64/node_modules/call-bind/node_modules/function-bind/.npmignore
code-server-4.91.1-linux-amd64/node_modules/call-bind/.eslintignore
code-server-4.91.1-linux-amd64/node_modules/proxy-agent/
code-server-4.91.1-linux-amd64/node_modules/proxy-agent/README.md
code-server-4.91.1-linux-amd64/node_modules/proxy-agent/LICENSE
code-server-4.91.1-linux-amd64/node_modules/proxy-agent/dist/
code-server-4.91.1-linux-amd64/node_modules/proxy-agent/dist/index.js.map
code-server-4.91.1-linux-amd64/node_modules/proxy-agent/dist/index.js
code-server-4.91.1-linux-amd64/node_modules/proxy-agent/dist/index.d.ts
code-server-4.91.1-linux-amd64/node_modules/proxy-agent/dist/index.d.ts.map
code-server-4.91.1-linux-amd64/node_modules/proxy-agent/package.json
code-server-4.91.1-linux-amd64/node_modules/proxy-agent/node_modules/
code-server-4.91.1-linux-amd64/node_modules/proxy-agent/node_modules/lru-cache/
code-server-4.91.1-linux-amd64/node_modules/proxy-agent/node_modules/lru-cache/README.md
code-server-4.91.1-linux-amd64/node_modules/proxy-agent/node_modules/lru-cache/LICENSE
code-server-4.91.1-linux-amd64/node_modules/proxy-agent/node_modules/lru-cache/index.js
code-server-4.91.1-linux-amd64/node_modules/proxy-agent/node_modules/lru-cache/package.json
code-server-4.91.1-linux-amd64/node_modules/proxy-agent/node_modules/lru-cache/index.mjs
code-server-4.91.1-linux-amd64/node_modules/proxy-agent/node_modules/lru-cache/index.d.ts
code-server-4.91.1-linux-amd64/node_modules/es6-promisify/
code-server-4.91.1-linux-amd64/node_modules/es6-promisify/README.md
code-server-4.91.1-linux-amd64/node_modules/es6-promisify/LICENSE
code-server-4.91.1-linux-amd64/node_modules/es6-promisify/dist/
code-server-4.91.1-linux-amd64/node_modules/es6-promisify/dist/promisify.js
code-server-4.91.1-linux-amd64/node_modules/es6-promisify/dist/promisify.mjs
code-server-4.91.1-linux-amd64/node_modules/es6-promisify/package.json
code-server-4.91.1-linux-amd64/node_modules/range-parser/
code-server-4.91.1-linux-amd64/node_modules/range-parser/README.md
code-server-4.91.1-linux-amd64/node_modules/range-parser/LICENSE
code-server-4.91.1-linux-amd64/node_modules/range-parser/index.js
code-server-4.91.1-linux-amd64/node_modules/range-parser/package.json
code-server-4.91.1-linux-amd64/node_modules/range-parser/HISTORY.md
code-server-4.91.1-linux-amd64/node_modules/debug/
code-server-4.91.1-linux-amd64/node_modules/debug/README.md
code-server-4.91.1-linux-amd64/node_modules/debug/LICENSE
code-server-4.91.1-linux-amd64/node_modules/debug/package.json
code-server-4.91.1-linux-amd64/node_modules/debug/src/
code-server-4.91.1-linux-amd64/node_modules/debug/src/index.js
code-server-4.91.1-linux-amd64/node_modules/debug/src/browser.js
code-server-4.91.1-linux-amd64/node_modules/debug/src/common.js
code-server-4.91.1-linux-amd64/node_modules/debug/src/node.js
code-server-4.91.1-linux-amd64/node_modules/debug/node_modules/
code-server-4.91.1-linux-amd64/node_modules/debug/node_modules/ms/
code-server-4.91.1-linux-amd64/node_modules/debug/node_modules/ms/license.md
code-server-4.91.1-linux-amd64/node_modules/debug/node_modules/ms/index.js
code-server-4.91.1-linux-amd64/node_modules/debug/node_modules/ms/package.json
code-server-4.91.1-linux-amd64/node_modules/debug/node_modules/ms/readme.md
code-server-4.91.1-linux-amd64/node_modules/xdg-basedir/
code-server-4.91.1-linux-amd64/node_modules/xdg-basedir/license
code-server-4.91.1-linux-amd64/node_modules/xdg-basedir/index.js
code-server-4.91.1-linux-amd64/node_modules/xdg-basedir/package.json
code-server-4.91.1-linux-amd64/node_modules/xdg-basedir/readme.md
code-server-4.91.1-linux-amd64/node_modules/xdg-basedir/index.d.ts
code-server-4.91.1-linux-amd64/node_modules/http-errors/
code-server-4.91.1-linux-amd64/node_modules/http-errors/README.md
code-server-4.91.1-linux-amd64/node_modules/http-errors/LICENSE
code-server-4.91.1-linux-amd64/node_modules/http-errors/index.js
code-server-4.91.1-linux-amd64/node_modules/http-errors/package.json
code-server-4.91.1-linux-amd64/node_modules/http-errors/HISTORY.md
code-server-4.91.1-linux-amd64/node_modules/@humanwhocodes/
code-server-4.91.1-linux-amd64/node_modules/has-symbols/
code-server-4.91.1-linux-amd64/node_modules/has-symbols/test/
code-server-4.91.1-linux-amd64/node_modules/has-symbols/test/index.js
code-server-4.91.1-linux-amd64/node_modules/has-symbols/test/tests.js
code-server-4.91.1-linux-amd64/node_modules/has-symbols/test/shams/
code-server-4.91.1-linux-amd64/node_modules/has-symbols/test/shams/core-js.js
code-server-4.91.1-linux-amd64/node_modules/has-symbols/test/shams/get-own-property-symbols.js
code-server-4.91.1-linux-amd64/node_modules/has-symbols/.eslintrc
code-server-4.91.1-linux-amd64/node_modules/has-symbols/README.md
code-server-4.91.1-linux-amd64/node_modules/has-symbols/LICENSE
code-server-4.91.1-linux-amd64/node_modules/has-symbols/index.js
code-server-4.91.1-linux-amd64/node_modules/has-symbols/.nycrc
code-server-4.91.1-linux-amd64/node_modules/has-symbols/.github/
code-server-4.91.1-linux-amd64/node_modules/has-symbols/.github/FUNDING.yml
code-server-4.91.1-linux-amd64/node_modules/has-symbols/package.json
code-server-4.91.1-linux-amd64/node_modules/has-symbols/shams.js
code-server-4.91.1-linux-amd64/node_modules/has-symbols/CHANGELOG.md
code-server-4.91.1-linux-amd64/node_modules/jsonfile/
code-server-4.91.1-linux-amd64/node_modules/jsonfile/README.md
code-server-4.91.1-linux-amd64/node_modules/jsonfile/LICENSE
code-server-4.91.1-linux-amd64/node_modules/jsonfile/index.js
code-server-4.91.1-linux-amd64/node_modules/jsonfile/package.json
code-server-4.91.1-linux-amd64/node_modules/jsonfile/CHANGELOG.md
code-server-4.91.1-linux-amd64/node_modules/esprima/
code-server-4.91.1-linux-amd64/node_modules/esprima/README.md
code-server-4.91.1-linux-amd64/node_modules/esprima/dist/
code-server-4.91.1-linux-amd64/node_modules/esprima/dist/esprima.js
code-server-4.91.1-linux-amd64/node_modules/esprima/package.json
code-server-4.91.1-linux-amd64/node_modules/esprima/bin/
code-server-4.91.1-linux-amd64/node_modules/esprima/bin/esvalidate.js
code-server-4.91.1-linux-amd64/node_modules/esprima/bin/esparse.js
code-server-4.91.1-linux-amd64/node_modules/esprima/ChangeLog
code-server-4.91.1-linux-amd64/node_modules/esprima/LICENSE.BSD
code-server-4.91.1-linux-amd64/node_modules/detect-libc/
code-server-4.91.1-linux-amd64/node_modules/detect-libc/lib/
code-server-4.91.1-linux-amd64/node_modules/detect-libc/lib/detect-libc.js
code-server-4.91.1-linux-amd64/node_modules/detect-libc/lib/filesystem.js
code-server-4.91.1-linux-amd64/node_modules/detect-libc/lib/process.js
code-server-4.91.1-linux-amd64/node_modules/detect-libc/README.md
code-server-4.91.1-linux-amd64/node_modules/detect-libc/LICENSE
code-server-4.91.1-linux-amd64/node_modules/detect-libc/package.json
code-server-4.91.1-linux-amd64/node_modules/detect-libc/index.d.ts
code-server-4.91.1-linux-amd64/node_modules/tar/
code-server-4.91.1-linux-amd64/node_modules/tar/lib/
code-server-4.91.1-linux-amd64/node_modules/tar/lib/path-reservations.js
code-server-4.91.1-linux-amd64/node_modules/tar/lib/get-write-flag.js
code-server-4.91.1-linux-amd64/node_modules/tar/lib/normalize-unicode.js
code-server-4.91.1-linux-amd64/node_modules/tar/lib/parse.js
code-server-4.91.1-linux-amd64/node_modules/tar/lib/mode-fix.js
code-server-4.91.1-linux-amd64/node_modules/tar/lib/write-entry.js
code-server-4.91.1-linux-amd64/node_modules/tar/lib/header.js
code-server-4.91.1-linux-amd64/node_modules/tar/lib/pax.js
code-server-4.91.1-linux-amd64/node_modules/tar/lib/strip-trailing-slashes.js
code-server-4.91.1-linux-amd64/node_modules/tar/lib/replace.js
code-server-4.91.1-linux-amd64/node_modules/tar/lib/create.js
code-server-4.91.1-linux-amd64/node_modules/tar/lib/update.js
code-server-4.91.1-linux-amd64/node_modules/tar/lib/list.js
code-server-4.91.1-linux-amd64/node_modules/tar/lib/winchars.js
code-server-4.91.1-linux-amd64/node_modules/tar/lib/pack.js
code-server-4.91.1-linux-amd64/node_modules/tar/lib/normalize-windows-path.js
code-server-4.91.1-linux-amd64/node_modules/tar/lib/large-numbers.js
code-server-4.91.1-linux-amd64/node_modules/tar/lib/types.js
code-server-4.91.1-linux-amd64/node_modules/tar/lib/warn-mixin.js
code-server-4.91.1-linux-amd64/node_modules/tar/lib/read-entry.js
code-server-4.91.1-linux-amd64/node_modules/tar/lib/extract.js
code-server-4.91.1-linux-amd64/node_modules/tar/lib/strip-absolute-path.js
code-server-4.91.1-linux-amd64/node_modules/tar/lib/unpack.js
code-server-4.91.1-linux-amd64/node_modules/tar/lib/high-level-opt.js
code-server-4.91.1-linux-amd64/node_modules/tar/lib/mkdir.js
code-server-4.91.1-linux-amd64/node_modules/tar/README.md
code-server-4.91.1-linux-amd64/node_modules/tar/LICENSE
code-server-4.91.1-linux-amd64/node_modules/tar/index.js
code-server-4.91.1-linux-amd64/node_modules/tar/package.json
code-server-4.91.1-linux-amd64/node_modules/tar/node_modules/
code-server-4.91.1-linux-amd64/node_modules/tar/node_modules/minipass/
code-server-4.91.1-linux-amd64/node_modules/tar/node_modules/minipass/README.md
code-server-4.91.1-linux-amd64/node_modules/tar/node_modules/minipass/LICENSE
code-server-4.91.1-linux-amd64/node_modules/tar/node_modules/minipass/index.js
code-server-4.91.1-linux-amd64/node_modules/tar/node_modules/minipass/package.json
code-server-4.91.1-linux-amd64/node_modules/tar/node_modules/minipass/index.mjs
code-server-4.91.1-linux-amd64/node_modules/tar/node_modules/minipass/index.d.ts
code-server-4.91.1-linux-amd64/node_modules/tr46/
code-server-4.91.1-linux-amd64/node_modules/tr46/lib/
code-server-4.91.1-linux-amd64/node_modules/tr46/lib/.gitkeep
code-server-4.91.1-linux-amd64/node_modules/tr46/lib/mappingTable.json
code-server-4.91.1-linux-amd64/node_modules/tr46/index.js
code-server-4.91.1-linux-amd64/node_modules/tr46/package.json
code-server-4.91.1-linux-amd64/node_modules/tr46/.npmignore
code-server-4.91.1-linux-amd64/node_modules/@babel/
code-server-4.91.1-linux-amd64/node_modules/@babel/runtime/
code-server-4.91.1-linux-amd64/node_modules/@babel/runtime/regenerator/
code-server-4.91.1-linux-amd64/node_modules/@babel/runtime/regenerator/index.js
code-server-4.91.1-linux-amd64/node_modules/@babel/runtime/README.md
code-server-4.91.1-linux-amd64/node_modules/@babel/runtime/LICENSE
code-server-4.91.1-linux-amd64/node_modules/@babel/runtime/helpers/
code-server-4.91.1-linux-amd64/node_modules/@babel/runtime/helpers/toArray.js
code-server-4.91.1-linux-amd64/node_modules/@babel/runtime/helpers/superPropBase.js
code-server-4.91.1-linux-amd64/node_modules/@babel/runtime/helpers/wrapRegExp.js
code-server-4.91.1-linux-amd64/node_modules/@babel/runtime/helpers/jsx.js
code-server-4.91.1-linux-amd64/node_modules/@babel/runtime/helpers/assertThisInitialized.js
code-server-4.91.1-linux-amd64/node_modules/@babel/runtime/helpers/interopRequireWildcard.js
code-server-4.91.1-linux-amd64/node_modules/@babel/runtime/helpers/newArrowCheck.js
code-server-4.91.1-linux-amd64/node_modules/@babel/runtime/helpers/isNativeFunction.js
code-server-4.91.1-linux-amd64/node_modules/@babel/runtime/helpers/classApplyDescriptorDestructureSet.js
code-server-4.91.1-linux-amd64/node_modules/@babel/runtime/helpers/iterableToArray.js
code-server-4.91.1-linux-amd64/node_modules/@babel/runtime/helpers/classExtractFieldDescriptor.js
code-server-4.91.1-linux-amd64/node_modules/@babel/runtime/helpers/extends.js
code-server-4.91.1-linux-amd64/node_modules/@babel/runtime/helpers/defineAccessor.js
code-server-4.91.1-linux-amd64/node_modules/@babel/runtime/helpers/defineProperty.js
code-server-4.91.1-linux-amd64/node_modules/@babel/runtime/helpers/temporalRef.js
code-server-4.91.1-linux-amd64/node_modules/@babel/runtime/helpers/classPrivateMethodGet.js
code-server-4.91.1-linux-amd64/node_modules/@babel/runtime/helpers/unsupportedIterableToArray.js
code-server-4.91.1-linux-amd64/node_modules/@babel/runtime/helpers/applyDecoratedDescriptor.js
code-server-4.91.1-linux-amd64/node_modules/@babel/runtime/helpers/awaitAsyncGenerator.js
code-server-4.91.1-linux-amd64/node_modules/@babel/runtime/helpers/importDeferProxy.js
code-server-4.91.1-linux-amd64/node_modules/@babel/runtime/helpers/classApplyDescriptorSet.js
code-server-4.91.1-linux-amd64/node_modules/@babel/runtime/helpers/typeof.js
code-server-4.91.1-linux-amd64/node_modules/@babel/runtime/helpers/createForOfIteratorHelperLoose.js
code-server-4.91.1-linux-amd64/node_modules/@babel/runtime/helpers/classNameTDZError.js
code-server-4.91.1-linux-amd64/node_modules/@babel/runtime/helpers/toPrimitive.js
code-server-4.91.1-linux-amd64/node_modules/@babel/runtime/helpers/construct.js
code-server-4.91.1-linux-amd64/node_modules/@babel/runtime/helpers/objectSpread2.js
code-server-4.91.1-linux-amd64/node_modules/@babel/runtime/helpers/nonIterableSpread.js
code-server-4.91.1-linux-amd64/node_modules/@babel/runtime/helpers/classCheckPrivateStaticFieldDescriptor.js
code-server-4.91.1-linux-amd64/node_modules/@babel/runtime/helpers/objectDestructuringEmpty.js
code-server-4.91.1-linux-amd64/node_modules/@babel/runtime/helpers/classApplyDescriptorGet.js
code-server-4.91.1-linux-amd64/node_modules/@babel/runtime/helpers/writeOnlyError.js
code-server-4.91.1-linux-amd64/node_modules/@babel/runtime/helpers/classStaticPrivateMethodSet.js
code-server-4.91.1-linux-amd64/node_modules/@babel/runtime/helpers/applyDecs2301.js
code-server-4.91.1-linux-amd64/node_modules/@babel/runtime/helpers/temporalUndefined.js
code-server-4.91.1-linux-amd64/node_modules/@babel/runtime/helpers/createForOfIteratorHelper.js
code-server-4.91.1-linux-amd64/node_modules/@babel/runtime/helpers/objectSpread.js
code-server-4.91.1-linux-amd64/node_modules/@babel/runtime/helpers/identity.js
code-server-4.91.1-linux-amd64/node_modules/@babel/runtime/helpers/tdz.js
code-server-4.91.1-linux-amd64/node_modules/@babel/runtime/helpers/arrayLikeToArray.js
code-server-4.91.1-linux-amd64/node_modules/@babel/runtime/helpers/readOnlyError.js
code-server-4.91.1-linux-amd64/node_modules/@babel/runtime/helpers/instanceof.js
code-server-4.91.1-linux-amd64/node_modules/@babel/runtime/helpers/slicedToArray.js
code-server-4.91.1-linux-amd64/node_modules/@babel/runtime/helpers/set.js
code-server-4.91.1-linux-amd64/node_modules/@babel/runtime/helpers/interopRequireDefault.js
code-server-4.91.1-linux-amd64/node_modules/@babel/runtime/helpers/using.js
code-server-4.91.1-linux-amd64/node_modules/@babel/runtime/helpers/setPrototypeOf.js
code-server-4.91.1-linux-amd64/node_modules/@babel/runtime/helpers/classStaticPrivateMethodGet.js
code-server-4.91.1-linux-amd64/node_modules/@babel/runtime/helpers/toPropertyKey.js
code-server-4.91.1-linux-amd64/node_modules/@babel/runtime/helpers/classCallCheck.js
code-server-4.91.1-linux-amd64/node_modules/@babel/runtime/helpers/asyncGeneratorDelegate.js
code-server-4.91.1-linux-amd64/node_modules/@babel/runtime/helpers/esm/
code-server-4.91.1-linux-amd64/node_modules/@babel/runtime/helpers/esm/toArray.js
code-server-4.91.1-linux-amd64/node_modules/@babel/runtime/helpers/esm/superPropBase.js
code-server-4.91.1-linux-amd64/node_modules/@babel/runtime/helpers/esm/wrapRegExp.js
code-server-4.91.1-linux-amd64/node_modules/@babel/runtime/helpers/esm/jsx.js
code-server-4.91.1-linux-amd64/node_modules/@babel/runtime/helpers/esm/assertThisInitialized.js
code-server-4.91.1-linux-amd64/node_modules/@babel/runtime/helpers/esm/interopRequireWildcard.js
code-server-4.91.1-linux-amd64/node_modules/@babel/runtime/helpers/esm/newArrowCheck.js
code-server-4.91.1-linux-amd64/node_modules/@babel/runtime/helpers/esm/isNativeFunction.js
code-server-4.91.1-linux-amd64/node_modules/@babel/runtime/helpers/esm/classApplyDescriptorDestructureSet.js
code-server-4.91.1-linux-amd64/node_modules/@babel/runtime/helpers/esm/iterableToArray.js
code-server-4.91.1-linux-amd64/node_modules/@babel/runtime/helpers/esm/classExtractFieldDescriptor.js
code-server-4.91.1-linux-amd64/node_modules/@babel/runtime/helpers/esm/extends.js
code-server-4.91.1-linux-amd64/node_modules/@babel/runtime/helpers/esm/defineAccessor.js
code-server-4.91.1-linux-amd64/node_modules/@babel/runtime/helpers/esm/defineProperty.js
code-server-4.91.1-linux-amd64/node_modules/@babel/runtime/helpers/esm/temporalRef.js
code-server-4.91.1-linux-amd64/node_modules/@babel/runtime/helpers/esm/classPrivateMethodGet.js
code-server-4.91.1-linux-amd64/node_modules/@babel/runtime/helpers/esm/unsupportedIterableToArray.js
code-server-4.91.1-linux-amd64/node_modules/@babel/runtime/helpers/esm/applyDecoratedDescriptor.js
code-server-4.91.1-linux-amd64/node_modules/@babel/runtime/helpers/esm/awaitAsyncGenerator.js
code-server-4.91.1-linux-amd64/node_modules/@babel/runtime/helpers/esm/importDeferProxy.js
code-server-4.91.1-linux-amd64/node_modules/@babel/runtime/helpers/esm/classApplyDescriptorSet.js
code-server-4.91.1-linux-amd64/node_modules/@babel/runtime/helpers/esm/typeof.js
code-server-4.91.1-linux-amd64/node_modules/@babel/runtime/helpers/esm/createForOfIteratorHelperLoose.js
code-server-4.91.1-linux-amd64/node_modules/@babel/runtime/helpers/esm/classNameTDZError.js
code-server-4.91.1-linux-amd64/node_modules/@babel/runtime/helpers/esm/toPrimitive.js
code-server-4.91.1-linux-amd64/node_modules/@babel/runtime/helpers/esm/construct.js
code-server-4.91.1-linux-amd64/node_modules/@babel/runtime/helpers/esm/objectSpread2.js
code-server-4.91.1-linux-amd64/node_modules/@babel/runtime/helpers/esm/nonIterableSpread.js
code-server-4.91.1-linux-amd64/node_modules/@babel/runtime/helpers/esm/classCheckPrivateStaticFieldDescriptor.js
code-server-4.91.1-linux-amd64/node_modules/@babel/runtime/helpers/esm/objectDestructuringEmpty.js
code-server-4.91.1-linux-amd64/node_modules/@babel/runtime/helpers/esm/classApplyDescriptorGet.js
code-server-4.91.1-linux-amd64/node_modules/@babel/runtime/helpers/esm/writeOnlyError.js
code-server-4.91.1-linux-amd64/node_modules/@babel/runtime/helpers/esm/classStaticPrivateMethodSet.js
code-server-4.91.1-linux-amd64/node_modules/@babel/runtime/helpers/esm/applyDecs2301.js
code-server-4.91.1-linux-amd64/node_modules/@babel/runtime/helpers/esm/temporalUndefined.js
code-server-4.91.1-linux-amd64/node_modules/@babel/runtime/helpers/esm/createForOfIteratorHelper.js
code-server-4.91.1-linux-amd64/node_modules/@babel/runtime/helpers/esm/objectSpread.js
code-server-4.91.1-linux-amd64/node_modules/@babel/runtime/helpers/esm/identity.js
code-server-4.91.1-linux-amd64/node_modules/@babel/runtime/helpers/esm/tdz.js
code-server-4.91.1-linux-amd64/node_modules/@babel/runtime/helpers/esm/arrayLikeToArray.js
code-server-4.91.1-linux-amd64/node_modules/@babel/runtime/helpers/esm/readOnlyError.js
code-server-4.91.1-linux-amd64/node_modules/@babel/runtime/helpers/esm/instanceof.js
code-server-4.91.1-linux-amd64/node_modules/@babel/runtime/helpers/esm/slicedToArray.js
code-server-4.91.1-linux-amd64/node_modules/@babel/runtime/helpers/esm/set.js
code-server-4.91.1-linux-amd64/node_modules/@babel/runtime/helpers/esm/interopRequireDefault.js
code-server-4.91.1-linux-amd64/node_modules/@babel/runtime/helpers/esm/using.js
code-server-4.91.1-linux-amd64/node_modules/@babel/runtime/helpers/esm/setPrototypeOf.js
code-server-4.91.1-linux-amd64/node_modules/@babel/runtime/helpers/esm/classStaticPrivateMethodGet.js
code-server-4.91.1-linux-amd64/node_modules/@babel/runtime/helpers/esm/toPropertyKey.js
code-server-4.91.1-linux-amd64/node_modules/@babel/runtime/helpers/esm/classCallCheck.js
code-server-4.91.1-linux-amd64/node_modules/@babel/runtime/helpers/esm/asyncGeneratorDelegate.js
code-server-4.91.1-linux-amd64/node_modules/@babel/runtime/helpers/esm/classPrivateFieldSet.js
code-server-4.91.1-linux-amd64/node_modules/@babel/runtime/helpers/esm/package.json
code-server-4.91.1-linux-amd64/node_modules/@babel/runtime/helpers/esm/classStaticPrivateFieldSpecGet.js
code-server-4.91.1-linux-amd64/node_modules/@babel/runtime/helpers/esm/defaults.js
code-server-4.91.1-linux-amd64/node_modules/@babel/runtime/helpers/esm/createClass.js
code-server-4.91.1-linux-amd64/node_modules/@babel/runtime/helpers/esm/classCheckPrivateStaticAccess.js
code-server-4.91.1-linux-amd64/node_modules/@babel/runtime/helpers/esm/iterableToArrayLimit.js
code-server-4.91.1-linux-amd64/node_modules/@babel/runtime/helpers/esm/decorate.js
code-server-4.91.1-linux-amd64/node_modules/@babel/runtime/helpers/esm/taggedTemplateLiteral.js
code-server-4.91.1-linux-amd64/node_modules/@babel/runtime/helpers/esm/inherits.js
code-server-4.91.1-linux-amd64/node_modules/@babel/runtime/helpers/esm/classPrivateFieldGet.js
code-server-4.91.1-linux-amd64/node_modules/@babel/runtime/helpers/esm/isNativeReflectConstruct.js
code-server-4.91.1-linux-amd64/node_modules/@babel/runtime/helpers/esm/classPrivateFieldLooseKey.js
code-server-4.91.1-linux-amd64/node_modules/@babel/runtime/helpers/esm/classStaticPrivateFieldDestructureSet.js
code-server-4.91.1-linux-amd64/node_modules/@babel/runtime/helpers/esm/asyncIterator.js
code-server-4.91.1-linux-amd64/node_modules/@babel/runtime/helpers/esm/objectWithoutPropertiesLoose.js
code-server-4.91.1-linux-amd64/node_modules/@babel/runtime/helpers/esm/slicedToArrayLoose.js
code-server-4.91.1-linux-amd64/node_modules/@babel/runtime/helpers/esm/OverloadYield.js
code-server-4.91.1-linux-amd64/node_modules/@babel/runtime/helpers/esm/AwaitValue.js
code-server-4.91.1-linux-amd64/node_modules/@babel/runtime/helpers/esm/toConsumableArray.js
code-server-4.91.1-linux-amd64/node_modules/@babel/runtime/helpers/esm/nullishReceiverError.js
code-server-4.91.1-linux-amd64/node_modules/@babel/runtime/helpers/esm/classPrivateFieldDestructureSet.js
code-server-4.91.1-linux-amd64/node_modules/@babel/runtime/helpers/esm/applyDecs.js
code-server-4.91.1-linux-amd64/node_modules/@babel/runtime/helpers/esm/wrapNativeSuper.js
code-server-4.91.1-linux-amd64/node_modules/@babel/runtime/helpers/esm/AsyncGenerator.js
code-server-4.91.1-linux-amd64/node_modules/@babel/runtime/helpers/esm/wrapAsyncGenerator.js
code-server-4.91.1-linux-amd64/node_modules/@babel/runtime/helpers/esm/checkPrivateRedeclaration.js
code-server-4.91.1-linux-amd64/node_modules/@babel/runtime/helpers/esm/initializerWarningHelper.js
code-server-4.91.1-linux-amd64/node_modules/@babel/runtime/helpers/esm/initializerDefineProperty.js
code-server-4.91.1-linux-amd64/node_modules/@babel/runtime/helpers/esm/asyncToGenerator.js
code-server-4.91.1-linux-amd64/node_modules/@babel/runtime/helpers/esm/classPrivateFieldLooseBase.js
code-server-4.91.1-linux-amd64/node_modules/@babel/runtime/helpers/esm/classPrivateFieldInitSpec.js
code-server-4.91.1-linux-amd64/node_modules/@babel/runtime/helpers/esm/skipFirstGeneratorNext.js
code-server-4.91.1-linux-amd64/node_modules/@babel/runtime/helpers/esm/applyDecs2203.js
code-server-4.91.1-linux-amd64/node_modules/@babel/runtime/helpers/esm/applyDecs2305.js
code-server-4.91.1-linux-amd64/node_modules/@babel/runtime/helpers/esm/defineEnumerableProperties.js
code-server-4.91.1-linux-amd64/node_modules/@babel/runtime/helpers/esm/arrayWithHoles.js
code-server-4.91.1-linux-amd64/node_modules/@babel/runtime/helpers/esm/applyDecs2203R.js
code-server-4.91.1-linux-amd64/node_modules/@babel/runtime/helpers/esm/getPrototypeOf.js
code-server-4.91.1-linux-amd64/node_modules/@babel/runtime/helpers/esm/iterableToArrayLimitLoose.js
code-server-4.91.1-linux-amd64/node_modules/@babel/runtime/helpers/esm/checkInRHS.js
code-server-4.91.1-linux-amd64/node_modules/@babel/runtime/helpers/esm/classStaticPrivateFieldSpecSet.js
code-server-4.91.1-linux-amd64/node_modules/@babel/runtime/helpers/esm/maybeArrayLike.js
code-server-4.91.1-linux-amd64/node_modules/@babel/runtime/helpers/esm/arrayWithoutHoles.js
code-server-4.91.1-linux-amd64/node_modules/@babel/runtime/helpers/esm/inheritsLoose.js
code-server-4.91.1-linux-amd64/node_modules/@babel/runtime/helpers/esm/objectWithoutProperties.js
code-server-4.91.1-linux-amd64/node_modules/@babel/runtime/helpers/esm/classPrivateMethodSet.js
code-server-4.91.1-linux-amd64/node_modules/@babel/runtime/helpers/esm/taggedTemplateLiteralLoose.js
code-server-4.91.1-linux-amd64/node_modules/@babel/runtime/helpers/esm/createSuper.js
code-server-4.91.1-linux-amd64/node_modules/@babel/runtime/helpers/esm/regeneratorRuntime.js
code-server-4.91.1-linux-amd64/node_modules/@babel/runtime/helpers/esm/get.js
code-server-4.91.1-linux-amd64/node_modules/@babel/runtime/helpers/esm/possibleConstructorReturn.js
code-server-4.91.1-linux-amd64/node_modules/@babel/runtime/helpers/esm/nonIterableRest.js
code-server-4.91.1-linux-amd64/node_modules/@babel/runtime/helpers/esm/dispose.js
code-server-4.91.1-linux-amd64/node_modules/@babel/runtime/helpers/esm/classPrivateMethodInitSpec.js
code-server-4.91.1-linux-amd64/node_modules/@babel/runtime/helpers/classPrivateFieldSet.js
code-server-4.91.1-linux-amd64/node_modules/@babel/runtime/helpers/classStaticPrivateFieldSpecGet.js
code-server-4.91.1-linux-amd64/node_modules/@babel/runtime/helpers/defaults.js
code-server-4.91.1-linux-amd64/node_modules/@babel/runtime/helpers/createClass.js
code-server-4.91.1-linux-amd64/node_modules/@babel/runtime/helpers/classCheckPrivateStaticAccess.js
code-server-4.91.1-linux-amd64/node_modules/@babel/runtime/helpers/iterableToArrayLimit.js
code-server-4.91.1-linux-amd64/node_modules/@babel/runtime/helpers/decorate.js
code-server-4.91.1-linux-amd64/node_modules/@babel/runtime/helpers/taggedTemplateLiteral.js
code-server-4.91.1-linux-amd64/node_modules/@babel/runtime/helpers/inherits.js
code-server-4.91.1-linux-amd64/node_modules/@babel/runtime/helpers/classPrivateFieldGet.js
code-server-4.91.1-linux-amd64/node_modules/@babel/runtime/helpers/isNativeReflectConstruct.js
code-server-4.91.1-linux-amd64/node_modules/@babel/runtime/helpers/classPrivateFieldLooseKey.js
code-server-4.91.1-linux-amd64/node_modules/@babel/runtime/helpers/classStaticPrivateFieldDestructureSet.js
code-server-4.91.1-linux-amd64/node_modules/@babel/runtime/helpers/asyncIterator.js
code-server-4.91.1-linux-amd64/node_modules/@babel/runtime/helpers/objectWithoutPropertiesLoose.js
code-server-4.91.1-linux-amd64/node_modules/@babel/runtime/helpers/slicedToArrayLoose.js
code-server-4.91.1-linux-amd64/node_modules/@babel/runtime/helpers/OverloadYield.js
code-server-4.91.1-linux-amd64/node_modules/@babel/runtime/helpers/AwaitValue.js
code-server-4.91.1-linux-amd64/node_modules/@babel/runtime/helpers/toConsumableArray.js
code-server-4.91.1-linux-amd64/node_modules/@babel/runtime/helpers/nullishReceiverError.js
code-server-4.91.1-linux-amd64/node_modules/@babel/runtime/helpers/classPrivateFieldDestructureSet.js
code-server-4.91.1-linux-amd64/node_modules/@babel/runtime/helpers/applyDecs.js
code-server-4.91.1-linux-amd64/node_modules/@babel/runtime/helpers/wrapNativeSuper.js
code-server-4.91.1-linux-amd64/node_modules/@babel/runtime/helpers/AsyncGenerator.js
code-server-4.91.1-linux-amd64/node_modules/@babel/runtime/helpers/wrapAsyncGenerator.js
code-server-4.91.1-linux-amd64/node_modules/@babel/runtime/helpers/checkPrivateRedeclaration.js
code-server-4.91.1-linux-amd64/node_modules/@babel/runtime/helpers/initializerWarningHelper.js
code-server-4.91.1-linux-amd64/node_modules/@babel/runtime/helpers/initializerDefineProperty.js
code-server-4.91.1-linux-amd64/node_modules/@babel/runtime/helpers/asyncToGenerator.js
code-server-4.91.1-linux-amd64/node_modules/@babel/runtime/helpers/classPrivateFieldLooseBase.js
code-server-4.91.1-linux-amd64/node_modules/@babel/runtime/helpers/classPrivateFieldInitSpec.js
code-server-4.91.1-linux-amd64/node_modules/@babel/runtime/helpers/skipFirstGeneratorNext.js
code-server-4.91.1-linux-amd64/node_modules/@babel/runtime/helpers/applyDecs2203.js
code-server-4.91.1-linux-amd64/node_modules/@babel/runtime/helpers/applyDecs2305.js
code-server-4.91.1-linux-amd64/node_modules/@babel/runtime/helpers/defineEnumerableProperties.js
code-server-4.91.1-linux-amd64/node_modules/@babel/runtime/helpers/arrayWithHoles.js
code-server-4.91.1-linux-amd64/node_modules/@babel/runtime/helpers/applyDecs2203R.js
code-server-4.91.1-linux-amd64/node_modules/@babel/runtime/helpers/getPrototypeOf.js
code-server-4.91.1-linux-amd64/node_modules/@babel/runtime/helpers/iterableToArrayLimitLoose.js
code-server-4.91.1-linux-amd64/node_modules/@babel/runtime/helpers/checkInRHS.js
code-server-4.91.1-linux-amd64/node_modules/@babel/runtime/helpers/classStaticPrivateFieldSpecSet.js
code-server-4.91.1-linux-amd64/node_modules/@babel/runtime/helpers/maybeArrayLike.js
code-server-4.91.1-linux-amd64/node_modules/@babel/runtime/helpers/arrayWithoutHoles.js
code-server-4.91.1-linux-amd64/node_modules/@babel/runtime/helpers/inheritsLoose.js
code-server-4.91.1-linux-amd64/node_modules/@babel/runtime/helpers/objectWithoutProperties.js
code-server-4.91.1-linux-amd64/node_modules/@babel/runtime/helpers/classPrivateMethodSet.js
code-server-4.91.1-linux-amd64/node_modules/@babel/runtime/helpers/taggedTemplateLiteralLoose.js
code-server-4.91.1-linux-amd64/node_modules/@babel/runtime/helpers/createSuper.js
code-server-4.91.1-linux-amd64/node_modules/@babel/runtime/helpers/regeneratorRuntime.js
code-server-4.91.1-linux-amd64/node_modules/@babel/runtime/helpers/get.js
code-server-4.91.1-linux-amd64/node_modules/@babel/runtime/helpers/possibleConstructorReturn.js
code-server-4.91.1-linux-amd64/node_modules/@babel/runtime/helpers/nonIterableRest.js
code-server-4.91.1-linux-amd64/node_modules/@babel/runtime/helpers/dispose.js
code-server-4.91.1-linux-amd64/node_modules/@babel/runtime/helpers/classPrivateMethodInitSpec.js
code-server-4.91.1-linux-amd64/node_modules/@babel/runtime/package.json
code-server-4.91.1-linux-amd64/node_modules/npmlog/
code-server-4.91.1-linux-amd64/node_modules/npmlog/README.md
code-server-4.91.1-linux-amd64/node_modules/npmlog/LICENSE
code-server-4.91.1-linux-amd64/node_modules/npmlog/package.json
code-server-4.91.1-linux-amd64/node_modules/npmlog/log.js
code-server-4.91.1-linux-amd64/node_modules/accepts/
code-server-4.91.1-linux-amd64/node_modules/accepts/README.md
code-server-4.91.1-linux-amd64/node_modules/accepts/LICENSE
code-server-4.91.1-linux-amd64/node_modules/accepts/index.js
code-server-4.91.1-linux-amd64/node_modules/accepts/package.json
code-server-4.91.1-linux-amd64/node_modules/accepts/HISTORY.md
code-server-4.91.1-linux-amd64/node_modules/buffer-fill/
code-server-4.91.1-linux-amd64/node_modules/buffer-fill/index.js
code-server-4.91.1-linux-amd64/node_modules/buffer-fill/package.json
code-server-4.91.1-linux-amd64/node_modules/buffer-fill/readme.md
code-server-4.91.1-linux-amd64/out/
code-server-4.91.1-linux-amd64/out/node/
code-server-4.91.1-linux-amd64/out/node/entry.js.map
code-server-4.91.1-linux-amd64/out/node/cli.js.map
code-server-4.91.1-linux-amd64/out/node/heart.js
code-server-4.91.1-linux-amd64/out/node/util.js
code-server-4.91.1-linux-amd64/out/node/settings.js
code-server-4.91.1-linux-amd64/out/node/main.js
code-server-4.91.1-linux-amd64/out/node/i18n/
code-server-4.91.1-linux-amd64/out/node/i18n/index.js.map
code-server-4.91.1-linux-amd64/out/node/i18n/index.js
code-server-4.91.1-linux-amd64/out/node/i18n/locales/
code-server-4.91.1-linux-amd64/out/node/i18n/locales/ur.json
code-server-4.91.1-linux-amd64/out/node/i18n/locales/th.json
code-server-4.91.1-linux-amd64/out/node/i18n/locales/ja.json
code-server-4.91.1-linux-amd64/out/node/i18n/locales/en.json
code-server-4.91.1-linux-amd64/out/node/i18n/locales/zh-cn.json
code-server-4.91.1-linux-amd64/out/node/constants.js.map
code-server-4.91.1-linux-amd64/out/node/update.js.map
code-server-4.91.1-linux-amd64/out/node/constants.js
code-server-4.91.1-linux-amd64/out/node/cli.js
code-server-4.91.1-linux-amd64/out/node/update.js
code-server-4.91.1-linux-amd64/out/node/heart.js.map
code-server-4.91.1-linux-amd64/out/node/main.js.map
code-server-4.91.1-linux-amd64/out/node/wsRouter.js.map
code-server-4.91.1-linux-amd64/out/node/http.js
code-server-4.91.1-linux-amd64/out/node/plugin.js
code-server-4.91.1-linux-amd64/out/node/http.js.map
code-server-4.91.1-linux-amd64/out/node/app.js
code-server-4.91.1-linux-amd64/out/node/proxy.js
code-server-4.91.1-linux-amd64/out/node/wrapper.js.map
code-server-4.91.1-linux-amd64/out/node/vscodeSocket.js.map
code-server-4.91.1-linux-amd64/out/node/vscodeSocket.js
code-server-4.91.1-linux-amd64/out/node/wsRouter.js
code-server-4.91.1-linux-amd64/out/node/app.js.map
code-server-4.91.1-linux-amd64/out/node/entry.js
code-server-4.91.1-linux-amd64/out/node/util.js.map
code-server-4.91.1-linux-amd64/out/node/routes/
code-server-4.91.1-linux-amd64/out/node/routes/logout.js.map
code-server-4.91.1-linux-amd64/out/node/routes/login.js
code-server-4.91.1-linux-amd64/out/node/routes/vscode.js.map
code-server-4.91.1-linux-amd64/out/node/routes/index.js.map
code-server-4.91.1-linux-amd64/out/node/routes/health.js
code-server-4.91.1-linux-amd64/out/node/routes/apps.js
code-server-4.91.1-linux-amd64/out/node/routes/domainProxy.js.map
code-server-4.91.1-linux-amd64/out/node/routes/pathProxy.js.map
code-server-4.91.1-linux-amd64/out/node/routes/apps.js.map
code-server-4.91.1-linux-amd64/out/node/routes/errors.js
code-server-4.91.1-linux-amd64/out/node/routes/login.js.map
code-server-4.91.1-linux-amd64/out/node/routes/domainProxy.js
code-server-4.91.1-linux-amd64/out/node/routes/vscode.js
code-server-4.91.1-linux-amd64/out/node/routes/update.js.map
code-server-4.91.1-linux-amd64/out/node/routes/index.js
code-server-4.91.1-linux-amd64/out/node/routes/update.js
code-server-4.91.1-linux-amd64/out/node/routes/pathProxy.js
code-server-4.91.1-linux-amd64/out/node/routes/health.js.map
code-server-4.91.1-linux-amd64/out/node/routes/errors.js.map
code-server-4.91.1-linux-amd64/out/node/routes/logout.js
code-server-4.91.1-linux-amd64/out/node/socket.js
code-server-4.91.1-linux-amd64/out/node/proxy.js.map
code-server-4.91.1-linux-amd64/out/node/wrapper.js
code-server-4.91.1-linux-amd64/out/node/plugin.js.map
code-server-4.91.1-linux-amd64/out/node/socket.js.map
code-server-4.91.1-linux-amd64/out/node/settings.js.map
code-server-4.91.1-linux-amd64/out/common/
code-server-4.91.1-linux-amd64/out/common/util.js
code-server-4.91.1-linux-amd64/out/common/http.js
code-server-4.91.1-linux-amd64/out/common/http.js.map
code-server-4.91.1-linux-amd64/out/common/emitter.js
code-server-4.91.1-linux-amd64/out/common/emitter.js.map
code-server-4.91.1-linux-amd64/out/common/util.js.map
code-server-4.91.1-linux-amd64/out/browser/
code-server-4.91.1-linux-amd64/out/browser/serviceWorker.js
code-server-4.91.1-linux-amd64/out/browser/serviceWorker.js.map
